CREATE DATABASE  IF NOT EXISTS `woosterizer_dev` /*!40100 DEFAULT CHARACTER SET utf8 */;
USE `woosterizer_dev`;
-- MySQL dump 10.13  Distrib 5.6.17, for Win32 (x86)
--
-- Host: 127.0.0.1    Database: woosterizer_dev
-- ------------------------------------------------------
-- Server version	5.5.5-10.1.10-MariaDB

/*!40101 SET @OLD_CHARACTER_SET_CLIENT=@@CHARACTER_SET_CLIENT */;
/*!40101 SET @OLD_CHARACTER_SET_RESULTS=@@CHARACTER_SET_RESULTS */;
/*!40101 SET @OLD_COLLATION_CONNECTION=@@COLLATION_CONNECTION */;
/*!40101 SET NAMES utf8 */;
/*!40103 SET @OLD_TIME_ZONE=@@TIME_ZONE */;
/*!40103 SET TIME_ZONE='+00:00' */;
/*!40014 SET @OLD_UNIQUE_CHECKS=@@UNIQUE_CHECKS, UNIQUE_CHECKS=0 */;
/*!40014 SET @OLD_FOREIGN_KEY_CHECKS=@@FOREIGN_KEY_CHECKS, FOREIGN_KEY_CHECKS=0 */;
/*!40101 SET @OLD_SQL_MODE=@@SQL_MODE, SQL_MODE='NO_AUTO_VALUE_ON_ZERO' */;
/*!40111 SET @OLD_SQL_NOTES=@@SQL_NOTES, SQL_NOTES=0 */;

--
-- Table structure for table `buildpropertyvalue`
--

DROP TABLE IF EXISTS `buildpropertyvalue`;
/*!40101 SET @saved_cs_client     = @@character_set_client */;
/*!40101 SET character_set_client = utf8 */;
CREATE TABLE `buildpropertyvalue` (
  `BuildPropertyValueId` bigint(20) NOT NULL,
  `VERSION` timestamp NOT NULL DEFAULT CURRENT_TIMESTAMP ON UPDATE CURRENT_TIMESTAMP,
  `CREATEDBY` varchar(30) DEFAULT NULL,
  `UPDATEDBY` varchar(30) DEFAULT NULL,
  `CREATEDON` timestamp NULL DEFAULT NULL,
  `UPDATEDON` timestamp NULL DEFAULT NULL,
  `BuildToPropertyValue` bigint(20) DEFAULT NULL,
  `MasterProperty` bigint(20) DEFAULT NULL,
  `PropertyValue` varchar(2000) DEFAULT NULL,
  PRIMARY KEY (`BuildPropertyValueId`),
  KEY `FK_BuildToPropertyValue` (`BuildToPropertyValue`),
  CONSTRAINT `FK_BuildToPropertyValue` FOREIGN KEY (`BuildToPropertyValue`) REFERENCES `build` (`BUILDID`) ON DELETE CASCADE
) ENGINE=InnoDB DEFAULT CHARSET=utf8;
/*!40101 SET character_set_client = @saved_cs_client */;

--
-- Dumping data for table `buildpropertyvalue`
--

LOCK TABLES `buildpropertyvalue` WRITE;
/*!40000 ALTER TABLE `buildpropertyvalue` DISABLE KEYS */;
INSERT INTO `buildpropertyvalue` VALUES (1,'2016-06-05 19:13:12',NULL,NULL,'2016-06-05 19:13:12','2016-06-05 19:13:12',22,14,'MySQL'),(2,'2016-06-15 21:25:21',NULL,NULL,'2016-06-15 21:25:21','2016-06-15 21:25:21',23,14,'MySQL');
/*!40000 ALTER TABLE `buildpropertyvalue` ENABLE KEYS */;
UNLOCK TABLES;

--
-- Table structure for table `hibernate_sequence`
--

DROP TABLE IF EXISTS `hibernate_sequence`;
/*!40101 SET @saved_cs_client     = @@character_set_client */;
/*!40101 SET character_set_client = utf8 */;
CREATE TABLE `hibernate_sequence` (
  `next_val` bigint(20) DEFAULT NULL
) ENGINE=InnoDB DEFAULT CHARSET=utf8;
/*!40101 SET character_set_client = @saved_cs_client */;

--
-- Dumping data for table `hibernate_sequence`
--

LOCK TABLES `hibernate_sequence` WRITE;
/*!40000 ALTER TABLE `hibernate_sequence` DISABLE KEYS */;
INSERT INTO `hibernate_sequence` VALUES (4);
/*!40000 ALTER TABLE `hibernate_sequence` ENABLE KEYS */;
UNLOCK TABLES;

--
-- Table structure for table `attribute`
--

DROP TABLE IF EXISTS `attribute`;
/*!40101 SET @saved_cs_client     = @@character_set_client */;
/*!40101 SET character_set_client = utf8 */;
CREATE TABLE `attribute` (
  `ATTRIBUTEID` bigint(20) NOT NULL,
  `RELATIONATTRIBUTE` bigint(20) DEFAULT NULL,
  `NAME` varchar(30) NOT NULL,
  `TYPE` int(11) NOT NULL,
  `ATTRIBUTELENGTH` int(11) DEFAULT NULL,
  `ALLOWNULL` tinyint(1) NOT NULL DEFAULT '0',
  `VERSION` timestamp NOT NULL DEFAULT CURRENT_TIMESTAMP ON UPDATE CURRENT_TIMESTAMP,
  `CREATEDBY` varchar(30) DEFAULT NULL,
  `UPDATEDBY` varchar(30) DEFAULT NULL,
  `CREATEDON` timestamp NULL DEFAULT NULL,
  `UPDATEDON` timestamp NULL DEFAULT NULL,
  PRIMARY KEY (`ATTRIBUTEID`),
  KEY `fk_RELATIONATTRIBUTE` (`RELATIONATTRIBUTE`),
  CONSTRAINT `fk_RELATIONATTRIBUTE` FOREIGN KEY (`RELATIONATTRIBUTE`) REFERENCES `relation` (`RELATIONID`) ON DELETE CASCADE ON UPDATE NO ACTION
) ENGINE=InnoDB DEFAULT CHARSET=latin1;
/*!40101 SET character_set_client = @saved_cs_client */;

--
-- Dumping data for table `attribute`
--

LOCK TABLES `attribute` WRITE;
/*!40000 ALTER TABLE `attribute` DISABLE KEYS */;
INSERT INTO `attribute` VALUES (6,13,'myname',0,0,1,'2012-12-23 15:31:42',NULL,NULL,NULL,NULL),(7,16,'PropertyValue',1,2000,0,'2013-01-11 22:06:02',NULL,'paulm',NULL,'2013-01-11 22:05:52'),(14,15,'test',1,4,0,'2013-01-29 23:12:52','paulm',NULL,'2013-01-29 23:12:52',NULL),(15,22,'ImageName',1,150,0,'2013-03-31 18:07:39','paulm',NULL,'2013-03-31 18:07:39',NULL),(64,36,'name',1,40,0,'2012-07-21 22:58:25',NULL,NULL,NULL,NULL),(65,37,'Name',1,30,0,'2012-07-21 22:59:23',NULL,NULL,NULL,NULL),(66,37,'type',2,0,0,'2012-07-21 22:59:37',NULL,NULL,NULL,NULL),(69,38,'name',1,30,0,'2012-07-21 23:01:14',NULL,NULL,NULL,NULL),(70,38,'lastmodified',9,0,1,'2012-07-21 23:01:35',NULL,NULL,NULL,NULL),(71,38,'lastbuilt',9,0,1,'2012-07-21 23:01:50',NULL,NULL,NULL,NULL),(72,38,'frozen',3,0,1,'2012-07-21 23:02:15',NULL,NULL,NULL,NULL),(73,39,'name',1,30,0,'2012-07-21 23:04:29',NULL,NULL,NULL,NULL),(74,39,'type',2,0,0,'2012-07-21 23:04:43',NULL,NULL,NULL,NULL),(75,39,'attributelength',2,0,1,'2012-07-21 23:05:10',NULL,NULL,NULL,NULL),(76,39,'allownull',3,0,0,'2012-07-21 23:05:23',NULL,NULL,NULL,NULL),(139,66,'Name',1,30,0,'2012-07-25 19:43:16',NULL,NULL,NULL,NULL),(140,66,'AppID',2,0,1,'2012-07-25 19:43:35',NULL,NULL,NULL,NULL),(141,67,'UserName',1,30,0,'2012-07-25 19:44:45',NULL,NULL,NULL,NULL),(142,67,'Password',1,64,0,'2012-07-25 19:45:02',NULL,NULL,NULL,NULL),(143,67,'AppID',2,0,1,'2012-07-25 19:45:20',NULL,NULL,NULL,NULL),(144,67,'Email',1,254,1,'2012-07-25 19:45:42',NULL,NULL,NULL,NULL),(146,69,'Name',1,40,0,'2012-07-26 15:09:01',NULL,NULL,NULL,NULL),(147,70,'Name',1,40,0,'2012-07-26 15:09:36',NULL,NULL,NULL,NULL),(148,71,'Name',1,40,0,'2012-07-26 15:10:30',NULL,NULL,NULL,NULL),(149,74,'PropertyValue',1,2000,0,'2015-11-13 21:57:10',NULL,NULL,NULL,'2015-11-13 21:57:10'),(150,73,'PropertyValue',1,2000,0,'2012-07-26 15:52:44',NULL,NULL,NULL,NULL),(151,75,'Name',1,40,0,'2012-07-26 15:54:20',NULL,NULL,NULL,NULL),(152,76,'Name',1,40,0,'2012-07-26 15:59:53',NULL,NULL,NULL,NULL),(153,76,'DisplayControl',2,0,0,'2012-07-26 16:00:46',NULL,NULL,NULL,NULL),(154,76,'Notes',1,256,1,'2012-07-26 16:00:57',NULL,NULL,NULL,NULL),(157,72,'Name',1,40,0,'2012-08-01 15:34:04',NULL,NULL,NULL,NULL),(158,78,'Name',1,40,0,'2012-08-01 17:54:48',NULL,NULL,NULL,NULL),(159,78,'ProjectPath',1,256,0,'2012-08-01 17:55:03',NULL,NULL,NULL,NULL),(160,78,'ebjname',1,40,0,'2012-08-01 17:55:26',NULL,NULL,NULL,NULL),(161,78,'warname',1,40,0,'2012-08-01 17:55:49',NULL,NULL,NULL,NULL),(162,78,'persistencename',1,999,0,'2012-11-10 19:54:16',NULL,NULL,NULL,NULL),(163,78,'packagecom',1,40,0,'2012-08-01 17:56:37',NULL,NULL,NULL,NULL),(164,78,'packagedot',1,40,0,'2012-08-01 17:56:51',NULL,NULL,NULL,NULL),(165,79,'Name',1,40,0,'2012-08-02 21:01:22',NULL,NULL,NULL,NULL),(166,80,'Name',1,40,0,'2012-08-02 21:02:36',NULL,NULL,NULL,NULL),(170,99,'testattribute',5,0,1,'2015-11-15 04:04:59',NULL,NULL,NULL,'2015-11-15 04:04:59'),(172,69,'DefaultValue',1,40,1,'2012-08-31 21:21:11',NULL,NULL,NULL,NULL),(173,69,'Notes',1,999,1,'2012-09-01 05:57:45',NULL,NULL,NULL,NULL),(174,102,'Name',1,40,0,'2012-09-01 09:13:39',NULL,NULL,NULL,NULL),(175,102,'Code',1,10,0,'2012-09-01 09:14:32',NULL,NULL,NULL,NULL),(176,102,'Display',1,40,0,'2012-09-01 09:15:07',NULL,NULL,NULL,NULL),(177,103,'Name',1,40,0,'2012-09-01 21:57:37',NULL,NULL,NULL,NULL),(178,104,'Code',1,5,0,'2012-09-01 21:59:17',NULL,NULL,NULL,NULL),(179,104,'Label',1,40,0,'2012-09-01 21:59:26',NULL,NULL,NULL,NULL),(187,78,'host',1,256,1,'2012-11-21 17:13:44',NULL,NULL,NULL,NULL),(188,78,'port',2,0,1,'2012-11-21 17:13:58',NULL,NULL,NULL,NULL),(189,78,'databaseserver',1,256,1,'2012-11-21 17:14:23',NULL,NULL,NULL,NULL),(190,78,'databaseName',1,256,1,'2012-11-21 17:14:45',NULL,NULL,NULL,NULL),(191,78,'membershipserver',1,256,1,'2012-11-21 17:15:10',NULL,NULL,NULL,NULL),(192,78,'templatepath',1,260,1,'2012-11-21 17:16:42',NULL,NULL,NULL,NULL),(193,78,'toolspath',1,260,1,'2012-11-21 17:17:11',NULL,NULL,NULL,NULL),(194,78,'libpath',1,260,1,'2012-11-21 17:18:05',NULL,NULL,NULL,NULL),(195,78,'servertype',2,0,1,'2012-11-21 17:19:12',NULL,NULL,NULL,NULL),(196,78,'hostplatform',2,0,1,'2012-11-21 17:19:34',NULL,NULL,NULL,NULL),(198,78,'MembershipDatabase',1,256,1,'2012-11-25 02:35:46',NULL,NULL,NULL,NULL),(199,113,'MembershipServer',1,256,1,'2012-11-25 02:42:40',NULL,NULL,NULL,NULL),(200,113,'MembershipDatabase',1,256,0,'2012-11-25 02:43:04',NULL,NULL,NULL,NULL),(201,113,'DatabaseServer',1,256,0,'2012-11-25 02:44:16',NULL,NULL,NULL,NULL),(202,113,'DatabaseName',1,256,0,'2012-11-25 02:44:39',NULL,NULL,NULL,NULL),(203,78,'serviceHost',1,256,1,'2012-11-25 21:15:40',NULL,NULL,NULL,NULL),(204,78,'servicePort',2,0,1,'2012-11-25 21:15:56',NULL,NULL,NULL,NULL),(205,117,'Name',4,1,1,'2015-11-14 05:09:24',NULL,'14','2015-11-13 21:13:40','2015-11-14 05:09:24'),(206,118,'LeoWanker',11,0,1,'2015-11-27 01:44:37',NULL,NULL,'2015-11-14 05:09:47','2015-11-14 05:09:47'),(207,119,'Myself',3,0,1,'2015-11-27 01:44:37',NULL,NULL,'2015-11-14 23:35:25','2015-11-14 23:38:53'),(208,119,'Brask',4,0,0,'2015-11-27 01:44:37',NULL,NULL,'2015-11-14 23:36:50','2015-11-14 23:38:55'),(212,121,'One',5,0,0,'2015-11-27 01:44:37',NULL,NULL,'2015-11-15 00:20:05','2015-11-15 00:20:05'),(213,121,'Two',1,0,0,'2015-11-27 01:44:37',NULL,NULL,'2015-11-15 00:20:19','2015-11-15 00:20:19'),(214,120,'One',6,0,0,'2015-11-27 01:44:37',NULL,NULL,'2015-11-15 00:20:47','2015-11-15 00:20:47'),(215,100,'Second',3,0,1,'2015-11-27 01:44:37',NULL,NULL,'2015-11-15 04:05:25','2015-11-15 04:05:25'),(216,122,'Test Attribute',1,0,1,'2015-11-27 01:44:37',NULL,NULL,'2015-11-16 03:31:03','2015-11-16 03:31:03'),(219,123,'child',1,0,1,'2015-11-27 01:44:37',NULL,NULL,'2015-11-16 03:32:30','2015-11-16 03:32:30'),(220,124,'Name',1,0,0,'2015-11-27 01:44:37',NULL,NULL,'2015-11-17 00:34:41','2015-11-17 00:34:41'),(225,125,'FirstName',1,25,0,'2016-05-02 20:55:59',NULL,NULL,'2015-12-30 22:17:30','2016-05-02 20:55:59'),(226,125,'LastName',1,88,0,'2016-05-02 20:56:05',NULL,NULL,'2015-12-30 22:17:57','2016-05-02 20:56:05'),(227,126,'Name',1,25,0,'2016-05-01 16:40:32',NULL,NULL,'2015-12-30 22:18:24','2016-05-01 16:40:32'),(228,127,'FirstName',1,NULL,0,'2015-12-30 22:18:46',NULL,NULL,'2015-12-30 22:18:46','2015-12-30 22:18:46'),(230,130,'Abraham',1,NULL,0,'2016-01-01 19:43:55',NULL,NULL,'2016-01-01 19:43:55','2016-01-01 19:43:55'),(231,133,'ProductName',1,NULL,0,'2016-01-02 00:47:16',NULL,NULL,'2016-01-02 00:47:16','2016-01-02 00:47:16'),(232,133,'ProductType',2,NULL,0,'2016-01-02 00:47:31',NULL,NULL,'2016-01-02 00:47:31','2016-01-02 00:47:31'),(233,138,'ID',1,NULL,0,'2016-01-04 20:42:09',NULL,NULL,'2016-01-04 20:42:09','2016-01-04 20:42:09'),(234,138,'DateDue',4,NULL,0,'2016-01-04 20:42:27',NULL,NULL,'2016-01-04 20:42:27','2016-01-04 20:42:27'),(235,138,'DateReceived',4,NULL,1,'2016-01-04 20:42:41',NULL,NULL,'2016-01-04 20:42:41','2016-01-04 20:42:41'),(236,138,'Amount',5,NULL,0,'2016-01-04 20:42:57',NULL,NULL,'2016-01-04 20:42:57','2016-01-04 20:42:57'),(237,139,'Description',1,NULL,0,'2016-01-04 20:43:25',NULL,NULL,'2016-01-04 20:43:25','2016-01-04 20:43:25'),(238,139,'Amount',5,NULL,0,'2016-01-04 20:43:51',NULL,NULL,'2016-01-04 20:43:51','2016-01-04 20:43:51'),(239,139,'Discount',5,NULL,0,'2016-01-04 20:44:08',NULL,NULL,'2016-01-04 20:44:08','2016-01-04 20:44:08'),(240,135,'Amount',2,NULL,0,'2016-01-04 20:44:27',NULL,NULL,'2016-01-04 20:44:27','2016-01-04 20:44:27'),(241,135,'Taxable',3,NULL,0,'2016-01-04 20:44:49',NULL,NULL,'2016-01-04 20:44:49','2016-01-04 20:44:49'),(242,140,'Name',1,50,0,'2016-01-16 23:57:59',NULL,NULL,'2016-01-16 23:57:59','2016-01-16 23:57:59'),(243,140,'GroupName',1,50,0,'2016-01-18 17:48:32',NULL,NULL,'2016-01-17 00:27:29','2016-01-18 17:48:32'),(244,141,'NationalIDNumber',1,15,0,'2016-01-17 05:37:48',NULL,NULL,'2016-01-17 00:32:19','2016-01-17 05:37:48'),(245,141,'LoginID',1,256,0,'2016-01-17 00:33:17',NULL,NULL,'2016-01-17 00:33:17','2016-01-17 00:33:17'),(246,141,'JobTitle',1,50,0,'2016-01-17 05:38:08',NULL,NULL,'2016-01-17 05:36:01','2016-01-17 05:38:08'),(247,141,'OrganizaitonLevel',2,NULL,0,'2016-01-17 06:00:14',NULL,NULL,'2016-01-17 06:00:14','2016-01-17 06:00:14'),(248,142,'first_name',1,45,0,'2016-01-17 16:21:05',NULL,NULL,'2016-01-17 16:21:05','2016-01-17 16:21:05'),(249,142,'last_name',1,45,0,'2016-01-17 16:21:25',NULL,NULL,'2016-01-17 16:21:25','2016-01-17 16:21:25'),(250,142,'last_update',4,NULL,0,'2016-01-17 16:22:03',NULL,NULL,'2016-01-17 16:22:03','2016-01-17 16:22:03'),(251,143,'address',1,50,0,'2016-01-17 16:22:46',NULL,NULL,'2016-01-17 16:22:46','2016-01-17 16:22:46'),(253,143,'address2',1,55,0,'2016-01-17 16:23:53',NULL,NULL,'2016-01-17 16:23:53','2016-01-17 16:23:53'),(254,143,'district',1,20,0,'2016-01-17 16:24:18',NULL,NULL,'2016-01-17 16:24:18','2016-01-17 16:24:18'),(255,143,'postal_code',1,10,0,'2016-01-17 16:24:44',NULL,NULL,'2016-01-17 16:24:44','2016-01-17 16:24:44'),(256,143,'phone',1,20,0,'2016-01-17 16:25:03',NULL,NULL,'2016-01-17 16:25:03','2016-01-17 16:25:03'),(257,144,'Name',1,25,0,'2016-01-17 16:26:29',NULL,NULL,'2016-01-17 16:26:29','2016-01-17 16:26:29'),(258,145,'city',1,50,0,'2016-01-17 16:27:08',NULL,NULL,'2016-01-17 16:27:08','2016-01-17 16:27:08'),(259,146,'country',1,50,0,'2016-01-17 16:40:31',NULL,NULL,'2016-01-17 16:40:31','2016-01-17 16:40:31'),(260,147,'first_name',1,45,0,'2016-01-17 23:26:50',NULL,NULL,'2016-01-17 23:26:50','2016-01-17 23:26:50'),(261,147,'last_name',1,45,0,'2016-01-17 23:27:19',NULL,NULL,'2016-01-17 23:27:19','2016-01-17 23:27:19'),(262,147,'email',1,50,0,'2016-01-17 23:31:36',NULL,NULL,'2016-01-17 23:31:36','2016-01-17 23:31:36'),(263,147,'active',3,NULL,0,'2016-01-17 23:32:18',NULL,NULL,'2016-01-17 23:32:18','2016-01-17 23:32:18'),(264,148,'title',1,255,0,'2016-01-17 23:33:00',NULL,NULL,'2016-01-17 23:33:00','2016-01-17 23:33:00'),(265,148,'description',13,NULL,1,'2016-01-17 23:33:31',NULL,NULL,'2016-01-17 23:33:31','2016-01-17 23:33:31'),(266,148,'release_year',2,NULL,1,'2016-01-17 23:34:03',NULL,NULL,'2016-01-17 23:34:03','2016-01-17 23:34:03'),(267,148,'rental_duration',8,NULL,1,'2016-01-18 00:02:25',NULL,NULL,'2016-01-18 00:02:25','2016-01-18 00:02:25'),(268,148,'rental_rate',5,NULL,1,'2016-01-18 00:02:54',NULL,NULL,'2016-01-18 00:02:54','2016-01-18 00:02:54'),(269,148,'length',8,NULL,1,'2016-01-18 00:03:13',NULL,NULL,'2016-01-18 00:03:13','2016-01-18 00:03:13'),(270,148,'replacement_cost',5,NULL,1,'2016-01-18 00:03:34',NULL,NULL,'2016-01-18 00:03:34','2016-01-18 00:03:34'),(271,149,'title',1,255,0,'2016-01-18 00:53:42',NULL,NULL,'2016-01-18 00:53:42','2016-01-18 00:53:42'),(272,157,'fred',1,88,1,'2016-01-19 02:56:39',NULL,NULL,'2016-01-19 02:56:39','2016-01-19 02:56:39'),(273,156,'testingit',1,45,1,'2016-01-19 03:08:14',NULL,NULL,'2016-01-19 03:08:14','2016-01-19 03:08:14'),(274,156,'testing002',1,88,1,'2016-01-19 03:08:36',NULL,NULL,'2016-01-19 03:08:36','2016-01-19 03:08:36'),(275,156,'testing003',1,88,1,'2016-01-19 03:15:45',NULL,NULL,'2016-01-19 03:15:45','2016-01-19 03:15:45'),(276,156,'testing8',3,NULL,0,'2016-01-19 03:15:57',NULL,NULL,'2016-01-19 03:15:57','2016-01-19 03:15:57'),(277,159,'PropertyValue',1,2000,0,'2016-01-20 18:07:08',NULL,NULL,'2016-01-20 18:07:08','2016-01-20 18:07:08'),(278,160,'FirstName',3,NULL,0,'2016-01-20 21:14:49',NULL,NULL,'2016-01-20 21:14:49','2016-01-20 21:14:49'),(279,161,'FirstName',3,NULL,0,'2016-01-20 21:15:39',NULL,NULL,'2016-01-20 21:15:39','2016-01-20 21:15:39'),(280,162,'FirstName',1,34,0,'2016-01-20 21:46:37',NULL,NULL,'2016-01-20 21:46:37','2016-01-20 21:46:37'),(281,162,'LastName',5,NULL,1,'2016-01-20 21:50:32',NULL,NULL,'2016-01-20 21:50:32','2016-01-20 21:50:32'),(282,162,'Address',1,88,0,'2016-01-20 21:50:43',NULL,NULL,'2016-01-20 21:50:43','2016-01-20 21:50:43'),(283,163,'Wino',2,NULL,0,'2016-01-27 00:23:07',NULL,NULL,'2016-01-27 00:23:07','2016-01-27 00:23:07'),(284,164,'firstName',8,12,0,'2016-02-11 01:39:33',NULL,NULL,'2016-02-10 03:50:12','2016-02-11 01:39:33'),(287,132,'IsEndangered',3,NULL,0,'2016-05-02 16:40:53',NULL,NULL,'2016-05-02 16:40:53','2016-05-02 16:40:53'),(288,167,'ServerName',1,256,0,'2016-06-13 20:15:52',NULL,NULL,'2016-06-13 20:15:52','2016-06-13 20:15:52'),(289,167,'Port',2,NULL,1,'2016-06-13 20:16:05',NULL,NULL,'2016-06-13 20:16:05','2016-06-13 20:16:05'),(290,167,'UserName',1,256,1,'2016-06-13 20:20:29',NULL,NULL,'2016-06-13 20:20:06','2016-06-13 20:20:29'),(291,167,'Password',1,256,1,'2016-06-13 20:20:31',NULL,NULL,'2016-06-13 20:20:19','2016-06-13 20:20:31'),(292,168,'Major',2,NULL,0,'2016-06-13 20:21:03',NULL,NULL,'2016-06-13 20:21:03','2016-06-13 20:21:03'),(293,168,'Minor',2,NULL,0,'2016-06-13 20:21:17',NULL,NULL,'2016-06-13 20:21:17','2016-06-13 20:21:17'),(294,168,'Release',2,NULL,0,'2016-06-13 20:21:30',NULL,NULL,'2016-06-13 20:21:30','2016-06-13 20:21:30'),(295,167,'DateOfLastConnection',15,NULL,1,'2016-06-13 20:22:27',NULL,NULL,'2016-06-13 20:21:58','2016-06-13 20:22:27'),(297,167,'DatabaseName',1,256,0,'2016-06-13 20:28:40',NULL,NULL,'2016-06-13 20:28:40','2016-06-13 20:28:40'),(298,167,'DatabaseType',2,NULL,0,'2016-06-13 20:28:58',NULL,NULL,'2016-06-13 20:28:58','2016-06-13 20:28:58'),(299,167,'ConnectionType',2,NULL,0,'2016-06-13 20:29:27',NULL,NULL,'2016-06-13 20:29:27','2016-06-13 20:29:27'),(301,169,'DateOfImport',15,NULL,0,'2016-06-13 20:50:57',NULL,NULL,'2016-06-13 20:50:57','2016-06-13 20:50:57'),(302,171,'IsIgnored',3,NULL,0,'2016-06-13 20:51:35',NULL,NULL,'2016-06-13 20:51:35','2016-06-13 20:51:35'),(303,169,'RemoveTablePrefix',3,NULL,0,'2016-06-15 16:24:33',NULL,NULL,'2016-06-15 16:24:33','2016-06-15 16:24:33'),(304,169,'TablePrefixPattern',1,30,1,'2016-06-15 16:25:03',NULL,NULL,'2016-06-15 16:25:03','2016-06-15 16:25:03'),(305,169,'ExcludePrimaryKeys',3,NULL,0,'2016-06-15 16:26:37',NULL,NULL,'2016-06-15 16:26:37','2016-06-15 16:26:37'),(334,177,'SourceValue',1,999,1,'2016-06-26 20:51:02',NULL,NULL,'2016-06-24 15:21:44','2016-06-26 20:51:02'),(335,177,'TargetValue',1,999,1,'2016-06-26 20:51:04',NULL,NULL,'2016-06-24 15:21:59','2016-06-26 20:51:04'),(338,178,'Category',2,NULL,1,'2016-06-24 15:23:54',NULL,NULL,'2016-06-24 15:23:54','2016-06-24 15:23:54'),(339,178,'Notes',13,32000,1,'2016-06-24 15:24:27',NULL,NULL,'2016-06-24 15:24:27','2016-06-24 15:24:27'),(342,178,'FromDescription',1,30,0,'2016-06-30 18:51:45',NULL,NULL,'2016-06-28 23:20:33','2016-06-30 18:51:45'),(343,178,'ToDescription',1,30,0,'2016-06-30 18:51:46',NULL,NULL,'2016-06-28 23:20:52','2016-06-30 18:51:46'),(344,178,'SystemCode',1,30,1,'2016-07-10 15:20:52',NULL,NULL,'2016-07-10 15:20:52','2016-07-10 15:20:52'),(345,185,'BatchDate',4,NULL,0,'2016-07-16 02:34:48',NULL,NULL,'2016-07-16 02:34:48','2016-07-16 02:34:48'),(346,185,'BatchNote',1,200,1,'2016-07-16 02:34:55',NULL,NULL,'2016-07-16 02:34:55','2016-07-16 02:34:55'),(347,185,'BatchRef',1,20,0,'2016-07-16 02:34:56',NULL,NULL,'2016-07-16 02:34:56','2016-07-16 02:34:56'),(348,185,'CreatedBy',1,20,1,'2016-07-16 02:34:59',NULL,NULL,'2016-07-16 02:34:59','2016-07-16 02:34:59'),(349,185,'CreatedDate',15,NULL,1,'2016-07-16 02:35:03',NULL,NULL,'2016-07-16 02:35:03','2016-07-16 02:35:03'),(350,185,'SiteID',2,NULL,0,'2016-07-16 02:35:03',NULL,NULL,'2016-07-16 02:35:03','2016-07-16 02:35:03'),(351,185,'TranID',2,NULL,0,'2016-07-16 02:35:03',NULL,NULL,'2016-07-16 02:35:03','2016-07-16 02:35:03'),(352,185,'UpdatedBy',1,20,1,'2016-07-16 02:35:03',NULL,NULL,'2016-07-16 02:35:03','2016-07-16 02:35:03'),(353,185,'UpdatedDate',4,NULL,1,'2016-07-16 02:35:03',NULL,NULL,'2016-07-16 02:35:03','2016-07-16 02:35:03'),(354,186,'Activity',1,20,1,'2016-07-16 02:37:28',NULL,NULL,'2016-07-16 02:37:28','2016-07-16 02:37:28'),(355,186,'AgeCutOffDay',8,NULL,1,'2016-07-16 02:37:28',NULL,NULL,'2016-07-16 02:37:28','2016-07-16 02:37:28'),(356,186,'AgeCutOffMonth',8,NULL,1,'2016-07-16 02:37:28',NULL,NULL,'2016-07-16 02:37:28','2016-07-16 02:37:28'),(357,186,'AgeGrp',1,20,1,'2016-07-16 02:37:28',NULL,NULL,'2016-07-16 02:37:28','2016-07-16 02:37:28'),(358,186,'AgeGrpName',1,20,1,'2016-07-16 02:37:28',NULL,NULL,'2016-07-16 02:37:28','2016-07-16 02:37:28'),(359,186,'AgeGrpType',1,12,1,'2016-07-16 02:37:28',NULL,NULL,'2016-07-16 02:37:28','2016-07-16 02:37:28'),(360,186,'AgeYearFrom',8,NULL,1,'2016-07-16 02:37:28',NULL,NULL,'2016-07-16 02:37:28','2016-07-16 02:37:28'),(361,186,'AgeYearTo',8,NULL,1,'2016-07-16 02:37:28',NULL,NULL,'2016-07-16 02:37:28','2016-07-16 02:37:28'),(362,186,'CreatedBy',1,20,1,'2016-07-16 02:37:28',NULL,NULL,'2016-07-16 02:37:28','2016-07-16 02:37:28'),(363,186,'CreatedDate',15,NULL,1,'2016-07-16 02:37:29',NULL,NULL,'2016-07-16 02:37:29','2016-07-16 02:37:29'),(364,186,'GameDuration',8,NULL,1,'2016-07-16 02:37:29',NULL,NULL,'2016-07-16 02:37:29','2016-07-16 02:37:29'),(365,186,'Grade',1,20,1,'2016-07-16 02:37:29',NULL,NULL,'2016-07-16 02:37:29','2016-07-16 02:37:29'),(366,186,'IdealRosterSize',8,NULL,1,'2016-07-16 02:37:29',NULL,NULL,'2016-07-16 02:37:29','2016-07-16 02:37:29'),(367,186,'SchoolPlayerLimit',8,NULL,1,'2016-07-16 02:37:29',NULL,NULL,'2016-07-16 02:37:29','2016-07-16 02:37:29'),(368,186,'Sequence',8,NULL,1,'2016-07-16 02:37:29',NULL,NULL,'2016-07-16 02:37:29','2016-07-16 02:37:29'),(369,186,'SiteID',2,NULL,0,'2016-07-16 02:37:29',NULL,NULL,'2016-07-16 02:37:29','2016-07-16 02:37:29'),(370,186,'TranID',2,NULL,0,'2016-07-16 02:37:29',NULL,NULL,'2016-07-16 02:37:29','2016-07-16 02:37:29'),(371,186,'UpdatedBy',1,20,1,'2016-07-16 02:37:29',NULL,NULL,'2016-07-16 02:37:29','2016-07-16 02:37:29'),(372,186,'UpdatedDate',4,NULL,1,'2016-07-16 02:37:29',NULL,NULL,'2016-07-16 02:37:29','2016-07-16 02:37:29'),(373,186,'YearofPlay',8,NULL,1,'2016-07-16 02:37:29',NULL,NULL,'2016-07-16 02:37:29','2016-07-16 02:37:29'),(374,187,'AccountCode',1,50,1,'2016-07-16 02:39:38',NULL,NULL,'2016-07-16 02:39:38','2016-07-16 02:39:38'),(375,187,'Category',1,20,1,'2016-07-16 02:39:38',NULL,NULL,'2016-07-16 02:39:38','2016-07-16 02:39:38'),(376,187,'CreatedBy',1,20,1,'2016-07-16 02:39:38',NULL,NULL,'2016-07-16 02:39:38','2016-07-16 02:39:38'),(377,187,'CreatedDate',15,NULL,1,'2016-07-16 02:39:38',NULL,NULL,'2016-07-16 02:39:38','2016-07-16 02:39:38'),(378,187,'Description',1,1000,1,'2016-07-16 02:39:38',NULL,NULL,'2016-07-16 02:39:38','2016-07-16 02:39:38'),(379,187,'EarlyPaymentDisc',11,NULL,1,'2016-07-16 02:39:38',NULL,NULL,'2016-07-16 02:39:38','2016-07-16 02:39:38'),(380,187,'EventLocCode',1,20,1,'2016-07-16 02:39:39',NULL,NULL,'2016-07-16 02:39:39','2016-07-16 02:39:39'),(381,187,'HouseDiscount',8,NULL,1,'2016-07-16 02:39:39',NULL,NULL,'2016-07-16 02:39:39','2016-07-16 02:39:39'),(382,187,'HouseDiscountAmt',11,NULL,1,'2016-07-16 02:39:39',NULL,NULL,'2016-07-16 02:39:39','2016-07-16 02:39:39'),(383,187,'ImageURL',1,250,1,'2016-07-16 02:39:39',NULL,NULL,'2016-07-16 02:39:39','2016-07-16 02:39:39'),(384,187,'Installment',8,NULL,1,'2016-07-16 02:39:39',NULL,NULL,'2016-07-16 02:39:39','2016-07-16 02:39:39'),(385,187,'InstallmentDeposit',11,NULL,1,'2016-07-16 02:39:39',NULL,NULL,'2016-07-16 02:39:39','2016-07-16 02:39:39'),(386,187,'Interval',8,NULL,1,'2016-07-16 02:39:39',NULL,NULL,'2016-07-16 02:39:39','2016-07-16 02:39:39'),(387,187,'isAdmin',8,NULL,1,'2016-07-16 02:39:39',NULL,NULL,'2016-07-16 02:39:39','2016-07-16 02:39:39'),(388,187,'isArchive',8,NULL,1,'2016-07-16 02:39:39',NULL,NULL,'2016-07-16 02:39:39','2016-07-16 02:39:39'),(389,187,'ItemCopy',8,NULL,1,'2016-07-16 02:39:39',NULL,NULL,'2016-07-16 02:39:39','2016-07-16 02:39:39'),(390,187,'ItemType',1,12,0,'2016-07-16 02:39:39',NULL,NULL,'2016-07-16 02:39:39','2016-07-16 02:39:39'),(391,187,'LatePaymentFee',11,NULL,1,'2016-07-16 02:39:39',NULL,NULL,'2016-07-16 02:39:39','2016-07-16 02:39:39'),(392,187,'League',1,12,1,'2016-07-16 02:39:39',NULL,NULL,'2016-07-16 02:39:39','2016-07-16 02:39:39'),(393,187,'MoreInfoURL',1,250,1,'2016-07-16 02:39:39',NULL,NULL,'2016-07-16 02:39:39','2016-07-16 02:39:39'),(394,187,'QtyDiscount',8,NULL,1,'2016-07-16 02:39:39',NULL,NULL,'2016-07-16 02:39:39','2016-07-16 02:39:39'),(395,187,'QtyDiscountAmt',11,NULL,1,'2016-07-16 02:39:39',NULL,NULL,'2016-07-16 02:39:39','2016-07-16 02:39:39'),(396,187,'ShortDescription',1,200,0,'2016-07-16 02:39:39',NULL,NULL,'2016-07-16 02:39:39','2016-07-16 02:39:39'),(397,187,'SiteID',2,NULL,0,'2016-07-16 02:39:39',NULL,NULL,'2016-07-16 02:39:39','2016-07-16 02:39:39'),(398,187,'SpecialPrice',11,NULL,1,'2016-07-16 02:39:39',NULL,NULL,'2016-07-16 02:39:39','2016-07-16 02:39:39'),(399,187,'SpecialPriceType',1,20,1,'2016-07-16 02:39:39',NULL,NULL,'2016-07-16 02:39:39','2016-07-16 02:39:39'),(400,187,'TaxCode',11,NULL,1,'2016-07-16 02:39:39',NULL,NULL,'2016-07-16 02:39:39','2016-07-16 02:39:39'),(401,187,'TranID',2,NULL,0,'2016-07-16 02:39:39',NULL,NULL,'2016-07-16 02:39:39','2016-07-16 02:39:39'),(402,187,'UnitPrice',11,NULL,0,'2016-07-16 02:39:40',NULL,NULL,'2016-07-16 02:39:40','2016-07-16 02:39:40'),(403,187,'UpdatedBy',1,20,1,'2016-07-16 02:39:40',NULL,NULL,'2016-07-16 02:39:40','2016-07-16 02:39:40'),(404,187,'UpdatedDate',4,NULL,1,'2016-07-16 02:39:40',NULL,NULL,'2016-07-16 02:39:40','2016-07-16 02:39:40'),(405,188,'AdditionalItemID',1,12,0,'2016-07-16 02:42:41',NULL,NULL,'2016-07-16 02:42:41','2016-07-16 02:42:41'),(406,188,'CreatedBy',1,20,1,'2016-07-16 02:42:41',NULL,NULL,'2016-07-16 02:42:41','2016-07-16 02:42:41'),(407,188,'CreatedDate',15,NULL,1,'2016-07-16 02:42:41',NULL,NULL,'2016-07-16 02:42:41','2016-07-16 02:42:41'),(408,188,'ItemID',1,12,1,'2016-07-16 02:42:41',NULL,NULL,'2016-07-16 02:42:41','2016-07-16 02:42:41'),(409,188,'SiteID',2,NULL,0,'2016-07-16 02:42:41',NULL,NULL,'2016-07-16 02:42:41','2016-07-16 02:42:41'),(410,188,'TranID',2,NULL,0,'2016-07-16 02:42:41',NULL,NULL,'2016-07-16 02:42:41','2016-07-16 02:42:41'),(411,188,'UpdatedBy',1,20,1,'2016-07-16 02:42:41',NULL,NULL,'2016-07-16 02:42:41','2016-07-16 02:42:41'),(412,188,'UpdatedDate',4,NULL,1,'2016-07-16 02:42:41',NULL,NULL,'2016-07-16 02:42:41','2016-07-16 02:42:41'),(3475,170,'RelationName',1,30,1,'2016-07-18 17:11:39',NULL,NULL,'2016-07-18 17:11:39','2016-07-18 17:11:39'),(3476,170,'TableName',1,256,0,'2016-07-18 17:13:06',NULL,NULL,'2016-07-18 17:13:06','2016-07-18 17:13:06'),(3477,171,'ColumnName',1,256,0,'2016-07-18 17:13:45',NULL,NULL,'2016-07-18 17:13:45','2016-07-18 17:13:45'),(3478,171,'AttributeDataType',2,NULL,1,'2016-07-18 17:14:41',NULL,NULL,'2016-07-18 17:14:41','2016-07-18 17:14:41'),(3479,171,'AllowNull',3,NULL,1,'2016-07-18 17:15:15',NULL,NULL,'2016-07-18 17:15:15','2016-07-18 17:15:15'),(3480,354,'AgeMin',8,NULL,1,'2016-07-22 18:39:07',NULL,NULL,'2016-07-22 18:39:07','2016-07-22 18:39:07'),(3481,354,'Capacity',8,NULL,1,'2016-07-22 18:39:07',NULL,NULL,'2016-07-22 18:39:07','2016-07-22 18:39:07'),(3482,354,'CreatedBy',1,20,1,'2016-07-22 18:39:07',NULL,NULL,'2016-07-22 18:39:07','2016-07-22 18:39:07'),(3483,354,'CreatedDate',15,NULL,1,'2016-07-22 18:39:07',NULL,NULL,'2016-07-22 18:39:07','2016-07-22 18:39:07'),(3484,354,'CreditHour',11,NULL,1,'2016-07-22 18:39:07',NULL,NULL,'2016-07-22 18:39:07','2016-07-22 18:39:07'),(3485,354,'DateFrom',4,NULL,1,'2016-07-22 18:39:07',NULL,NULL,'2016-07-22 18:39:07','2016-07-22 18:39:07'),(3486,354,'DateTo',4,NULL,1,'2016-07-22 18:39:07',NULL,NULL,'2016-07-22 18:39:07','2016-07-22 18:39:07'),(3487,354,'EventItemID',1,20,0,'2016-07-22 18:39:07',NULL,NULL,'2016-07-22 18:39:07','2016-07-22 18:39:07'),(3488,354,'FacilityID',1,20,1,'2016-07-22 18:39:08',NULL,NULL,'2016-07-22 18:39:08','2016-07-22 18:39:08'),(3489,354,'isFriday',8,NULL,1,'2016-07-22 18:39:08',NULL,NULL,'2016-07-22 18:39:08','2016-07-22 18:39:08'),(3490,354,'isMonday',8,NULL,1,'2016-07-22 18:39:08',NULL,NULL,'2016-07-22 18:39:08','2016-07-22 18:39:08'),(3491,354,'isSaturday',8,NULL,1,'2016-07-22 18:39:08',NULL,NULL,'2016-07-22 18:39:08','2016-07-22 18:39:08'),(3492,354,'isSunday',8,NULL,1,'2016-07-22 18:39:08',NULL,NULL,'2016-07-22 18:39:08','2016-07-22 18:39:08'),(3493,354,'isThursday',8,NULL,1,'2016-07-22 18:39:08',NULL,NULL,'2016-07-22 18:39:08','2016-07-22 18:39:08'),(3494,354,'isTuesday',8,NULL,1,'2016-07-22 18:39:08',NULL,NULL,'2016-07-22 18:39:08','2016-07-22 18:39:08'),(3495,354,'isWednesday',8,NULL,1,'2016-07-22 18:39:08',NULL,NULL,'2016-07-22 18:39:08','2016-07-22 18:39:08'),(3496,354,'LastRunDate',4,NULL,1,'2016-07-22 18:39:08',NULL,NULL,'2016-07-22 18:39:08','2016-07-22 18:39:08'),(3497,354,'NextRunDate',4,NULL,1,'2016-07-22 18:39:08',NULL,NULL,'2016-07-22 18:39:08','2016-07-22 18:39:08'),(3498,354,'SiteID',2,NULL,0,'2016-07-22 18:39:08',NULL,NULL,'2016-07-22 18:39:08','2016-07-22 18:39:08'),(3499,354,'TaskTimeSlot',1,30,1,'2016-07-22 18:39:08',NULL,NULL,'2016-07-22 18:39:08','2016-07-22 18:39:08'),(3500,354,'TimeEnd',4,NULL,1,'2016-07-22 18:39:08',NULL,NULL,'2016-07-22 18:39:08','2016-07-22 18:39:08'),(3501,354,'TimeStart',4,NULL,1,'2016-07-22 18:39:08',NULL,NULL,'2016-07-22 18:39:08','2016-07-22 18:39:08'),(3502,354,'TranID',2,NULL,0,'2016-07-22 18:39:08',NULL,NULL,'2016-07-22 18:39:08','2016-07-22 18:39:08'),(3503,354,'UpdatedBy',1,20,1,'2016-07-22 18:39:08',NULL,NULL,'2016-07-22 18:39:08','2016-07-22 18:39:08'),(3504,354,'UpdatedDate',4,NULL,1,'2016-07-22 18:39:08',NULL,NULL,'2016-07-22 18:39:08','2016-07-22 18:39:08'),(3505,354,'VolunteerTaskID',1,20,1,'2016-07-22 18:39:08',NULL,NULL,'2016-07-22 18:39:08','2016-07-22 18:39:08'),(3506,355,'CreatedBy',1,20,1,'2016-07-22 18:54:57',NULL,NULL,'2016-07-22 18:54:57','2016-07-22 18:54:57'),(3507,355,'CreatedDate',15,NULL,1,'2016-07-22 18:54:57',NULL,NULL,'2016-07-22 18:54:57','2016-07-22 18:54:57'),(3508,355,'Custom01',1,50,1,'2016-07-22 18:54:57',NULL,NULL,'2016-07-22 18:54:57','2016-07-22 18:54:57'),(3509,355,'Custom02',1,50,1,'2016-07-22 18:54:57',NULL,NULL,'2016-07-22 18:54:57','2016-07-22 18:54:57'),(3510,355,'DateEffFrom',4,NULL,1,'2016-07-22 18:54:57',NULL,NULL,'2016-07-22 18:54:57','2016-07-22 18:54:57'),(3511,355,'DateEffTo',4,NULL,1,'2016-07-22 18:54:57',NULL,NULL,'2016-07-22 18:54:57','2016-07-22 18:54:57'),(3512,355,'Description',1,100,0,'2016-07-22 18:54:57',NULL,NULL,'2016-07-22 18:54:57','2016-07-22 18:54:57'),(3513,355,'EventID',1,12,1,'2016-07-22 18:54:57',NULL,NULL,'2016-07-22 18:54:57','2016-07-22 18:54:57'),(3514,355,'Filename',1,1000,1,'2016-07-22 18:54:57',NULL,NULL,'2016-07-22 18:54:57','2016-07-22 18:54:57'),(3515,355,'isCopy',8,NULL,1,'2016-07-22 18:54:57',NULL,NULL,'2016-07-22 18:54:57','2016-07-22 18:54:57'),(3516,355,'ItemID',1,12,1,'2016-07-22 18:54:57',NULL,NULL,'2016-07-22 18:54:57','2016-07-22 18:54:57'),(3517,355,'SiteID',2,NULL,0,'2016-07-22 18:54:57',NULL,NULL,'2016-07-22 18:54:57','2016-07-22 18:54:57'),(3518,355,'Status',1,20,1,'2016-07-22 18:54:57',NULL,NULL,'2016-07-22 18:54:57','2016-07-22 18:54:57'),(3519,355,'TranID',2,NULL,0,'2016-07-22 18:54:57',NULL,NULL,'2016-07-22 18:54:57','2016-07-22 18:54:57'),(3520,355,'UpdatedBy',1,20,1,'2016-07-22 18:54:57',NULL,NULL,'2016-07-22 18:54:57','2016-07-22 18:54:57'),(3521,355,'UpdatedDate',4,NULL,1,'2016-07-22 18:54:57',NULL,NULL,'2016-07-22 18:54:57','2016-07-22 18:54:57'),(3522,185,'BatchDate',15,NULL,0,'2016-07-22 19:42:03',NULL,NULL,'2016-07-22 19:41:58','2016-07-22 19:42:03'),(3523,185,'BatchNote',1,100,1,'2016-07-22 19:42:03',NULL,NULL,'2016-07-22 19:41:58','2016-07-22 19:42:03'),(3524,185,'BatchRef',1,20,0,'2016-07-22 19:41:58',NULL,NULL,'2016-07-22 19:41:58','2016-07-22 19:41:58'),(3525,185,'CreatedBy',1,20,1,'2016-07-22 19:42:03',NULL,NULL,'2016-07-22 19:41:58','2016-07-22 19:42:03'),(3526,185,'CreatedDate',15,NULL,1,'2016-07-22 19:42:03',NULL,NULL,'2016-07-22 19:41:58','2016-07-22 19:42:03'),(3527,185,'SiteID',2,NULL,0,'2016-07-22 19:42:03',NULL,NULL,'2016-07-22 19:41:58','2016-07-22 19:42:03'),(3528,185,'TranID',2,NULL,0,'2016-07-22 19:42:03',NULL,NULL,'2016-07-22 19:41:58','2016-07-22 19:42:03'),(3529,185,'UpdatedBy',1,20,1,'2016-07-22 19:42:03',NULL,NULL,'2016-07-22 19:41:58','2016-07-22 19:42:03'),(3530,185,'UpdatedDate',4,NULL,1,'2016-07-22 19:42:03',NULL,NULL,'2016-07-22 19:41:58','2016-07-22 19:42:03'),(3531,356,'BatchID',1,12,1,'2016-07-22 20:10:30',NULL,NULL,'2016-07-22 19:42:03','2016-07-22 20:10:30'),(3532,356,'ItemID',1,12,1,'2016-07-22 20:10:30',NULL,NULL,'2016-07-22 19:42:03','2016-07-22 20:10:30'),(3533,356,'MemberRef',1,20,0,'2016-07-22 20:10:30',NULL,NULL,'2016-07-22 19:42:03','2016-07-22 20:10:30'),(3534,356,'PaymentRef',1,20,1,'2016-07-22 20:10:30',NULL,NULL,'2016-07-22 19:42:03','2016-07-22 20:10:30'),(3535,356,'TotalAmt',1,20,0,'2016-07-22 20:10:30',NULL,NULL,'2016-07-22 19:42:03','2016-07-22 20:10:30'),(3536,185,'BatchDate',15,NULL,0,'2016-07-22 19:51:10',NULL,NULL,'2016-07-22 19:51:10','2016-07-22 19:51:10'),(3537,185,'BatchNote',1,100,1,'2016-07-22 19:51:10',NULL,NULL,'2016-07-22 19:51:10','2016-07-22 19:51:10'),(3538,185,'BatchRef',1,20,0,'2016-07-22 19:51:10',NULL,NULL,'2016-07-22 19:51:10','2016-07-22 19:51:10'),(3539,185,'CreatedBy',1,20,1,'2016-07-22 19:51:10',NULL,NULL,'2016-07-22 19:51:10','2016-07-22 19:51:10'),(3540,185,'CreatedDate',15,NULL,1,'2016-07-22 19:51:10',NULL,NULL,'2016-07-22 19:51:10','2016-07-22 19:51:10'),(3541,185,'SiteID',2,NULL,0,'2016-07-22 19:51:10',NULL,NULL,'2016-07-22 19:51:10','2016-07-22 19:51:10'),(3542,185,'TranID',2,NULL,0,'2016-07-22 19:51:10',NULL,NULL,'2016-07-22 19:51:10','2016-07-22 19:51:10'),(3543,185,'UpdatedBy',1,20,1,'2016-07-22 19:51:10',NULL,NULL,'2016-07-22 19:51:10','2016-07-22 19:51:10'),(3544,185,'UpdatedDate',4,NULL,1,'2016-07-22 19:51:10',NULL,NULL,'2016-07-22 19:51:10','2016-07-22 19:51:10'),(3545,185,'BatchDate',15,NULL,0,'2016-07-22 20:09:19',NULL,NULL,'2016-07-22 20:09:19','2016-07-22 20:09:19'),(3546,185,'BatchNote',1,100,1,'2016-07-22 20:09:19',NULL,NULL,'2016-07-22 20:09:19','2016-07-22 20:09:19'),(3547,185,'BatchRef',1,20,0,'2016-07-22 20:09:19',NULL,NULL,'2016-07-22 20:09:19','2016-07-22 20:09:19'),(3548,185,'CreatedBy',1,20,1,'2016-07-22 20:09:19',NULL,NULL,'2016-07-22 20:09:19','2016-07-22 20:09:19'),(3549,185,'CreatedDate',15,NULL,1,'2016-07-22 20:09:19',NULL,NULL,'2016-07-22 20:09:19','2016-07-22 20:09:19'),(3550,185,'SiteID',2,NULL,0,'2016-07-22 20:09:19',NULL,NULL,'2016-07-22 20:09:19','2016-07-22 20:09:19'),(3551,185,'TranID',2,NULL,0,'2016-07-22 20:09:19',NULL,NULL,'2016-07-22 20:09:19','2016-07-22 20:09:19'),(3552,185,'UpdatedBy',1,20,1,'2016-07-22 20:09:19',NULL,NULL,'2016-07-22 20:09:19','2016-07-22 20:09:19'),(3553,185,'UpdatedDate',4,NULL,1,'2016-07-22 20:09:19',NULL,NULL,'2016-07-22 20:09:19','2016-07-22 20:09:19'),(3554,185,'BatchDate',15,NULL,0,'2016-07-22 20:10:30',NULL,NULL,'2016-07-22 20:10:29','2016-07-22 20:10:30'),(3555,185,'BatchNote',1,100,1,'2016-07-22 20:10:30',NULL,NULL,'2016-07-22 20:10:29','2016-07-22 20:10:30'),(3556,185,'BatchRef',1,20,0,'2016-07-22 20:10:29',NULL,NULL,'2016-07-22 20:10:29','2016-07-22 20:10:29'),(3557,185,'CreatedBy',1,20,1,'2016-07-22 20:10:30',NULL,NULL,'2016-07-22 20:10:29','2016-07-22 20:10:30'),(3558,185,'CreatedDate',15,NULL,1,'2016-07-22 20:10:30',NULL,NULL,'2016-07-22 20:10:30','2016-07-22 20:10:30'),(3559,185,'SiteID',2,NULL,0,'2016-07-22 20:10:30',NULL,NULL,'2016-07-22 20:10:30','2016-07-22 20:10:30'),(3560,185,'TranID',2,NULL,0,'2016-07-22 20:10:30',NULL,NULL,'2016-07-22 20:10:30','2016-07-22 20:10:30'),(3561,185,'UpdatedBy',1,20,1,'2016-07-22 20:10:30',NULL,NULL,'2016-07-22 20:10:30','2016-07-22 20:10:30'),(3562,185,'UpdatedDate',4,NULL,1,'2016-07-22 20:10:30',NULL,NULL,'2016-07-22 20:10:30','2016-07-22 20:10:30'),(3563,357,'City',1,30,1,'2016-07-22 20:13:05',NULL,NULL,'2016-07-22 20:12:18','2016-07-22 20:13:05'),(3564,357,'Email1',1,200,0,'2016-07-22 20:13:27',NULL,NULL,'2016-07-22 20:12:18','2016-07-22 20:13:27'),(3565,357,'Email2',1,200,1,'2016-07-22 20:13:25',NULL,NULL,'2016-07-22 20:12:19','2016-07-22 20:13:25'),(3566,357,'FirstName',1,20,1,'2016-07-22 20:13:22',NULL,NULL,'2016-07-22 20:12:19','2016-07-22 20:13:22'),(3567,357,'LastName',1,30,1,'2016-07-22 20:13:22',NULL,NULL,'2016-07-22 20:12:19','2016-07-22 20:13:22'),(3568,357,'List',1,50,1,'2016-07-22 20:12:19',NULL,NULL,'2016-07-22 20:12:19','2016-07-22 20:12:19'),(3569,357,'PhoneNumber',1,500,1,'2016-07-22 20:12:19',NULL,NULL,'2016-07-22 20:12:19','2016-07-22 20:12:19'),(3570,357,'State',1,20,1,'2016-07-22 20:13:34',NULL,NULL,'2016-07-22 20:12:19','2016-07-22 20:13:34'),(3571,357,'Website',1,250,1,'2016-07-22 20:13:20',NULL,NULL,'2016-07-22 20:12:19','2016-07-22 20:13:20'),(3572,358,'Active',1,5,1,'2016-07-22 20:12:19',NULL,NULL,'2016-07-22 20:12:19','2016-07-22 20:12:19'),(3573,358,'Address',1,100,1,'2016-07-22 20:13:05',NULL,NULL,'2016-07-22 20:12:19','2016-07-22 20:13:05'),(3574,358,'Age',8,NULL,1,'2016-07-22 20:12:19',NULL,NULL,'2016-07-22 20:12:19','2016-07-22 20:12:19'),(3575,358,'AreaCode',1,3,1,'2016-07-22 20:12:19',NULL,NULL,'2016-07-22 20:12:19','2016-07-22 20:12:19'),(3576,358,'BirthCert',1,5,1,'2016-07-22 20:12:19',NULL,NULL,'2016-07-22 20:12:19','2016-07-22 20:12:19'),(3577,358,'BirthDate',4,NULL,1,'2016-07-22 20:12:19',NULL,NULL,'2016-07-22 20:12:19','2016-07-22 20:12:19'),(3578,358,'CustomField1',1,50,1,'2016-07-22 20:12:19',NULL,NULL,'2016-07-22 20:12:19','2016-07-22 20:12:19'),(3579,358,'CustomField2',1,50,1,'2016-07-22 20:12:19',NULL,NULL,'2016-07-22 20:12:19','2016-07-22 20:12:19'),(3580,358,'CustomField3',1,50,1,'2016-07-22 20:12:19',NULL,NULL,'2016-07-22 20:12:19','2016-07-22 20:12:19'),(3581,358,'CustomField4',1,50,1,'2016-07-22 20:12:19',NULL,NULL,'2016-07-22 20:12:19','2016-07-22 20:12:19'),(3582,358,'CustomField5',1,50,1,'2016-07-22 20:12:19',NULL,NULL,'2016-07-22 20:12:19','2016-07-22 20:12:19'),(3583,358,'CustomField6',1,50,1,'2016-07-22 20:12:19',NULL,NULL,'2016-07-22 20:12:19','2016-07-22 20:12:19'),(3584,358,'CustomField7',1,50,1,'2016-07-22 20:12:19',NULL,NULL,'2016-07-22 20:12:19','2016-07-22 20:12:19'),(3585,358,'CustomField8',1,50,1,'2016-07-22 20:12:19',NULL,NULL,'2016-07-22 20:12:19','2016-07-22 20:12:19'),(3586,358,'EmailAddress',1,50,1,'2016-07-22 20:12:19',NULL,NULL,'2016-07-22 20:12:19','2016-07-22 20:12:19'),(3587,358,'FatherAreaCode',1,3,1,'2016-07-22 20:12:19',NULL,NULL,'2016-07-22 20:12:19','2016-07-22 20:12:19'),(3588,358,'FatherCellAreaCode',1,3,1,'2016-07-22 20:12:19',NULL,NULL,'2016-07-22 20:12:19','2016-07-22 20:12:19'),(3589,358,'FatherCellPhone',1,8,1,'2016-07-22 20:12:19',NULL,NULL,'2016-07-22 20:12:19','2016-07-22 20:12:19'),(3590,358,'FatherExtension',1,4,1,'2016-07-22 20:12:19',NULL,NULL,'2016-07-22 20:12:19','2016-07-22 20:12:19'),(3591,358,'FatherFirstName',1,20,1,'2016-07-22 20:13:06',NULL,NULL,'2016-07-22 20:12:19','2016-07-22 20:13:06'),(3592,358,'FatherLastName',1,30,1,'2016-07-22 20:13:06',NULL,NULL,'2016-07-22 20:12:19','2016-07-22 20:13:06'),(3593,358,'FatherPhone',1,8,1,'2016-07-22 20:12:19',NULL,NULL,'2016-07-22 20:12:19','2016-07-22 20:12:19'),(3594,358,'MI',1,1,1,'2016-07-22 20:12:20',NULL,NULL,'2016-07-22 20:12:20','2016-07-22 20:12:20'),(3595,358,'MotherAreaCode',1,3,1,'2016-07-22 20:12:20',NULL,NULL,'2016-07-22 20:12:20','2016-07-22 20:12:20'),(3596,358,'MotherCellAreaCode',1,3,1,'2016-07-22 20:12:20',NULL,NULL,'2016-07-22 20:12:20','2016-07-22 20:12:20'),(3597,358,'MotherCellPhone',1,8,1,'2016-07-22 20:12:20',NULL,NULL,'2016-07-22 20:12:20','2016-07-22 20:12:20'),(3598,358,'MotherExtension',1,4,1,'2016-07-22 20:12:20',NULL,NULL,'2016-07-22 20:12:20','2016-07-22 20:12:20'),(3599,358,'MotherFirstName',1,50,1,'2016-07-22 20:12:20',NULL,NULL,'2016-07-22 20:12:20','2016-07-22 20:12:20'),(3600,358,'MotherLastName',1,50,1,'2016-07-22 20:12:20',NULL,NULL,'2016-07-22 20:12:20','2016-07-22 20:12:20'),(3601,358,'MotherPhone',1,8,1,'2016-07-22 20:12:20',NULL,NULL,'2016-07-22 20:12:20','2016-07-22 20:12:20'),(3602,358,'OverRoster',1,5,1,'2016-07-22 20:12:20',NULL,NULL,'2016-07-22 20:12:20','2016-07-22 20:12:20'),(3603,358,'ParticipantID',2,NULL,1,'2016-07-22 20:12:21',NULL,NULL,'2016-07-22 20:12:21','2016-07-22 20:12:21'),(3604,358,'Pass',1,5,1,'2016-07-22 20:12:21',NULL,NULL,'2016-07-22 20:12:21','2016-07-22 20:12:21'),(3605,358,'Phone',1,20,1,'2016-07-22 20:13:27',NULL,NULL,'2016-07-22 20:12:21','2016-07-22 20:13:27'),(3606,358,'PlayUp',8,5,1,'2016-07-22 20:13:00',NULL,NULL,'2016-07-22 20:12:21','2016-07-22 20:13:00'),(3607,358,'Plus4',1,4,1,'2016-07-22 20:12:21',NULL,NULL,'2016-07-22 20:12:21','2016-07-22 20:12:21'),(3608,358,'RecTeamID',2,NULL,1,'2016-07-22 20:12:21',NULL,NULL,'2016-07-22 20:12:21','2016-07-22 20:12:21'),(3609,358,'Sex',1,1,1,'2016-07-22 20:12:21',NULL,NULL,'2016-07-22 20:12:21','2016-07-22 20:12:21'),(3610,358,'TeamID',9,12,1,'2016-08-02 02:26:20',NULL,NULL,'2016-07-22 20:12:21','2016-08-02 02:26:20'),(3611,358,'Zip',1,5,1,'2016-07-22 20:12:21',NULL,NULL,'2016-07-22 20:12:21','2016-07-22 20:12:21'),(3612,359,'BackgroundCheckDate',4,NULL,1,'2016-07-22 20:12:21',NULL,NULL,'2016-07-22 20:12:21','2016-07-22 20:12:21'),(3613,359,'BackgroundCheckRef',1,20,1,'2016-07-22 20:12:21',NULL,NULL,'2016-07-22 20:12:21','2016-07-22 20:12:21'),(3614,359,'ContactID',9,12,1,'2016-08-02 02:26:48',NULL,NULL,'2016-07-22 20:12:21','2016-08-02 02:26:48'),(3615,359,'CreatedBy',1,20,1,'2016-07-22 20:13:37',NULL,NULL,'2016-07-22 20:12:21','2016-07-22 20:13:37'),(3616,359,'CreatedDate',15,NULL,1,'2016-07-22 20:13:37',NULL,NULL,'2016-07-22 20:12:21','2016-07-22 20:13:37'),(3617,359,'Custom01',1,50,1,'2016-07-22 20:13:34',NULL,NULL,'2016-07-22 20:12:21','2016-07-22 20:13:34'),(3618,359,'Custom02',1,50,1,'2016-07-22 20:13:34',NULL,NULL,'2016-07-22 20:12:21','2016-07-22 20:13:34'),(3619,359,'Custom03',1,50,1,'2016-07-22 20:13:34',NULL,NULL,'2016-07-22 20:12:21','2016-07-22 20:13:34'),(3620,359,'Custom04',1,30,1,'2016-07-22 20:13:24',NULL,NULL,'2016-07-22 20:12:21','2016-07-22 20:13:24'),(3621,359,'Custom05',1,30,1,'2016-07-22 20:13:25',NULL,NULL,'2016-07-22 20:12:21','2016-07-22 20:13:25'),(3622,359,'DateRegistered',4,NULL,1,'2016-07-22 20:12:21',NULL,NULL,'2016-07-22 20:12:21','2016-07-22 20:12:21'),(3623,359,'Relationship',1,20,1,'2016-07-22 20:12:21',NULL,NULL,'2016-07-22 20:12:21','2016-07-22 20:12:21'),(3624,359,'SiteID',2,NULL,0,'2016-07-22 20:13:38',NULL,NULL,'2016-07-22 20:12:21','2016-07-22 20:13:38'),(3625,359,'Status',1,20,1,'2016-07-22 20:13:36',NULL,NULL,'2016-07-22 20:12:21','2016-07-22 20:13:36'),(3626,359,'TranID',2,NULL,0,'2016-07-22 20:13:38',NULL,NULL,'2016-07-22 20:12:21','2016-07-22 20:13:38'),(3627,359,'UpdatedBy',1,20,1,'2016-07-22 20:13:38',NULL,NULL,'2016-07-22 20:12:21','2016-07-22 20:13:38'),(3628,359,'UpdatedDate',4,NULL,1,'2016-07-22 20:13:38',NULL,NULL,'2016-07-22 20:12:21','2016-07-22 20:13:38'),(3629,360,'Activity',1,200,1,'2016-07-22 20:13:23',NULL,NULL,'2016-07-22 20:12:21','2016-07-22 20:13:23'),(3630,360,'AgeCutOffDay',8,NULL,1,'2016-07-22 20:12:21',NULL,NULL,'2016-07-22 20:12:21','2016-07-22 20:12:21'),(3631,360,'AgeCutOffMonth',8,NULL,1,'2016-07-22 20:12:21',NULL,NULL,'2016-07-22 20:12:21','2016-07-22 20:12:21'),(3632,360,'AgeGrp',9,12,1,'2016-08-02 02:27:00',NULL,NULL,'2016-07-22 20:12:21','2016-08-02 02:27:00'),(3633,360,'AgeGrpName',1,20,1,'2016-07-22 20:12:21',NULL,NULL,'2016-07-22 20:12:21','2016-07-22 20:12:21'),(3634,360,'AgeGrpType',1,12,0,'2016-07-22 20:13:26',NULL,NULL,'2016-07-22 20:12:21','2016-07-22 20:13:26'),(3635,360,'AgeYearFrom',8,NULL,1,'2016-07-22 20:12:21',NULL,NULL,'2016-07-22 20:12:21','2016-07-22 20:12:21'),(3636,360,'AgeYearTo',8,NULL,1,'2016-07-22 20:12:21',NULL,NULL,'2016-07-22 20:12:21','2016-07-22 20:12:21'),(3637,360,'GameDuration',8,NULL,1,'2016-07-22 20:13:11',NULL,NULL,'2016-07-22 20:12:21','2016-07-22 20:13:11'),(3638,360,'Grade',1,12,1,'2016-07-22 20:13:29',NULL,NULL,'2016-07-22 20:12:21','2016-07-22 20:13:29'),(3639,360,'IdealRosterSize',8,NULL,1,'2016-07-22 20:12:21',NULL,NULL,'2016-07-22 20:12:21','2016-07-22 20:12:21'),(3640,360,'SchoolPlayerLimit',8,NULL,1,'2016-07-22 20:12:21',NULL,NULL,'2016-07-22 20:12:21','2016-07-22 20:12:21'),(3641,360,'Sequence',2,NULL,1,'2016-07-22 20:13:36',NULL,NULL,'2016-07-22 20:12:21','2016-07-22 20:13:36'),(3642,360,'YearofPlay',2,NULL,1,'2016-07-22 20:12:53',NULL,NULL,'2016-07-22 20:12:21','2016-07-22 20:12:53'),(3643,361,'BatchDate',15,NULL,0,'2016-07-22 20:12:22',NULL,NULL,'2016-07-22 20:12:21','2016-07-22 20:12:22'),(3644,361,'BatchNote',1,100,1,'2016-07-22 20:12:22',NULL,NULL,'2016-07-22 20:12:22','2016-07-22 20:12:22'),(3645,361,'BatchRef',1,20,0,'2016-07-22 20:12:22',NULL,NULL,'2016-07-22 20:12:22','2016-07-22 20:12:22'),(3646,362,'BatchID',9,12,1,'2016-08-02 02:24:09',NULL,NULL,'2016-07-22 20:12:22','2016-08-02 02:24:09'),(3647,362,'ItemID',9,12,1,'2016-08-02 02:24:23',NULL,NULL,'2016-07-22 20:12:22','2016-08-02 02:24:23'),(3648,362,'MemberRef',1,20,1,'2016-07-22 20:12:58',NULL,NULL,'2016-07-22 20:12:22','2016-07-22 20:12:58'),(3649,362,'PaymentRef',1,50,1,'2016-07-22 20:12:51',NULL,NULL,'2016-07-22 20:12:22','2016-07-22 20:12:51'),(3650,362,'TotalAmt',11,20,1,'2016-07-22 20:13:01',NULL,NULL,'2016-07-22 20:12:22','2016-07-22 20:13:01'),(3651,363,'DateFrom',4,NULL,1,'2016-07-22 20:13:35',NULL,NULL,'2016-07-22 20:12:22','2016-07-22 20:13:35'),(3652,363,'DateTo',4,NULL,1,'2016-07-22 20:13:35',NULL,NULL,'2016-07-22 20:12:22','2016-07-22 20:13:35'),(3653,363,'Description',1,200,0,'2016-07-22 20:13:29',NULL,NULL,'2016-07-22 20:12:22','2016-07-22 20:13:29'),(3654,363,'FieldLoadCtrlID',9,12,1,'2016-08-02 02:27:54',NULL,NULL,'2016-07-22 20:12:22','2016-08-02 02:27:54'),(3655,364,'CodeBody',13,-1,1,'2016-07-22 20:12:22',NULL,NULL,'2016-07-22 20:12:22','2016-07-22 20:12:22'),(3656,364,'DBProcedure',1,30,1,'2016-07-22 20:12:22',NULL,NULL,'2016-07-22 20:12:22','2016-07-22 20:12:22'),(3657,364,'EffDateFrom',4,NULL,1,'2016-07-22 20:13:35',NULL,NULL,'2016-07-22 20:12:22','2016-07-22 20:13:35'),(3658,364,'EffDateTo',4,NULL,1,'2016-07-22 20:13:35',NULL,NULL,'2016-07-22 20:12:22','2016-07-22 20:13:35'),(3659,364,'ModuleName',1,1000,1,'2016-07-22 20:12:22',NULL,NULL,'2016-07-22 20:12:22','2016-07-22 20:12:22'),(3660,364,'ServiceID',9,12,1,'2016-08-02 02:28:26',NULL,NULL,'2016-07-22 20:12:22','2016-08-02 02:28:26'),(3661,364,'TechnicalDescription',1,500,1,'2016-07-22 20:12:22',NULL,NULL,'2016-07-22 20:12:22','2016-07-22 20:12:22'),(3662,364,'TransactionType',1,10,1,'2016-07-22 20:12:22',NULL,NULL,'2016-07-22 20:12:22','2016-07-22 20:12:22'),(3663,365,'blindcc',1,300,1,'2016-07-22 20:12:22',NULL,NULL,'2016-07-22 20:12:22','2016-07-22 20:12:22'),(3664,365,'blindCCField',1,100,1,'2016-07-22 20:12:22',NULL,NULL,'2016-07-22 20:12:22','2016-07-22 20:12:22'),(3665,365,'cc',1,100,1,'2016-07-22 20:12:22',NULL,NULL,'2016-07-22 20:12:22','2016-07-22 20:12:22'),(3666,365,'ccfield',1,50,1,'2016-07-22 20:12:22',NULL,NULL,'2016-07-22 20:12:22','2016-07-22 20:12:22'),(3667,365,'Criteria',1,1000,1,'2016-07-22 20:12:22',NULL,NULL,'2016-07-22 20:12:22','2016-07-22 20:12:22'),(3668,365,'fromAdd',1,100,0,'2016-07-22 20:12:22',NULL,NULL,'2016-07-22 20:12:22','2016-07-22 20:12:22'),(3669,365,'LongDesc',1,500,1,'2016-07-22 20:13:18',NULL,NULL,'2016-07-22 20:12:22','2016-07-22 20:13:18'),(3670,365,'Name',1,50,0,'2016-07-22 20:13:14',NULL,NULL,'2016-07-22 20:12:22','2016-07-22 20:13:14'),(3671,365,'ReportHeader',9,12,1,'2016-08-02 02:28:36',NULL,NULL,'2016-07-22 20:12:22','2016-08-02 02:28:36'),(3672,365,'subject',1,255,0,'2016-07-22 20:13:17',NULL,NULL,'2016-07-22 20:12:22','2016-07-22 20:13:17'),(3673,365,'tofield',1,50,1,'2016-07-22 20:12:22',NULL,NULL,'2016-07-22 20:12:22','2016-07-22 20:12:22'),(3674,366,'CheckInComment',1,50,1,'2016-07-22 20:12:23',NULL,NULL,'2016-07-22 20:12:23','2016-07-22 20:12:23'),(3675,366,'CreditHour',11,NULL,1,'2016-07-22 20:13:35',NULL,NULL,'2016-07-22 20:12:23','2016-07-22 20:13:35'),(3676,366,'DateCheckIn',4,NULL,0,'2016-07-22 20:12:23',NULL,NULL,'2016-07-22 20:12:23','2016-07-22 20:12:23'),(3677,366,'DateCheckOut',4,NULL,1,'2016-07-22 20:12:23',NULL,NULL,'2016-07-22 20:12:23','2016-07-22 20:12:23'),(3678,366,'EventItemID',1,20,1,'2016-07-22 20:13:36',NULL,NULL,'2016-07-22 20:12:23','2016-07-22 20:13:36'),(3679,366,'GroupQty',8,NULL,1,'2016-07-22 20:12:23',NULL,NULL,'2016-07-22 20:12:23','2016-07-22 20:12:23'),(3680,367,'CoachNote',1,750,1,'2016-07-22 20:12:54',NULL,NULL,'2016-07-22 20:12:23','2016-07-22 20:12:54'),(3681,367,'CoachType',1,20,1,'2016-07-22 20:12:54',NULL,NULL,'2016-07-22 20:12:23','2016-07-22 20:12:54'),(3682,367,'GenderPreference1',1,10,1,'2016-07-22 20:12:54',NULL,NULL,'2016-07-22 20:12:23','2016-07-22 20:12:54'),(3683,367,'GenderPreference2',1,10,1,'2016-07-22 20:12:54',NULL,NULL,'2016-07-22 20:12:23','2016-07-22 20:12:54'),(3684,367,'HighCoachLevel',1,20,1,'2016-07-22 20:12:54',NULL,NULL,'2016-07-22 20:12:23','2016-07-22 20:12:54'),(3685,367,'IsActive',8,NULL,1,'2016-07-22 20:13:36',NULL,NULL,'2016-07-22 20:12:23','2016-07-22 20:13:36'),(3686,367,'LatestRegDate',4,NULL,1,'2016-07-22 20:12:54',NULL,NULL,'2016-07-22 20:12:23','2016-07-22 20:12:54'),(3687,367,'NewTeamName',1,50,1,'2016-07-22 20:12:23',NULL,NULL,'2016-07-22 20:12:23','2016-07-22 20:12:23'),(3688,367,'PlayerEventID',9,12,1,'2016-08-02 02:28:55',NULL,NULL,'2016-07-22 20:12:23','2016-08-02 02:28:55'),(3689,367,'PlayerID',9,12,1,'2016-08-02 02:29:02',NULL,NULL,'2016-07-22 20:12:23','2016-08-02 02:29:02'),(3690,367,'PlayerItemID',9,12,1,'2016-08-02 02:29:12',NULL,NULL,'2016-07-22 20:12:23','2016-08-02 02:29:12'),(3691,367,'SchoolGroup',1,105,1,'2016-07-22 20:13:27',NULL,NULL,'2016-07-22 20:12:23','2016-07-22 20:13:27'),(3692,368,'BriefDescription',1,250,0,'2016-07-22 20:12:23',NULL,NULL,'2016-07-22 20:12:23','2016-07-22 20:12:23'),(3693,368,'Category',1,10,1,'2016-07-22 20:13:10',NULL,NULL,'2016-07-22 20:12:23','2016-07-22 20:13:10'),(3694,368,'MoreInfo',1,400,1,'2016-07-22 20:13:10',NULL,NULL,'2016-07-22 20:12:23','2016-07-22 20:13:10'),(3695,369,'Address1',1,50,1,'2016-07-22 20:13:03',NULL,NULL,'2016-07-22 20:12:23','2016-07-22 20:13:03'),(3696,369,'Address2',1,20,1,'2016-07-22 20:12:57',NULL,NULL,'2016-07-22 20:12:24','2016-07-22 20:12:57'),(3697,369,'AdminContact',1,50,1,'2016-07-22 20:12:24',NULL,NULL,'2016-07-22 20:12:24','2016-07-22 20:12:24'),(3698,369,'Domain',1,200,1,'2016-07-22 20:12:24',NULL,NULL,'2016-07-22 20:12:24','2016-07-22 20:12:24'),(3699,369,'Identification',1,20,1,'2016-07-22 20:13:06',NULL,NULL,'2016-07-22 20:12:24','2016-07-22 20:13:06'),(3700,369,'LanguageID',1,5,0,'2016-07-22 20:13:30',NULL,NULL,'2016-07-22 20:12:24','2016-07-22 20:13:30'),(3701,369,'Logo',1,200,1,'2016-07-22 20:12:24',NULL,NULL,'2016-07-22 20:12:24','2016-07-22 20:12:24'),(3702,369,'Organization',1,100,0,'2016-07-22 20:12:24',NULL,NULL,'2016-07-22 20:12:24','2016-07-22 20:12:24'),(3703,369,'PostalCode',1,20,1,'2016-07-22 20:13:06',NULL,NULL,'2016-07-22 20:12:24','2016-07-22 20:13:06'),(3704,369,'SiteTheme',1,12,1,'2016-07-22 20:12:24',NULL,NULL,'2016-07-22 20:12:24','2016-07-22 20:12:24'),(3705,369,'TagLine',1,200,1,'2016-07-22 20:12:24',NULL,NULL,'2016-07-22 20:12:24','2016-07-22 20:12:24'),(3706,369,'TimeZone',11,NULL,1,'2016-07-22 20:13:18',NULL,NULL,'2016-07-22 20:12:24','2016-07-22 20:13:18'),(3707,370,'CategoryID',1,50,1,'2016-07-22 20:12:24',NULL,NULL,'2016-07-22 20:12:24','2016-07-22 20:12:24'),(3708,370,'IsEncrypted',8,NULL,1,'2016-07-22 20:12:24',NULL,NULL,'2016-07-22 20:12:24','2016-07-22 20:12:24'),(3709,370,'KeyID',1,50,0,'2016-07-22 20:12:24',NULL,NULL,'2016-07-22 20:12:24','2016-07-22 20:12:24'),(3710,370,'Value',1,255,1,'2016-07-22 20:12:24',NULL,NULL,'2016-07-22 20:12:24','2016-07-22 20:12:24'),(3711,371,'ConnectionID',1,20,1,'2016-07-22 20:13:07',NULL,NULL,'2016-07-22 20:12:24','2016-07-22 20:13:07'),(3712,371,'ConnectString',1,255,0,'2016-07-22 20:12:24',NULL,NULL,'2016-07-22 20:12:24','2016-07-22 20:12:24'),(3713,372,'Carrier',1,100,0,'2016-07-22 20:13:18',NULL,NULL,'2016-07-22 20:12:24','2016-07-22 20:13:18'),(3714,372,'CompanyID',9,12,1,'2016-08-02 02:29:39',NULL,NULL,'2016-07-22 20:12:24','2016-08-02 02:29:39'),(3715,372,'CompanyName',1,100,0,'2016-07-22 20:13:04',NULL,NULL,'2016-07-22 20:12:24','2016-07-22 20:13:04'),(3716,372,'ContactType',1,12,1,'2016-07-22 20:13:05',NULL,NULL,'2016-07-22 20:12:24','2016-07-22 20:13:05'),(3717,372,'Country',1,50,0,'2016-07-22 20:13:33',NULL,NULL,'2016-07-22 20:12:24','2016-07-22 20:13:33'),(3718,372,'DOB',4,NULL,1,'2016-07-22 20:13:05',NULL,NULL,'2016-07-22 20:12:24','2016-07-22 20:13:05'),(3719,372,'Email',1,200,1,'2016-07-22 20:13:22',NULL,NULL,'2016-07-22 20:12:24','2016-07-22 20:13:22'),(3720,372,'Email3',1,200,1,'2016-07-22 20:12:24',NULL,NULL,'2016-07-22 20:12:24','2016-07-22 20:12:24'),(3721,372,'EmergencyContact',1,100,1,'2016-07-22 20:12:57',NULL,NULL,'2016-07-22 20:12:24','2016-07-22 20:12:57'),(3722,372,'EmergencyPhone',1,20,1,'2016-07-22 20:12:57',NULL,NULL,'2016-07-22 20:12:24','2016-07-22 20:12:57'),(3723,372,'Gender',1,12,1,'2016-07-22 20:13:29',NULL,NULL,'2016-07-22 20:12:25','2016-07-22 20:13:29'),(3724,372,'HouseholdID',1,12,1,'2016-07-22 20:12:58',NULL,NULL,'2016-07-22 20:12:25','2016-07-22 20:12:58'),(3725,372,'iD',2,NULL,1,'2016-07-22 20:13:33',NULL,NULL,'2016-07-22 20:12:25','2016-07-22 20:13:33'),(3726,372,'InsuranceNumber',1,20,1,'2016-07-22 20:12:58',NULL,NULL,'2016-07-22 20:12:25','2016-07-22 20:12:58'),(3727,372,'InsuranceProvider',1,100,1,'2016-07-22 20:12:58',NULL,NULL,'2016-07-22 20:12:25','2016-07-22 20:12:58'),(3728,372,'isArchive',8,NULL,1,'2016-07-22 20:13:36',NULL,NULL,'2016-07-22 20:12:25','2016-07-22 20:13:36'),(3729,372,'IsDOBVerified',8,NULL,1,'2016-07-22 20:12:25',NULL,NULL,'2016-07-22 20:12:25','2016-07-22 20:12:25'),(3730,372,'isDoNotContact',8,NULL,1,'2016-07-22 20:12:39',NULL,NULL,'2016-07-22 20:12:25','2016-07-22 20:12:39'),(3731,372,'IsPrimeContact',8,NULL,1,'2016-07-22 20:12:25',NULL,NULL,'2016-07-22 20:12:25','2016-07-22 20:12:25'),(3732,372,'MaritalStatus',1,20,1,'2016-07-22 20:13:06',NULL,NULL,'2016-07-22 20:12:25','2016-07-22 20:13:06'),(3733,372,'MedicalCondition',1,500,1,'2016-07-22 20:13:02',NULL,NULL,'2016-07-22 20:12:25','2016-07-22 20:13:02'),(3734,372,'MergeWithContactID',9,12,1,'2016-08-02 02:30:03',NULL,NULL,'2016-07-22 20:12:25','2016-08-02 02:30:03'),(3735,372,'MiddleName',1,15,1,'2016-07-22 20:13:06',NULL,NULL,'2016-07-22 20:12:25','2016-07-22 20:13:06'),(3736,372,'Nationality',1,30,1,'2016-07-22 20:13:06',NULL,NULL,'2016-07-22 20:12:25','2016-07-22 20:13:06'),(3737,372,'Nickname',1,20,1,'2016-07-22 20:13:06',NULL,NULL,'2016-07-22 20:12:25','2016-07-22 20:13:06'),(3738,372,'Occupation',1,50,1,'2016-07-22 20:12:58',NULL,NULL,'2016-07-22 20:12:25','2016-07-22 20:12:58'),(3739,372,'PhoneCell',1,20,1,'2016-07-22 20:13:06',NULL,NULL,'2016-07-22 20:12:25','2016-07-22 20:13:06'),(3740,372,'PhoneHome',1,20,1,'2016-07-22 20:12:58',NULL,NULL,'2016-07-22 20:12:25','2016-07-22 20:12:58'),(3741,372,'PhoneWork',1,20,0,'2016-07-22 20:13:04',NULL,NULL,'2016-07-22 20:12:25','2016-07-22 20:13:04'),(3742,372,'Picture',1,250,1,'2016-07-22 20:12:25',NULL,NULL,'2016-07-22 20:12:25','2016-07-22 20:12:25'),(3743,372,'Question01',8,NULL,1,'2016-07-22 20:13:35',NULL,NULL,'2016-07-22 20:12:25','2016-07-22 20:13:35'),(3744,372,'Question02',8,NULL,1,'2016-07-22 20:13:35',NULL,NULL,'2016-07-22 20:12:25','2016-07-22 20:13:35'),(3745,372,'Question03',8,NULL,1,'2016-07-22 20:13:35',NULL,NULL,'2016-07-22 20:12:25','2016-07-22 20:13:35'),(3746,372,'Question04',8,NULL,1,'2016-07-22 20:13:20',NULL,NULL,'2016-07-22 20:12:26','2016-07-22 20:13:20'),(3747,372,'Question05',8,NULL,1,'2016-07-22 20:13:20',NULL,NULL,'2016-07-22 20:12:26','2016-07-22 20:13:20'),(3748,373,'DateEntered',15,NULL,1,'2016-07-22 20:12:27',NULL,NULL,'2016-07-22 20:12:26','2016-07-22 20:12:27'),(3749,373,'FollowUpdate',15,NULL,0,'2016-07-22 20:12:26',NULL,NULL,'2016-07-22 20:12:26','2016-07-22 20:12:26'),(3750,373,'NoteSubject',1,250,0,'2016-07-22 20:12:27',NULL,NULL,'2016-07-22 20:12:27','2016-07-22 20:12:27'),(3751,374,'Balance',11,NULL,1,'2016-07-22 20:12:51',NULL,NULL,'2016-07-22 20:12:27','2016-07-22 20:12:51'),(3752,374,'CouponComment',1,100,1,'2016-07-22 20:12:27',NULL,NULL,'2016-07-22 20:12:27','2016-07-22 20:12:27'),(3753,374,'CouponStatus',1,12,0,'2016-07-22 20:12:27',NULL,NULL,'2016-07-22 20:12:27','2016-07-22 20:12:27'),(3754,374,'CouponTotal',11,NULL,1,'2016-07-22 20:12:27',NULL,NULL,'2016-07-22 20:12:27','2016-07-22 20:12:27'),(3755,374,'CouponType',1,12,0,'2016-07-22 20:12:27',NULL,NULL,'2016-07-22 20:12:27','2016-07-22 20:12:27'),(3756,374,'Credit',11,NULL,1,'2016-07-22 20:13:00',NULL,NULL,'2016-07-22 20:12:27','2016-07-22 20:13:00'),(3757,374,'CreditEventID',1,12,1,'2016-07-22 20:12:27',NULL,NULL,'2016-07-22 20:12:27','2016-07-22 20:12:27'),(3758,374,'CreditItemID',9,12,1,'2016-08-02 02:30:37',NULL,NULL,'2016-07-22 20:12:27','2016-08-02 02:30:37'),(3759,374,'DateUsed',4,NULL,1,'2016-07-22 20:12:27',NULL,NULL,'2016-07-22 20:12:27','2016-07-22 20:12:27'),(3760,374,'EventID',9,12,1,'2016-08-02 02:30:27',NULL,NULL,'2016-07-22 20:12:27','2016-08-02 02:30:27'),(3761,374,'ExpiryDate',4,NULL,1,'2016-07-22 20:13:23',NULL,NULL,'2016-07-22 20:12:27','2016-07-22 20:13:23'),(3762,374,'NetRevenue',11,NULL,1,'2016-07-22 20:12:27',NULL,NULL,'2016-07-22 20:12:27','2016-07-22 20:12:27'),(3763,374,'PromoCode',1,20,1,'2016-07-22 20:12:58',NULL,NULL,'2016-07-22 20:12:27','2016-07-22 20:12:58'),(3764,374,'QtyUsed',8,NULL,1,'2016-07-22 20:12:27',NULL,NULL,'2016-07-22 20:12:27','2016-07-22 20:12:27'),(3765,375,'DateEffFrom',4,NULL,1,'2016-07-22 20:12:27',NULL,NULL,'2016-07-22 20:12:27','2016-07-22 20:12:27'),(3766,375,'DateEffTo',4,NULL,1,'2016-07-22 20:12:27',NULL,NULL,'2016-07-22 20:12:27','2016-07-22 20:12:27'),(3767,375,'Filename',1,1000,1,'2016-07-22 20:12:27',NULL,NULL,'2016-07-22 20:12:27','2016-07-22 20:12:27'),(3768,375,'isCopy',8,NULL,1,'2016-07-22 20:13:23',NULL,NULL,'2016-07-22 20:12:27','2016-07-22 20:13:23'),(3769,376,'DateDownloaded',4,NULL,1,'2016-07-22 20:12:27',NULL,NULL,'2016-07-22 20:12:27','2016-07-22 20:12:27'),(3770,376,'DateUploaded',4,NULL,1,'2016-07-22 20:12:27',NULL,NULL,'2016-07-22 20:12:27','2016-07-22 20:12:27'),(3771,376,'DocumentID',1,20,1,'2016-07-22 20:12:46',NULL,NULL,'2016-07-22 20:12:27','2016-07-22 20:12:46'),(3772,377,'PermissionLevel',1,12,1,'2016-07-22 20:13:17',NULL,NULL,'2016-07-22 20:12:27','2016-07-22 20:13:17'),(3773,377,'SecRole',1,12,0,'2016-07-22 20:12:27',NULL,NULL,'2016-07-22 20:12:27','2016-07-22 20:12:27'),(3774,377,'ServiceElementID',1,12,1,'2016-07-22 20:12:27',NULL,NULL,'2016-07-22 20:12:27','2016-07-22 20:12:27'),(3775,378,'EmailHeaderID',1,12,1,'2016-07-22 20:12:27',NULL,NULL,'2016-07-22 20:12:27','2016-07-22 20:12:27'),(3776,379,'DateSent',4,NULL,1,'2016-07-22 20:13:17',NULL,NULL,'2016-07-22 20:12:28','2016-07-22 20:13:17'),(3777,379,'EmailTemplateID',1,12,1,'2016-07-22 20:12:28',NULL,NULL,'2016-07-22 20:12:28','2016-07-22 20:12:28'),(3778,379,'EndDate',4,NULL,0,'2016-07-22 20:12:37',NULL,NULL,'2016-07-22 20:12:28','2016-07-22 20:12:37'),(3779,379,'Frequency',1,12,1,'2016-07-22 20:12:28',NULL,NULL,'2016-07-22 20:12:28','2016-07-22 20:12:28'),(3780,379,'FromAddress',1,100,1,'2016-07-22 20:12:29',NULL,NULL,'2016-07-22 20:12:28','2016-07-22 20:12:29'),(3781,379,'MessageBody',13,-1,1,'2016-07-22 20:12:29',NULL,NULL,'2016-07-22 20:12:28','2016-07-22 20:12:29'),(3782,379,'ReportName',1,65,1,'2016-07-22 20:12:28',NULL,NULL,'2016-07-22 20:12:28','2016-07-22 20:12:28'),(3783,379,'ReportSearchObject',13,-1,1,'2016-07-22 20:12:28',NULL,NULL,'2016-07-22 20:12:28','2016-07-22 20:12:28'),(3784,379,'SingleCopyEmail',1,300,1,'2016-07-22 20:12:28',NULL,NULL,'2016-07-22 20:12:28','2016-07-22 20:12:28'),(3785,379,'StartDate',4,NULL,1,'2016-07-22 20:12:36',NULL,NULL,'2016-07-22 20:12:28','2016-07-22 20:12:36'),(3786,379,'ToAddress',1,100,1,'2016-07-22 20:12:29',NULL,NULL,'2016-07-22 20:12:28','2016-07-22 20:12:29'),(3787,380,'EmailTextConfirmed',1,500,1,'2016-07-22 20:12:29',NULL,NULL,'2016-07-22 20:12:29','2016-07-22 20:12:29'),(3788,380,'EmailTextDue',1,500,1,'2016-07-22 20:12:29',NULL,NULL,'2016-07-22 20:12:29','2016-07-22 20:12:29'),(3789,380,'PaymentType',1,50,1,'2016-07-22 20:12:58',NULL,NULL,'2016-07-22 20:12:29','2016-07-22 20:12:58'),(3790,380,'RegType',1,12,1,'2016-07-22 20:12:58',NULL,NULL,'2016-07-22 20:12:29','2016-07-22 20:12:58'),(3791,381,'MergeFields',1,250,1,'2016-07-22 20:12:29',NULL,NULL,'2016-07-22 20:12:29','2016-07-22 20:12:29'),(3792,381,'TemplateName',1,100,1,'2016-07-22 20:12:29',NULL,NULL,'2016-07-22 20:12:29','2016-07-22 20:12:29'),(3793,382,'EmailID',1,100,1,'2016-07-22 20:12:29',NULL,NULL,'2016-07-22 20:12:29','2016-07-22 20:12:29'),(3794,382,'EmailTempID',1,12,0,'2016-07-22 20:12:29',NULL,NULL,'2016-07-22 20:12:29','2016-07-22 20:12:29'),(3795,383,'EmailSysTemplateID',1,12,1,'2016-07-22 20:12:29',NULL,NULL,'2016-07-22 20:12:29','2016-07-22 20:12:29'),(3796,383,'SecRoleID',1,12,0,'2016-07-22 20:13:15',NULL,NULL,'2016-07-22 20:12:29','2016-07-22 20:13:15'),(3797,383,'SecUserID',1,20,1,'2016-07-22 20:13:30',NULL,NULL,'2016-07-22 20:12:29','2016-07-22 20:13:30'),(3798,384,'Browser',1,50,1,'2016-07-22 20:12:29',NULL,NULL,'2016-07-22 20:12:29','2016-07-22 20:12:29'),(3799,384,'ErrorMasterID',1,12,1,'2016-07-22 20:12:30',NULL,NULL,'2016-07-22 20:12:30','2016-07-22 20:12:30'),(3800,384,'ExceptionType',1,250,1,'2016-07-22 20:12:30',NULL,NULL,'2016-07-22 20:12:30','2016-07-22 20:12:30'),(3801,384,'InnerException',13,-1,1,'2016-07-22 20:12:30',NULL,NULL,'2016-07-22 20:12:30','2016-07-22 20:12:30'),(3802,384,'Message',1,3000,1,'2016-07-22 20:12:40',NULL,NULL,'2016-07-22 20:12:30','2016-07-22 20:12:40'),(3803,384,'Source',13,-1,1,'2016-07-22 20:12:30',NULL,NULL,'2016-07-22 20:12:30','2016-07-22 20:12:30'),(3804,384,'StackTrace',13,-1,1,'2016-07-22 20:12:30',NULL,NULL,'2016-07-22 20:12:30','2016-07-22 20:12:30'),(3805,384,'StatusCode',1,12,1,'2016-07-22 20:12:30',NULL,NULL,'2016-07-22 20:12:30','2016-07-22 20:12:30'),(3806,384,'Url',13,-1,1,'2016-07-22 20:12:30',NULL,NULL,'2016-07-22 20:12:30','2016-07-22 20:12:30'),(3807,385,'ErrorCode',1,50,1,'2016-07-22 20:12:30',NULL,NULL,'2016-07-22 20:12:30','2016-07-22 20:12:30'),(3808,385,'ErrorName',1,50,1,'2016-07-22 20:12:30',NULL,NULL,'2016-07-22 20:12:30','2016-07-22 20:12:30'),(3809,386,'ContactEmail',1,250,1,'2016-07-22 20:12:30',NULL,NULL,'2016-07-22 20:12:30','2016-07-22 20:12:30'),(3810,386,'ContactName',1,50,1,'2016-07-22 20:12:30',NULL,NULL,'2016-07-22 20:12:30','2016-07-22 20:12:30'),(3811,386,'EventCode',1,20,1,'2016-07-22 20:13:12',NULL,NULL,'2016-07-22 20:12:30','2016-07-22 20:13:12'),(3812,386,'EventDesc',1,150,0,'2016-07-22 20:12:33',NULL,NULL,'2016-07-22 20:12:30','2016-07-22 20:12:33'),(3813,386,'EventStatus',1,20,0,'2016-07-22 20:12:32',NULL,NULL,'2016-07-22 20:12:30','2016-07-22 20:12:32'),(3814,386,'EventType',1,30,0,'2016-07-22 20:12:33',NULL,NULL,'2016-07-22 20:12:30','2016-07-22 20:12:33'),(3815,386,'InstallmentEndDate',4,NULL,1,'2016-07-22 20:12:32',NULL,NULL,'2016-07-22 20:12:30','2016-07-22 20:12:32'),(3816,386,'LastEventID',9,12,1,'2016-08-02 02:31:35',NULL,NULL,'2016-07-22 20:12:31','2016-08-02 02:31:35'),(3817,386,'MoreInfoURL',1,250,1,'2016-07-22 20:12:45',NULL,NULL,'2016-07-22 20:12:31','2016-07-22 20:12:45'),(3818,386,'RegEarlyDate',4,NULL,1,'2016-07-22 20:12:32',NULL,NULL,'2016-07-22 20:12:31','2016-07-22 20:12:32'),(3819,386,'RegEndDate',4,NULL,0,'2016-07-22 20:12:33',NULL,NULL,'2016-07-22 20:12:31','2016-07-22 20:12:33'),(3820,386,'RegLateDate',4,NULL,1,'2016-07-22 20:12:33',NULL,NULL,'2016-07-22 20:12:31','2016-07-22 20:12:33'),(3821,386,'RegStartDate',4,NULL,0,'2016-07-22 20:12:33',NULL,NULL,'2016-07-22 20:12:31','2016-07-22 20:12:33'),(3822,386,'Season',1,20,1,'2016-07-22 20:12:31',NULL,NULL,'2016-07-22 20:12:31','2016-07-22 20:12:31'),(3823,386,'SeasonID',9,12,1,'2016-08-02 02:34:01',NULL,NULL,'2016-07-22 20:12:31','2016-08-02 02:34:01'),(3824,386,'Venue',1,250,1,'2016-07-22 20:12:31',NULL,NULL,'2016-07-22 20:12:31','2016-07-22 20:12:31'),(3825,386,'Year',8,NULL,1,'2016-07-22 20:13:13',NULL,NULL,'2016-07-22 20:12:31','2016-07-22 20:13:13'),(3826,386,'YearOfPlayCutOff',4,NULL,0,'2016-07-22 20:13:13',NULL,NULL,'2016-07-22 20:12:31','2016-07-22 20:13:13'),(3827,387,'ClassName',1,100,1,'2016-07-22 20:12:31',NULL,NULL,'2016-07-22 20:12:31','2016-07-22 20:12:31'),(3828,387,'ClassType',1,20,1,'2016-07-22 20:12:31',NULL,NULL,'2016-07-22 20:12:31','2016-07-22 20:12:31'),(3829,387,'ContactID01',9,12,1,'2016-08-02 02:34:12',NULL,NULL,'2016-07-22 20:12:31','2016-08-02 02:34:12'),(3830,387,'ContactID02',9,12,1,'2016-08-02 02:34:16',NULL,NULL,'2016-07-22 20:12:31','2016-08-02 02:34:16'),(3831,387,'ContactID03',9,12,1,'2016-08-02 02:34:20',NULL,NULL,'2016-07-22 20:12:31','2016-08-02 02:34:20'),(3832,387,'Instructor',1,200,1,'2016-07-22 20:12:32',NULL,NULL,'2016-07-22 20:12:32','2016-07-22 20:12:32'),(3833,387,'Location',1,30,1,'2016-07-22 20:13:35',NULL,NULL,'2016-07-22 20:12:32','2016-07-22 20:13:35'),(3834,387,'Session',1,100,1,'2016-07-22 20:12:33',NULL,NULL,'2016-07-22 20:12:32','2016-07-22 20:12:33'),(3835,388,'EventIDFrom',9,12,0,'2016-08-02 02:34:30',NULL,NULL,'2016-07-22 20:12:32','2016-08-02 02:34:30'),(3836,388,'ProcessMessage',1,500,1,'2016-07-22 20:13:28',NULL,NULL,'2016-07-22 20:12:32','2016-07-22 20:13:28'),(3837,389,'ActualRegn',8,NULL,1,'2016-07-22 20:12:33',NULL,NULL,'2016-07-22 20:12:33','2016-07-22 20:12:33'),(3838,389,'Category01',1,20,1,'2016-07-22 20:13:19',NULL,NULL,'2016-07-22 20:12:33','2016-07-22 20:13:19'),(3839,389,'CouponCode',1,20,1,'2016-07-22 20:13:35',NULL,NULL,'2016-07-22 20:12:33','2016-07-22 20:13:35'),(3840,389,'DayOfWeek',1,20,1,'2016-07-22 20:12:42',NULL,NULL,'2016-07-22 20:12:33','2016-07-22 20:12:42'),(3841,389,'EffectiveFromDate',4,NULL,0,'2016-07-22 20:13:23',NULL,NULL,'2016-07-22 20:12:33','2016-07-22 20:13:23'),(3842,389,'EffectiveToDate',4,NULL,0,'2016-07-22 20:13:23',NULL,NULL,'2016-07-22 20:12:33','2016-07-22 20:13:23'),(3843,389,'EventItemStatus',1,20,0,'2016-07-22 20:12:33',NULL,NULL,'2016-07-22 20:12:33','2016-07-22 20:12:33'),(3844,389,'RegnLimit',8,NULL,1,'2016-07-22 20:12:33',NULL,NULL,'2016-07-22 20:12:33','2016-07-22 20:12:33'),(3845,389,'RegnLimitDate',4,NULL,1,'2016-07-22 20:12:33',NULL,NULL,'2016-07-22 20:12:33','2016-07-22 20:12:33'),(3846,389,'WaitListLimit',8,NULL,1,'2016-07-22 20:12:33',NULL,NULL,'2016-07-22 20:12:33','2016-07-22 20:12:33'),(3847,390,'Confirmation',1,500,1,'2016-07-22 20:12:33',NULL,NULL,'2016-07-22 20:12:33','2016-07-22 20:12:33'),(3848,390,'Donation',1,250,1,'2016-07-22 20:12:33',NULL,NULL,'2016-07-22 20:12:33','2016-07-22 20:12:33'),(3849,390,'EmailText',1,500,1,'2016-07-22 20:12:33',NULL,NULL,'2016-07-22 20:12:33','2016-07-22 20:12:33'),(3850,390,'isCreate',8,NULL,1,'2016-07-22 20:12:33',NULL,NULL,'2016-07-22 20:12:33','2016-07-22 20:12:33'),(3851,390,'LinkHTML',1,250,1,'2016-07-22 20:12:33',NULL,NULL,'2016-07-22 20:12:33','2016-07-22 20:12:33'),(3852,390,'Program',1,12,1,'2016-07-22 20:13:25',NULL,NULL,'2016-07-22 20:12:33','2016-07-22 20:13:25'),(3853,390,'Store',1,250,1,'2016-07-22 20:12:33',NULL,NULL,'2016-07-22 20:12:33','2016-07-22 20:12:33'),(3854,390,'Training',1,500,1,'2016-07-22 20:12:33',NULL,NULL,'2016-07-22 20:12:33','2016-07-22 20:12:33'),(3855,390,'Uniform',1,250,1,'2016-07-22 20:12:33',NULL,NULL,'2016-07-22 20:12:33','2016-07-22 20:12:33'),(3856,390,'Volunteer',1,500,1,'2016-07-22 20:13:24',NULL,NULL,'2016-07-22 20:12:33','2016-07-22 20:13:24'),(3857,391,'ClassID',1,20,1,'2016-07-22 20:13:36',NULL,NULL,'2016-07-22 20:12:33','2016-07-22 20:13:36'),(3858,391,'DateofReg',15,NULL,1,'2016-07-22 20:12:57',NULL,NULL,'2016-07-22 20:12:34','2016-07-22 20:12:57'),(3859,391,'DropDate',4,NULL,1,'2016-07-22 20:12:34',NULL,NULL,'2016-07-22 20:12:34','2016-07-22 20:12:34'),(3860,391,'DropReason',1,200,1,'2016-07-22 20:12:34',NULL,NULL,'2016-07-22 20:12:34','2016-07-22 20:12:34'),(3861,391,'League',1,12,1,'2016-07-22 20:13:28',NULL,NULL,'2016-07-22 20:12:34','2016-07-22 20:13:28'),(3862,391,'PaymentDtlID',9,12,1,'2016-08-02 02:39:23',NULL,NULL,'2016-07-22 20:12:34','2016-08-02 02:39:23'),(3863,391,'PlayerNum',1,30,1,'2016-07-22 20:13:06',NULL,NULL,'2016-07-22 20:12:34','2016-07-22 20:13:06'),(3864,391,'Position',1,50,1,'2016-07-22 20:13:06',NULL,NULL,'2016-07-22 20:12:34','2016-07-22 20:13:06'),(3865,391,'Ranking',11,NULL,1,'2016-07-22 20:12:34',NULL,NULL,'2016-07-22 20:12:34','2016-07-22 20:12:34'),(3866,391,'School',1,500,1,'2016-07-22 20:13:24',NULL,NULL,'2016-07-22 20:12:34','2016-07-22 20:13:24'),(3867,391,'SchoolOther',1,20,1,'2016-07-22 20:13:03',NULL,NULL,'2016-07-22 20:12:34','2016-07-22 20:13:03'),(3868,391,'SpecialRequest',1,600,1,'2016-07-22 20:13:06',NULL,NULL,'2016-07-22 20:12:34','2016-07-22 20:13:06'),(3869,391,'StatusDate',15,NULL,1,'2016-07-22 20:13:35',NULL,NULL,'2016-07-22 20:12:34','2016-07-22 20:13:35'),(3870,392,'Custom',1,50,1,'2016-07-22 20:12:34',NULL,NULL,'2016-07-22 20:12:34','2016-07-22 20:12:34'),(3871,392,'ExtSystemID',1,20,1,'2016-07-22 20:12:34',NULL,NULL,'2016-07-22 20:12:34','2016-07-22 20:12:34'),(3872,392,'ExtSystemIDInt',2,NULL,1,'2016-07-22 20:12:34',NULL,NULL,'2016-07-22 20:12:34','2016-07-22 20:12:34'),(3873,392,'FatherID',1,12,1,'2016-07-22 20:12:34',NULL,NULL,'2016-07-22 20:12:34','2016-07-22 20:12:34'),(3874,392,'MotherID',1,12,1,'2016-07-22 20:12:34',NULL,NULL,'2016-07-22 20:12:34','2016-07-22 20:12:34'),(3875,392,'System',1,20,1,'2016-07-22 20:12:34',NULL,NULL,'2016-07-22 20:12:34','2016-07-22 20:12:34'),(3876,392,'TranType',1,20,1,'2016-07-22 20:12:51',NULL,NULL,'2016-07-22 20:12:34','2016-07-22 20:12:51'),(3877,393,'Area',1,20,1,'2016-07-22 20:12:34',NULL,NULL,'2016-07-22 20:12:34','2016-07-22 20:12:34'),(3878,393,'Availability',1,100,1,'2016-07-22 20:12:34',NULL,NULL,'2016-07-22 20:12:34','2016-07-22 20:12:34'),(3879,393,'Capacity',8,NULL,1,'2016-07-22 20:13:35',NULL,NULL,'2016-07-22 20:12:34','2016-07-22 20:13:35'),(3880,393,'Complex',1,200,1,'2016-07-22 20:12:34',NULL,NULL,'2016-07-22 20:12:34','2016-07-22 20:12:34'),(3881,393,'FacilityImage',1,200,1,'2016-07-22 20:12:34',NULL,NULL,'2016-07-22 20:12:34','2016-07-22 20:12:34'),(3882,393,'FacilityName',1,200,0,'2016-07-22 20:12:35',NULL,NULL,'2016-07-22 20:12:35','2016-07-22 20:12:35'),(3883,393,'FacilityNote',13,-1,1,'2016-07-22 20:12:35',NULL,NULL,'2016-07-22 20:12:35','2016-07-22 20:12:35'),(3884,393,'FacilityType',1,30,1,'2016-07-22 20:12:35',NULL,NULL,'2016-07-22 20:12:35','2016-07-22 20:12:35'),(3885,393,'FullAddress',1,200,1,'2016-07-22 20:12:35',NULL,NULL,'2016-07-22 20:12:35','2016-07-22 20:12:35'),(3886,393,'MapRef',1,500,1,'2016-07-22 20:12:35',NULL,NULL,'2016-07-22 20:12:35','2016-07-22 20:12:35'),(3887,394,'DateReserved',4,NULL,0,'2016-07-22 20:12:35',NULL,NULL,'2016-07-22 20:12:35','2016-07-22 20:12:35'),(3888,394,'FacilityAvailableID',1,12,1,'2016-07-22 20:12:35',NULL,NULL,'2016-07-22 20:12:35','2016-07-22 20:12:35'),(3889,394,'FacilityID',9,12,1,'2016-08-02 02:50:33',NULL,NULL,'2016-07-22 20:12:35','2016-08-02 02:50:33'),(3890,394,'ReservationID',1,12,0,'2016-07-22 20:12:35',NULL,NULL,'2016-07-22 20:12:35','2016-07-22 20:12:35'),(3891,394,'TimeEnd',4,NULL,1,'2016-07-22 20:13:36',NULL,NULL,'2016-07-22 20:12:35','2016-07-22 20:13:36'),(3892,394,'TimeStart',4,NULL,1,'2016-07-22 20:13:36',NULL,NULL,'2016-07-22 20:12:35','2016-07-22 20:13:36'),(3893,396,'AdoptedField',1,20,1,'2016-07-22 20:12:35',NULL,NULL,'2016-07-22 20:12:35','2016-07-22 20:12:35'),(3894,396,'AgeUseFrom',1,100,1,'2016-07-22 20:12:35',NULL,NULL,'2016-07-22 20:12:35','2016-07-22 20:12:35'),(3895,396,'AgeUseTo',1,2,1,'2016-07-22 20:12:35',NULL,NULL,'2016-07-22 20:12:35','2016-07-22 20:12:35'),(3896,396,'FacilityNum',1,20,1,'2016-07-22 20:12:35',NULL,NULL,'2016-07-22 20:12:35','2016-07-22 20:12:35'),(3897,396,'FieldDirection',13,-1,1,'2016-07-22 20:12:35',NULL,NULL,'2016-07-22 20:12:35','2016-07-22 20:12:35'),(3898,396,'FieldName',1,50,1,'2016-07-22 20:13:12',NULL,NULL,'2016-07-22 20:12:35','2016-07-22 20:13:12'),(3899,396,'FieldSize',1,20,1,'2016-07-22 20:12:35',NULL,NULL,'2016-07-22 20:12:35','2016-07-22 20:12:35'),(3900,396,'FieldStatus',1,20,1,'2016-07-22 20:12:35',NULL,NULL,'2016-07-22 20:12:35','2016-07-22 20:12:35'),(3901,396,'FieldType',1,20,1,'2016-07-22 20:12:35',NULL,NULL,'2016-07-22 20:12:35','2016-07-22 20:12:35'),(3902,396,'FieldUse',1,20,1,'2016-07-22 20:12:35',NULL,NULL,'2016-07-22 20:12:35','2016-07-22 20:12:35'),(3903,396,'GoalType',1,12,1,'2016-07-22 20:12:35',NULL,NULL,'2016-07-22 20:12:35','2016-07-22 20:12:35'),(3904,396,'IsLighted',8,NULL,1,'2016-07-22 20:12:35',NULL,NULL,'2016-07-22 20:12:35','2016-07-22 20:12:35'),(3905,396,'MapRefURL',1,250,1,'2016-07-22 20:12:35',NULL,NULL,'2016-07-22 20:12:35','2016-07-22 20:12:35'),(3906,396,'MaxPracTeam',8,NULL,1,'2016-07-22 20:12:35',NULL,NULL,'2016-07-22 20:12:35','2016-07-22 20:12:35'),(3907,396,'ParkName',1,50,1,'2016-07-22 20:12:35',NULL,NULL,'2016-07-22 20:12:35','2016-07-22 20:12:35'),(3908,396,'SpecialConsideration',1,2000,1,'2016-07-22 20:12:35',NULL,NULL,'2016-07-22 20:12:35','2016-07-22 20:12:35'),(3909,396,'SurfaceType',1,10,1,'2016-07-22 20:12:36',NULL,NULL,'2016-07-22 20:12:36','2016-07-22 20:12:36'),(3910,397,'Conflict',1,500,1,'2016-07-22 20:12:36',NULL,NULL,'2016-07-22 20:12:36','2016-07-22 20:12:36'),(3911,397,'Division',1,20,0,'2016-07-22 20:13:26',NULL,NULL,'2016-07-22 20:12:36','2016-07-22 20:13:26'),(3912,397,'Duration',8,NULL,1,'2016-07-22 20:12:37',NULL,NULL,'2016-07-22 20:12:36','2016-07-22 20:12:37'),(3913,397,'FieldID',1,12,1,'2016-07-22 20:13:12',NULL,NULL,'2016-07-22 20:12:36','2016-07-22 20:13:12'),(3914,397,'GameQtySched',8,NULL,0,'2016-07-22 20:12:36',NULL,NULL,'2016-07-22 20:12:36','2016-07-22 20:12:36'),(3915,397,'Interval',8,5,1,'2016-07-22 20:12:43',NULL,NULL,'2016-07-22 20:12:36','2016-07-22 20:12:43'),(3916,397,'Period',1,4,1,'2016-07-22 20:12:36',NULL,NULL,'2016-07-22 20:12:36','2016-07-22 20:12:36'),(3917,397,'SchedComment',1,200,1,'2016-07-22 20:13:12',NULL,NULL,'2016-07-22 20:12:36','2016-07-22 20:13:12'),(3918,397,'SchedType',1,12,0,'2016-07-22 20:13:12',NULL,NULL,'2016-07-22 20:12:36','2016-07-22 20:13:12'),(3919,397,'TeamAwayName',1,50,1,'2016-07-22 20:13:12',NULL,NULL,'2016-07-22 20:12:36','2016-07-22 20:13:12'),(3920,397,'TeamHomeName',1,50,1,'2016-07-22 20:13:12',NULL,NULL,'2016-07-22 20:12:36','2016-07-22 20:13:12'),(3921,398,'IsBlackout',8,NULL,1,'2016-07-22 20:12:38',NULL,NULL,'2016-07-22 20:12:37','2016-07-22 20:12:38'),(3922,398,'IsGameDel',8,NULL,1,'2016-07-22 20:12:38',NULL,NULL,'2016-07-22 20:12:37','2016-07-22 20:12:38'),(3923,398,'IsGameSched',8,NULL,1,'2016-07-22 20:12:38',NULL,NULL,'2016-07-22 20:12:37','2016-07-22 20:12:38'),(3924,398,'LoadTeam',1,12,1,'2016-07-22 20:12:37',NULL,NULL,'2016-07-22 20:12:37','2016-07-22 20:12:37'),(3925,398,'SchedInterval',1,5,1,'2016-07-22 20:12:37',NULL,NULL,'2016-07-22 20:12:37','2016-07-22 20:12:37'),(3926,398,'ScheduleType',1,20,1,'2016-07-22 20:13:12',NULL,NULL,'2016-07-22 20:12:37','2016-07-22 20:13:12'),(3927,398,'StartDate01',4,NULL,0,'2016-07-22 20:12:37',NULL,NULL,'2016-07-22 20:12:37','2016-07-22 20:12:37'),(3928,398,'StartTime',4,NULL,1,'2016-07-22 20:13:33',NULL,NULL,'2016-07-22 20:12:37','2016-07-22 20:13:33'),(3929,398,'TeamArea',1,500,1,'2016-07-22 20:13:26',NULL,NULL,'2016-07-22 20:12:37','2016-07-22 20:13:26'),(3930,398,'WeekInSeason',8,NULL,1,'2016-07-22 20:12:37',NULL,NULL,'2016-07-22 20:12:37','2016-07-22 20:12:37'),(3931,400,'ApprovalReason',1,30,1,'2016-07-22 20:12:38',NULL,NULL,'2016-07-22 20:12:38','2016-07-22 20:12:38'),(3932,400,'NumWeeks',8,NULL,1,'2016-07-22 20:12:38',NULL,NULL,'2016-07-22 20:12:38','2016-07-22 20:12:38'),(3933,400,'Priority',2,NULL,1,'2016-07-22 20:12:38',NULL,NULL,'2016-07-22 20:12:38','2016-07-22 20:12:38'),(3934,400,'ReqPurpose',1,200,1,'2016-07-22 20:12:38',NULL,NULL,'2016-07-22 20:12:38','2016-07-22 20:12:38'),(3935,400,'ReqStatus',1,20,1,'2016-07-22 20:12:38',NULL,NULL,'2016-07-22 20:12:38','2016-07-22 20:12:38'),(3936,400,'ReqType',1,25,0,'2016-07-22 20:12:38',NULL,NULL,'2016-07-22 20:12:38','2016-07-22 20:12:38'),(3937,400,'TeamName',1,50,0,'2016-07-22 20:13:26',NULL,NULL,'2016-07-22 20:12:38','2016-07-22 20:13:26'),(3938,401,'Action',1,10,1,'2016-07-22 20:12:39',NULL,NULL,'2016-07-22 20:12:39','2016-07-22 20:12:39'),(3939,401,'ContactRole',1,20,1,'2016-07-22 20:12:39',NULL,NULL,'2016-07-22 20:12:39','2016-07-22 20:12:39'),(3940,401,'DisciplinaryNote',13,-1,1,'2016-07-22 20:12:39',NULL,NULL,'2016-07-22 20:12:39','2016-07-22 20:12:39'),(3941,401,'IncidentDate',4,NULL,0,'2016-07-22 20:12:39',NULL,NULL,'2016-07-22 20:12:39','2016-07-22 20:12:39'),(3942,401,'Referee',1,10,0,'2016-07-22 20:12:39',NULL,NULL,'2016-07-22 20:12:39','2016-07-22 20:12:39'),(3943,403,'HelpCategoryID',1,12,0,'2016-07-22 20:12:39',NULL,NULL,'2016-07-22 20:12:39','2016-07-22 20:12:39'),(3944,403,'TopicDetail',13,-1,1,'2016-07-22 20:12:39',NULL,NULL,'2016-07-22 20:12:39','2016-07-22 20:12:39'),(3945,403,'TopicTitle',1,500,0,'2016-07-22 20:12:39',NULL,NULL,'2016-07-22 20:12:39','2016-07-22 20:12:39'),(3946,403,'TopicType',1,20,1,'2016-07-22 20:12:39',NULL,NULL,'2016-07-22 20:12:39','2016-07-22 20:12:39'),(3947,404,'HouseholdNote',1,500,1,'2016-07-22 20:12:39',NULL,NULL,'2016-07-22 20:12:39','2016-07-22 20:12:39'),(3948,404,'isDuplicate',8,NULL,1,'2016-07-22 20:12:39',NULL,NULL,'2016-07-22 20:12:39','2016-07-22 20:12:39'),(3949,404,'MergeHouseholdID',1,12,1,'2016-07-22 20:12:40',NULL,NULL,'2016-07-22 20:12:40','2016-07-22 20:12:40'),(3950,405,'DTEnd',4,NULL,0,'2016-07-22 20:12:40',NULL,NULL,'2016-07-22 20:12:40','2016-07-22 20:12:40'),(3951,405,'DTStart',4,NULL,0,'2016-07-22 20:12:40',NULL,NULL,'2016-07-22 20:12:40','2016-07-22 20:12:40'),(3952,405,'Summary',1,500,1,'2016-07-22 20:12:40',NULL,NULL,'2016-07-22 20:12:40','2016-07-22 20:12:40'),(3953,406,'ImportText',13,-1,1,'2016-07-22 20:12:40',NULL,NULL,'2016-07-22 20:12:40','2016-07-22 20:12:40'),(3954,406,'LastUpdatedDate',15,NULL,1,'2016-07-22 20:13:08',NULL,NULL,'2016-07-22 20:12:40','2016-07-22 20:13:08'),(3955,406,'Process',1,20,0,'2016-07-22 20:12:40',NULL,NULL,'2016-07-22 20:12:40','2016-07-22 20:12:40'),(3956,407,'AccountCode',1,50,1,'2016-07-22 20:12:50',NULL,NULL,'2016-07-22 20:12:40','2016-07-22 20:12:50'),(3957,407,'EarlyPaymentDisc',11,NULL,1,'2016-07-22 20:12:51',NULL,NULL,'2016-07-22 20:12:40','2016-07-22 20:12:51'),(3958,407,'EventLocCode',1,20,1,'2016-07-22 20:13:03',NULL,NULL,'2016-07-22 20:12:40','2016-07-22 20:13:03'),(3959,407,'HouseDiscount',8,NULL,1,'2016-07-22 20:12:43',NULL,NULL,'2016-07-22 20:12:40','2016-07-22 20:12:43'),(3960,407,'HouseDiscountAmt',11,20,1,'2016-07-22 20:13:00',NULL,NULL,'2016-07-22 20:12:40','2016-07-22 20:13:00'),(3961,407,'ImageURL',1,250,1,'2016-07-22 20:12:43',NULL,NULL,'2016-07-22 20:12:40','2016-07-22 20:12:43'),(3962,407,'Installment',8,NULL,1,'2016-07-22 20:12:43',NULL,NULL,'2016-07-22 20:12:40','2016-07-22 20:12:43'),(3963,407,'InstallmentDeposit',11,NULL,1,'2016-07-22 20:12:43',NULL,NULL,'2016-07-22 20:12:40','2016-07-22 20:12:43'),(3964,407,'isAdmin',8,NULL,1,'2016-07-22 20:13:14',NULL,NULL,'2016-07-22 20:12:40','2016-07-22 20:13:14'),(3965,407,'ItemCopy',8,NULL,1,'2016-07-22 20:12:45',NULL,NULL,'2016-07-22 20:12:40','2016-07-22 20:12:45'),(3966,407,'ItemType',1,12,0,'2016-07-22 20:12:45',NULL,NULL,'2016-07-22 20:12:40','2016-07-22 20:12:45'),(3967,407,'LatePaymentFee',1,20,1,'2016-07-22 20:12:51',NULL,NULL,'2016-07-22 20:12:40','2016-07-22 20:12:51'),(3968,407,'QtyDiscount',8,NULL,1,'2016-07-22 20:12:45',NULL,NULL,'2016-07-22 20:12:41','2016-07-22 20:12:45'),(3969,407,'QtyDiscountAmt',11,20,1,'2016-07-22 20:13:00',NULL,NULL,'2016-07-22 20:12:41','2016-07-22 20:13:00'),(3970,407,'ShortDescription',1,50,0,'2016-07-22 20:13:37',NULL,NULL,'2016-07-22 20:12:41','2016-07-22 20:13:37'),(3971,407,'SpecialPrice',11,NULL,1,'2016-07-22 20:12:45',NULL,NULL,'2016-07-22 20:12:41','2016-07-22 20:12:45'),(3972,407,'SpecialPriceType',1,20,1,'2016-07-22 20:12:45',NULL,NULL,'2016-07-22 20:12:41','2016-07-22 20:12:45'),(3973,407,'TaxCode',11,NULL,1,'2016-07-22 20:12:45',NULL,NULL,'2016-07-22 20:12:41','2016-07-22 20:12:45'),(3974,407,'UnitPrice',11,NULL,0,'2016-07-22 20:12:45',NULL,NULL,'2016-07-22 20:12:41','2016-07-22 20:12:45'),(3975,408,'AdditionalItemID',1,12,0,'2016-07-22 20:12:41',NULL,NULL,'2016-07-22 20:12:41','2016-07-22 20:12:41'),(3976,409,'AddItemID01',1,12,1,'2016-07-22 20:12:41',NULL,NULL,'2016-07-22 20:12:41','2016-07-22 20:12:41'),(3977,409,'AddItemID02',1,12,1,'2016-07-22 20:12:41',NULL,NULL,'2016-07-22 20:12:41','2016-07-22 20:12:41'),(3978,409,'BusinessRuleID',1,12,1,'2016-07-22 20:13:23',NULL,NULL,'2016-07-22 20:12:41','2016-07-22 20:13:23'),(3979,409,'Code',1,20,0,'2016-07-22 20:12:45',NULL,NULL,'2016-07-22 20:12:41','2016-07-22 20:12:45'),(3980,409,'ControlOption',1,12,1,'2016-07-22 20:13:23',NULL,NULL,'2016-07-22 20:12:41','2016-07-22 20:13:23'),(3981,409,'ControlOption01',1,20,1,'2016-07-22 20:12:41',NULL,NULL,'2016-07-22 20:12:41','2016-07-22 20:12:41'),(3982,409,'ControlOption02',1,20,1,'2016-07-22 20:12:41',NULL,NULL,'2016-07-22 20:12:41','2016-07-22 20:12:41'),(3983,409,'DataType',1,20,1,'2016-07-22 20:12:41',NULL,NULL,'2016-07-22 20:12:41','2016-07-22 20:12:41'),(3984,409,'FeeUnit01',1,20,1,'2016-07-22 20:12:41',NULL,NULL,'2016-07-22 20:12:41','2016-07-22 20:12:41'),(3985,409,'FeeUnit02',1,20,1,'2016-07-22 20:12:41',NULL,NULL,'2016-07-22 20:12:41','2016-07-22 20:12:41'),(3986,409,'isRequired',8,NULL,1,'2016-07-22 20:12:41',NULL,NULL,'2016-07-22 20:12:41','2016-07-22 20:12:41'),(3987,409,'Message01',1,200,1,'2016-07-22 20:12:41',NULL,NULL,'2016-07-22 20:12:41','2016-07-22 20:12:41'),(3988,409,'Message02',1,200,1,'2016-07-22 20:12:41',NULL,NULL,'2016-07-22 20:12:41','2016-07-22 20:12:41'),(3989,409,'Price01',11,NULL,1,'2016-07-22 20:12:42',NULL,NULL,'2016-07-22 20:12:41','2016-07-22 20:12:42'),(3990,409,'Price02',11,NULL,1,'2016-07-22 20:12:42',NULL,NULL,'2016-07-22 20:12:41','2016-07-22 20:12:42'),(3991,409,'Price03',11,NULL,1,'2016-07-22 20:12:42',NULL,NULL,'2016-07-22 20:12:41','2016-07-22 20:12:42'),(3992,409,'Price04',11,NULL,1,'2016-07-22 20:12:42',NULL,NULL,'2016-07-22 20:12:41','2016-07-22 20:12:42'),(3993,409,'Price05',11,NULL,1,'2016-07-22 20:12:42',NULL,NULL,'2016-07-22 20:12:41','2016-07-22 20:12:42'),(3994,409,'Question',1,200,0,'2016-07-22 20:12:41',NULL,NULL,'2016-07-22 20:12:41','2016-07-22 20:12:41'),(3995,409,'ResponseType01',1,20,1,'2016-07-22 20:12:41',NULL,NULL,'2016-07-22 20:12:41','2016-07-22 20:12:41'),(3996,409,'ResponseType02',1,20,1,'2016-07-22 20:12:41',NULL,NULL,'2016-07-22 20:12:41','2016-07-22 20:12:41'),(3997,410,'AgeGroup',1,12,1,'2016-07-22 20:12:41',NULL,NULL,'2016-07-22 20:12:41','2016-07-22 20:12:41'),(3998,410,'RestrictCode',1,20,1,'2016-07-22 20:12:42',NULL,NULL,'2016-07-22 20:12:42','2016-07-22 20:12:42'),(3999,411,'Color',1,20,1,'2016-07-22 20:13:13',NULL,NULL,'2016-07-22 20:12:42','2016-07-22 20:13:13'),(4000,411,'DeadlineMax',8,NULL,1,'2016-07-22 20:12:42',NULL,NULL,'2016-07-22 20:12:42','2016-07-22 20:12:42'),(4001,411,'DeadlineMin',8,NULL,1,'2016-07-22 20:12:42',NULL,NULL,'2016-07-22 20:12:42','2016-07-22 20:12:42'),(4002,411,'EndTime',4,NULL,1,'2016-07-22 20:13:33',NULL,NULL,'2016-07-22 20:12:42','2016-07-22 20:13:33'),(4003,411,'EveningTime',4,NULL,1,'2016-07-22 20:12:42',NULL,NULL,'2016-07-22 20:12:42','2016-07-22 20:12:42'),(4004,411,'HourMax',11,NULL,1,'2016-07-22 20:12:42',NULL,NULL,'2016-07-22 20:12:42','2016-07-22 20:12:42'),(4005,411,'HourMin',11,NULL,1,'2016-07-22 20:12:42',NULL,NULL,'2016-07-22 20:12:42','2016-07-22 20:12:42'),(4006,411,'isAutoApprove',8,NULL,1,'2016-07-22 20:12:42',NULL,NULL,'2016-07-22 20:12:42','2016-07-22 20:12:42'),(4007,411,'isHideTime',8,NULL,1,'2016-07-22 20:12:42',NULL,NULL,'2016-07-22 20:12:42','2016-07-22 20:12:42'),(4008,411,'isResidentCheck',8,NULL,1,'2016-07-22 20:12:42',NULL,NULL,'2016-07-22 20:12:42','2016-07-22 20:12:42'),(4009,411,'Price',11,NULL,1,'2016-07-22 20:13:00',NULL,NULL,'2016-07-22 20:12:42','2016-07-22 20:13:00'),(4010,411,'Price06',11,NULL,1,'2016-07-22 20:12:42',NULL,NULL,'2016-07-22 20:12:42','2016-07-22 20:12:42'),(4011,411,'Price07',11,NULL,1,'2016-07-22 20:12:42',NULL,NULL,'2016-07-22 20:12:42','2016-07-22 20:12:42'),(4012,411,'Price08',11,NULL,1,'2016-07-22 20:12:43',NULL,NULL,'2016-07-22 20:12:43','2016-07-22 20:12:43'),(4013,411,'PriceGroup',1,12,1,'2016-07-22 20:12:43',NULL,NULL,'2016-07-22 20:12:43','2016-07-22 20:12:43'),(4014,411,'Quantity',8,NULL,0,'2016-07-22 20:13:01',NULL,NULL,'2016-07-22 20:12:43','2016-07-22 20:13:01'),(4015,411,'TimeEntryType',1,3,1,'2016-07-22 20:12:43',NULL,NULL,'2016-07-22 20:12:43','2016-07-22 20:12:43'),(4016,413,'Sport',1,20,0,'2016-07-22 20:12:45',NULL,NULL,'2016-07-22 20:12:45','2016-07-22 20:12:45'),(4017,414,'Archived',8,NULL,1,'2016-07-22 20:12:45',NULL,NULL,'2016-07-22 20:12:45','2016-07-22 20:12:45'),(4018,414,'HeaderName',1,20,1,'2016-07-22 20:12:46',NULL,NULL,'2016-07-22 20:12:46','2016-07-22 20:12:46'),(4019,414,'LookupHeaderID',1,12,1,'2016-07-22 20:12:46',NULL,NULL,'2016-07-22 20:12:46','2016-07-22 20:12:46'),(4020,415,'OrderBy',8,NULL,1,'2016-07-22 20:12:46',NULL,NULL,'2016-07-22 20:12:46','2016-07-22 20:12:46'),(4021,416,'CaseHour',11,NULL,1,'2016-07-22 20:13:34',NULL,NULL,'2016-07-22 20:12:46','2016-07-22 20:13:34'),(4022,416,'DateStart',4,NULL,0,'2016-07-22 20:13:10',NULL,NULL,'2016-07-22 20:12:46','2016-07-22 20:13:10'),(4023,416,'DateStatus',4,NULL,1,'2016-07-22 20:12:46',NULL,NULL,'2016-07-22 20:12:46','2016-07-22 20:12:46'),(4024,416,'HoursAcquiredForPrint',11,NULL,1,'2016-07-22 20:12:46',NULL,NULL,'2016-07-22 20:12:46','2016-07-22 20:12:46'),(4025,416,'HoursAcquiredToDate',11,NULL,1,'2016-07-22 20:12:46',NULL,NULL,'2016-07-22 20:12:46','2016-07-22 20:12:46'),(4026,416,'LastPrintDate',4,NULL,1,'2016-07-22 20:12:46',NULL,NULL,'2016-07-22 20:12:46','2016-07-22 20:12:46'),(4027,416,'MandateRef',1,20,1,'2016-07-22 20:12:46',NULL,NULL,'2016-07-22 20:12:46','2016-07-22 20:12:46'),(4028,416,'Note',1,100,1,'2016-07-22 20:13:20',NULL,NULL,'2016-07-22 20:12:46','2016-07-22 20:13:20'),(4029,416,'OrgContact',1,100,1,'2016-07-22 20:12:46',NULL,NULL,'2016-07-22 20:12:46','2016-07-22 20:12:46'),(4030,416,'OrgName',1,100,1,'2016-07-22 20:12:46',NULL,NULL,'2016-07-22 20:12:46','2016-07-22 20:12:46'),(4031,416,'ServiceType',1,20,1,'2016-07-22 20:13:35',NULL,NULL,'2016-07-22 20:12:46','2016-07-22 20:13:35'),(4032,416,'SetToPrint',8,NULL,1,'2016-07-22 20:12:46',NULL,NULL,'2016-07-22 20:12:46','2016-07-22 20:12:46'),(4033,417,'Allergies',1,500,1,'2016-07-22 20:12:46',NULL,NULL,'2016-07-22 20:12:46','2016-07-22 20:12:46'),(4034,417,'DentalPolicy',1,20,1,'2016-07-22 20:12:46',NULL,NULL,'2016-07-22 20:12:46','2016-07-22 20:12:46'),(4035,417,'Dentist',1,50,1,'2016-07-22 20:12:46',NULL,NULL,'2016-07-22 20:12:46','2016-07-22 20:12:46'),(4036,417,'Doctor',1,50,1,'2016-07-22 20:12:46',NULL,NULL,'2016-07-22 20:12:46','2016-07-22 20:12:46'),(4037,417,'Insurance',1,100,1,'2016-07-22 20:12:46',NULL,NULL,'2016-07-22 20:12:46','2016-07-22 20:12:46'),(4038,417,'isAgree',8,NULL,0,'2016-07-22 20:12:46',NULL,NULL,'2016-07-22 20:12:46','2016-07-22 20:12:46'),(4039,417,'LastPhysicalDate',4,NULL,1,'2016-07-22 20:12:46',NULL,NULL,'2016-07-22 20:12:46','2016-07-22 20:12:46'),(4040,417,'Medical01',1,20,1,'2016-07-22 20:13:06',NULL,NULL,'2016-07-22 20:12:46','2016-07-22 20:13:06'),(4041,417,'Medical02',1,20,1,'2016-07-22 20:13:06',NULL,NULL,'2016-07-22 20:12:46','2016-07-22 20:13:06'),(4042,417,'Medical03',1,20,1,'2016-07-22 20:13:06',NULL,NULL,'2016-07-22 20:12:46','2016-07-22 20:13:06'),(4043,417,'Name1',1,50,1,'2016-07-22 20:12:46',NULL,NULL,'2016-07-22 20:12:46','2016-07-22 20:12:46'),(4044,417,'Name2',1,50,1,'2016-07-22 20:12:46',NULL,NULL,'2016-07-22 20:12:46','2016-07-22 20:12:46'),(4045,417,'OtherMedical',1,500,1,'2016-07-22 20:12:46',NULL,NULL,'2016-07-22 20:12:46','2016-07-22 20:12:46'),(4046,417,'PhoneDental',1,20,1,'2016-07-22 20:12:47',NULL,NULL,'2016-07-22 20:12:47','2016-07-22 20:12:47'),(4047,417,'PhoneDoctor',1,20,1,'2016-07-22 20:12:47',NULL,NULL,'2016-07-22 20:12:47','2016-07-22 20:12:47'),(4048,417,'PhoneHome1',1,20,1,'2016-07-22 20:12:47',NULL,NULL,'2016-07-22 20:12:47','2016-07-22 20:12:47'),(4049,417,'PhoneHome2',1,20,1,'2016-07-22 20:12:47',NULL,NULL,'2016-07-22 20:12:47','2016-07-22 20:12:47'),(4050,417,'PhoneWork1',1,20,1,'2016-07-22 20:12:47',NULL,NULL,'2016-07-22 20:12:47','2016-07-22 20:12:47'),(4051,417,'PhoneWork2',1,20,1,'2016-07-22 20:12:47',NULL,NULL,'2016-07-22 20:12:47','2016-07-22 20:12:47'),(4052,417,'PolicyNum',1,30,1,'2016-07-22 20:12:47',NULL,NULL,'2016-07-22 20:12:47','2016-07-22 20:12:47'),(4053,417,'PreRegHeaderID',1,12,1,'2016-07-22 20:13:05',NULL,NULL,'2016-07-22 20:12:47','2016-07-22 20:13:05'),(4054,417,'RegPlayerID',1,12,1,'2016-07-22 20:12:47',NULL,NULL,'2016-07-22 20:12:47','2016-07-22 20:12:47'),(4055,418,'ExternalID',1,20,1,'2016-07-22 20:12:48',NULL,NULL,'2016-07-22 20:12:47','2016-07-22 20:12:48'),(4056,418,'isCogran',8,NULL,1,'2016-07-22 20:12:47',NULL,NULL,'2016-07-22 20:12:47','2016-07-22 20:12:47'),(4057,418,'MemberNote',1,200,1,'2016-07-22 20:12:47',NULL,NULL,'2016-07-22 20:12:47','2016-07-22 20:12:47'),(4058,419,'MemberNotes',1,200,1,'2016-07-22 20:12:48',NULL,NULL,'2016-07-22 20:12:48','2016-07-22 20:12:48'),(4059,419,'MemberSinceDate',4,NULL,1,'2016-07-22 20:12:48',NULL,NULL,'2016-07-22 20:12:48','2016-07-22 20:12:48'),(4060,420,'Class',1,20,1,'2016-07-22 20:12:49',NULL,NULL,'2016-07-22 20:12:48','2016-07-22 20:12:49'),(4061,420,'isDisplay',8,NULL,1,'2016-07-22 20:12:49',NULL,NULL,'2016-07-22 20:12:48','2016-07-22 20:12:49'),(4062,420,'MenuGroupName',1,50,0,'2016-07-22 20:12:48',NULL,NULL,'2016-07-22 20:12:48','2016-07-22 20:12:48'),(4063,420,'MenuTopSiteID',1,12,1,'2016-07-22 20:12:48',NULL,NULL,'2016-07-22 20:12:48','2016-07-22 20:12:48'),(4064,421,'DestURL',1,500,0,'2016-07-22 20:12:48',NULL,NULL,'2016-07-22 20:12:48','2016-07-22 20:12:48'),(4065,421,'MenuGroupSiteID',1,12,1,'2016-07-22 20:12:48',NULL,NULL,'2016-07-22 20:12:48','2016-07-22 20:12:48'),(4066,421,'MenuItemName',1,50,0,'2016-07-22 20:12:48',NULL,NULL,'2016-07-22 20:12:48','2016-07-22 20:12:48'),(4067,422,'AdvertisementURL',1,100,1,'2016-07-22 20:12:48',NULL,NULL,'2016-07-22 20:12:48','2016-07-22 20:12:48'),(4068,422,'DisplayClass',1,100,1,'2016-07-22 20:12:48',NULL,NULL,'2016-07-22 20:12:48','2016-07-22 20:12:48'),(4069,422,'DisplaySequence',8,NULL,1,'2016-07-22 20:12:48',NULL,NULL,'2016-07-22 20:12:48','2016-07-22 20:12:48'),(4070,422,'FooterClass',1,100,1,'2016-07-22 20:12:49',NULL,NULL,'2016-07-22 20:12:49','2016-07-22 20:12:49'),(4071,422,'FooterIconClass',1,100,1,'2016-07-22 20:12:49',NULL,NULL,'2016-07-22 20:12:49','2016-07-22 20:12:49'),(4072,422,'FooterNumberText',1,100,1,'2016-07-22 20:12:49',NULL,NULL,'2016-07-22 20:12:49','2016-07-22 20:12:49'),(4073,422,'FooterText',1,100,1,'2016-07-22 20:12:49',NULL,NULL,'2016-07-22 20:12:49','2016-07-22 20:12:49'),(4074,422,'HasAdvertisement',8,NULL,1,'2016-07-22 20:12:49',NULL,NULL,'2016-07-22 20:12:49','2016-07-22 20:12:49'),(4075,422,'HasFooter',8,NULL,1,'2016-07-22 20:12:49',NULL,NULL,'2016-07-22 20:12:49','2016-07-22 20:12:49'),(4076,422,'HasFooterIcon',8,NULL,1,'2016-07-22 20:12:49',NULL,NULL,'2016-07-22 20:12:49','2016-07-22 20:12:49'),(4077,422,'HasHeader',8,NULL,1,'2016-07-22 20:12:49',NULL,NULL,'2016-07-22 20:12:49','2016-07-22 20:12:49'),(4078,422,'HasHeaderIcon',8,NULL,1,'2016-07-22 20:12:49',NULL,NULL,'2016-07-22 20:12:49','2016-07-22 20:12:49'),(4079,422,'HeaderClass',1,100,1,'2016-07-22 20:12:49',NULL,NULL,'2016-07-22 20:12:49','2016-07-22 20:12:49'),(4080,422,'HeaderIconClass',1,100,1,'2016-07-22 20:12:49',NULL,NULL,'2016-07-22 20:12:49','2016-07-22 20:12:49'),(4081,422,'HeaderNumberText',1,100,1,'2016-07-22 20:12:49',NULL,NULL,'2016-07-22 20:12:49','2016-07-22 20:12:49'),(4082,422,'HeaderText',1,100,1,'2016-07-22 20:12:49',NULL,NULL,'2016-07-22 20:12:49','2016-07-22 20:12:49'),(4083,422,'IsFooterMenuTextEq',8,NULL,1,'2016-07-22 20:12:49',NULL,NULL,'2016-07-22 20:12:49','2016-07-22 20:12:49'),(4084,422,'IsFooterNumber',8,NULL,1,'2016-07-22 20:12:49',NULL,NULL,'2016-07-22 20:12:49','2016-07-22 20:12:49'),(4085,422,'IsHeaderMenuTextEq',8,NULL,1,'2016-07-22 20:12:49',NULL,NULL,'2016-07-22 20:12:49','2016-07-22 20:12:49'),(4086,422,'IsHeaderNumber',8,NULL,1,'2016-07-22 20:12:49',NULL,NULL,'2016-07-22 20:12:49','2016-07-22 20:12:49'),(4087,422,'IsHomePageDisplay',8,NULL,1,'2016-07-22 20:12:49',NULL,NULL,'2016-07-22 20:12:49','2016-07-22 20:12:49'),(4088,422,'MenuItemSiteID',1,12,1,'2016-07-22 20:12:49',NULL,NULL,'2016-07-22 20:12:49','2016-07-22 20:12:49'),(4089,423,'TopMenuName',1,50,0,'2016-07-22 20:12:50',NULL,NULL,'2016-07-22 20:12:50','2016-07-22 20:12:50'),(4090,424,'CogranAmt',11,NULL,1,'2016-07-22 20:12:50',NULL,NULL,'2016-07-22 20:12:50','2016-07-22 20:12:50'),(4091,424,'CogranCard',1,20,1,'2016-07-22 20:12:50',NULL,NULL,'2016-07-22 20:12:50','2016-07-22 20:12:50'),(4092,424,'CogranCreatedDate',4,NULL,1,'2016-07-22 20:12:50',NULL,NULL,'2016-07-22 20:12:50','2016-07-22 20:12:50'),(4093,424,'CogranPaymentRef',1,100,1,'2016-07-22 20:12:50',NULL,NULL,'2016-07-22 20:12:50','2016-07-22 20:12:50'),(4094,424,'CogranPrimeContact',1,100,1,'2016-07-22 20:12:50',NULL,NULL,'2016-07-22 20:12:50','2016-07-22 20:12:50'),(4095,424,'LastUpdateBy',1,60,1,'2016-07-22 20:12:50',NULL,NULL,'2016-07-22 20:12:50','2016-07-22 20:12:50'),(4096,424,'MerchantAccountName',1,200,1,'2016-07-22 20:12:50',NULL,NULL,'2016-07-22 20:12:50','2016-07-22 20:12:50'),(4097,424,'MerchantAmt',11,NULL,1,'2016-07-22 20:12:50',NULL,NULL,'2016-07-22 20:12:50','2016-07-22 20:12:50'),(4098,424,'MerchantCard',1,20,1,'2016-07-22 20:12:50',NULL,NULL,'2016-07-22 20:12:50','2016-07-22 20:12:50'),(4099,424,'MerchantTranID',1,20,1,'2016-07-22 20:12:50',NULL,NULL,'2016-07-22 20:12:50','2016-07-22 20:12:50'),(4100,424,'MessageFromMerchant',1,200,1,'2016-07-22 20:12:50',NULL,NULL,'2016-07-22 20:12:50','2016-07-22 20:12:50'),(4101,424,'Variance',11,NULL,1,'2016-07-22 20:12:50',NULL,NULL,'2016-07-22 20:12:50','2016-07-22 20:12:50'),(4102,425,'CouponID',1,12,1,'2016-07-22 20:13:00',NULL,NULL,'2016-07-22 20:12:51','2016-07-22 20:13:00'),(4103,425,'InstallmentNum',8,NULL,1,'2016-07-22 20:12:51',NULL,NULL,'2016-07-22 20:12:51','2016-07-22 20:12:51'),(4104,425,'Payment',11,NULL,1,'2016-07-22 20:13:00',NULL,NULL,'2016-07-22 20:12:51','2016-07-22 20:13:00'),(4105,425,'PaymentDate',4,NULL,0,'2016-07-22 20:13:29',NULL,NULL,'2016-07-22 20:12:51','2016-07-22 20:13:29'),(4106,425,'PaymentHdrID',1,12,1,'2016-07-22 20:12:58',NULL,NULL,'2016-07-22 20:12:51','2016-07-22 20:12:58'),(4107,425,'PayNote',1,200,1,'2016-07-22 20:13:00',NULL,NULL,'2016-07-22 20:12:51','2016-07-22 20:13:00'),(4108,425,'PreRegPayDtlID',1,20,1,'2016-07-22 20:13:00',NULL,NULL,'2016-07-22 20:12:51','2016-07-22 20:13:00'),(4109,425,'PromoFeeAmt',11,NULL,1,'2016-07-22 20:13:00',NULL,NULL,'2016-07-22 20:12:51','2016-07-22 20:13:00'),(4110,425,'QtyShipped',2,NULL,1,'2016-07-22 20:12:51',NULL,NULL,'2016-07-22 20:12:51','2016-07-22 20:12:51'),(4111,425,'Size',1,20,1,'2016-07-22 20:13:01',NULL,NULL,'2016-07-22 20:12:51','2016-07-22 20:13:01'),(4112,425,'TaxAmt',11,NULL,1,'2016-07-22 20:13:01',NULL,NULL,'2016-07-22 20:12:51','2016-07-22 20:13:01'),(4113,425,'TaxClassID',1,12,1,'2016-07-22 20:12:51',NULL,NULL,'2016-07-22 20:12:51','2016-07-22 20:12:51'),(4114,425,'TranDate',15,NULL,0,'2016-07-22 20:12:51',NULL,NULL,'2016-07-22 20:12:51','2016-07-22 20:12:51'),(4115,426,'BCAprvInd',1,1,1,'2016-07-22 20:12:51',NULL,NULL,'2016-07-22 20:12:51','2016-07-22 20:12:51'),(4116,426,'BCCode',1,6,1,'2016-07-22 20:12:51',NULL,NULL,'2016-07-22 20:12:51','2016-07-22 20:12:51'),(4117,426,'BCMessage',1,100,1,'2016-07-22 20:12:51',NULL,NULL,'2016-07-22 20:12:51','2016-07-22 20:12:51'),(4118,426,'BCOrderNumber',1,64,1,'2016-07-22 20:12:51',NULL,NULL,'2016-07-22 20:12:51','2016-07-22 20:12:51'),(4119,426,'BCReference',1,10,1,'2016-07-22 20:12:51',NULL,NULL,'2016-07-22 20:12:51','2016-07-22 20:12:51'),(4120,426,'CardAddress',1,300,1,'2016-07-22 20:12:51',NULL,NULL,'2016-07-22 20:12:51','2016-07-22 20:12:51'),(4121,426,'CardHolderName',1,300,1,'2016-07-22 20:12:51',NULL,NULL,'2016-07-22 20:12:51','2016-07-22 20:12:51'),(4122,426,'CardZip',1,20,1,'2016-07-22 20:12:51',NULL,NULL,'2016-07-22 20:12:51','2016-07-22 20:12:51'),(4123,426,'CreditCardNum',1,25,1,'2016-07-22 20:12:51',NULL,NULL,'2016-07-22 20:12:51','2016-07-22 20:12:51'),(4124,426,'CVVCode',1,6,1,'2016-07-22 20:12:57',NULL,NULL,'2016-07-22 20:12:51','2016-07-22 20:12:57'),(4125,426,'CVVRespMsg',1,100,1,'2016-07-22 20:12:52',NULL,NULL,'2016-07-22 20:12:52','2016-07-22 20:12:52'),(4126,426,'ExpiryDateMon',1,2,1,'2016-07-22 20:12:52',NULL,NULL,'2016-07-22 20:12:52','2016-07-22 20:12:52'),(4127,426,'ExpiryDateYear',1,4,1,'2016-07-22 20:12:52',NULL,NULL,'2016-07-22 20:12:52','2016-07-22 20:12:52'),(4128,426,'PaymentStatus',1,12,1,'2016-07-22 20:12:52',NULL,NULL,'2016-07-22 20:12:52','2016-07-22 20:12:52'),(4129,427,'AddPaymentFee',11,NULL,1,'2016-07-22 20:12:52',NULL,NULL,'2016-07-22 20:12:52','2016-07-22 20:12:52'),(4130,428,'PayPalLogDetail',13,-1,1,'2016-07-22 20:12:52',NULL,NULL,'2016-07-22 20:12:52','2016-07-22 20:12:52'),(4131,429,'ContractComment',1,200,1,'2016-07-22 20:12:52',NULL,NULL,'2016-07-22 20:12:52','2016-07-22 20:12:52'),(4132,429,'ContractDate',4,NULL,1,'2016-07-22 20:13:05',NULL,NULL,'2016-07-22 20:12:52','2016-07-22 20:13:05'),(4133,429,'EnteredDate',15,NULL,1,'2016-07-22 20:12:52',NULL,NULL,'2016-07-22 20:12:52','2016-07-22 20:12:52'),(4134,429,'PlayerAge',1,20,1,'2016-07-22 20:12:52',NULL,NULL,'2016-07-22 20:12:52','2016-07-22 20:12:52'),(4135,429,'PlayerComment',1,500,1,'2016-07-22 20:12:53',NULL,NULL,'2016-07-22 20:12:52','2016-07-22 20:12:53'),(4136,430,'DateFirstRegistered',15,NULL,1,'2016-07-22 20:12:52',NULL,NULL,'2016-07-22 20:12:52','2016-07-22 20:12:52'),(4137,430,'HasCodeOfConduct',8,NULL,1,'2016-07-22 20:12:52',NULL,NULL,'2016-07-22 20:12:52','2016-07-22 20:12:52'),(4138,430,'Height',1,10,1,'2016-07-22 20:13:06',NULL,NULL,'2016-07-22 20:12:52','2016-07-22 20:13:06'),(4139,430,'PlayerType',1,12,1,'2016-07-22 20:12:53',NULL,NULL,'2016-07-22 20:12:53','2016-07-22 20:12:53'),(4140,430,'ShirtSize',1,30,1,'2016-07-22 20:13:06',NULL,NULL,'2016-07-22 20:12:53','2016-07-22 20:13:06'),(4141,430,'ShoeSize',1,30,1,'2016-07-22 20:13:06',NULL,NULL,'2016-07-22 20:12:53','2016-07-22 20:13:06'),(4142,430,'ShortSize',1,30,1,'2016-07-22 20:13:06',NULL,NULL,'2016-07-22 20:12:53','2016-07-22 20:13:06'),(4143,430,'Weight',1,10,1,'2016-07-22 20:13:06',NULL,NULL,'2016-07-22 20:12:53','2016-07-22 20:13:06'),(4144,431,'EntryDate',15,NULL,0,'2016-07-22 20:12:53',NULL,NULL,'2016-07-22 20:12:53','2016-07-22 20:12:53'),(4145,431,'Goal',8,NULL,1,'2016-07-22 20:12:53',NULL,NULL,'2016-07-22 20:12:53','2016-07-22 20:12:53'),(4146,431,'Penallty',8,NULL,1,'2016-07-22 20:12:53',NULL,NULL,'2016-07-22 20:12:53','2016-07-22 20:12:53'),(4147,431,'ScheduleID',1,12,1,'2016-07-22 20:12:53',NULL,NULL,'2016-07-22 20:12:53','2016-07-22 20:12:53'),(4148,432,'PostCode',1,12,0,'2016-07-22 20:12:53',NULL,NULL,'2016-07-22 20:12:53','2016-07-22 20:12:53'),(4149,434,'Certification',1,20,1,'2016-07-22 20:13:08',NULL,NULL,'2016-07-22 20:12:54','2016-07-22 20:13:08'),(4150,434,'CertificationBody',1,50,1,'2016-07-22 20:13:08',NULL,NULL,'2016-07-22 20:12:54','2016-07-22 20:13:08'),(4151,434,'CertificationDate',4,NULL,1,'2016-07-22 20:13:08',NULL,NULL,'2016-07-22 20:12:54','2016-07-22 20:13:08'),(4152,434,'MaxAgeGrp',1,20,1,'2016-07-22 20:13:08',NULL,NULL,'2016-07-22 20:12:55','2016-07-22 20:13:08'),(4153,434,'MaxGrade',1,20,1,'2016-07-22 20:13:08',NULL,NULL,'2016-07-22 20:12:55','2016-07-22 20:13:08'),(4154,434,'MinAgeGrp',1,20,1,'2016-07-22 20:13:08',NULL,NULL,'2016-07-22 20:12:55','2016-07-22 20:13:08'),(4155,434,'MinGrade',1,20,1,'2016-07-22 20:13:08',NULL,NULL,'2016-07-22 20:12:55','2016-07-22 20:13:08'),(4156,434,'Password',1,100,1,'2016-07-22 20:13:14',NULL,NULL,'2016-07-22 20:12:55','2016-07-22 20:13:14'),(4157,434,'PreferredGender',1,20,1,'2016-07-22 20:13:09',NULL,NULL,'2016-07-22 20:12:55','2016-07-22 20:13:09'),(4158,434,'Rank',1,10,0,'2016-07-22 20:13:09',NULL,NULL,'2016-07-22 20:12:55','2016-07-22 20:13:09'),(4159,434,'ReCertificationDate',4,NULL,1,'2016-07-22 20:13:09',NULL,NULL,'2016-07-22 20:12:55','2016-07-22 20:13:09'),(4160,434,'RefNote',1,200,1,'2016-07-22 20:13:09',NULL,NULL,'2016-07-22 20:12:55','2016-07-22 20:13:09'),(4161,434,'RefYear',4,NULL,1,'2016-07-22 20:13:09',NULL,NULL,'2016-07-22 20:12:55','2016-07-22 20:13:09'),(4162,434,'Role',1,25,0,'2016-07-22 20:13:17',NULL,NULL,'2016-07-22 20:12:55','2016-07-22 20:13:17'),(4163,434,'UserName',1,100,0,'2016-07-22 20:13:28',NULL,NULL,'2016-07-22 20:12:55','2016-07-22 20:13:28'),(4164,435,'Custom06',1,50,1,'2016-07-22 20:12:55',NULL,NULL,'2016-07-22 20:12:55','2016-07-22 20:12:55'),(4165,435,'Custom07',1,50,1,'2016-07-22 20:12:55',NULL,NULL,'2016-07-22 20:12:55','2016-07-22 20:12:55'),(4166,435,'Custom08',1,50,1,'2016-07-22 20:12:55',NULL,NULL,'2016-07-22 20:12:55','2016-07-22 20:12:55'),(4167,435,'Custom09',1,50,1,'2016-07-22 20:12:55',NULL,NULL,'2016-07-22 20:12:55','2016-07-22 20:12:55'),(4168,435,'Custom10',1,50,1,'2016-07-22 20:12:55',NULL,NULL,'2016-07-22 20:12:55','2016-07-22 20:12:55'),(4169,435,'DayofWeek0',8,NULL,1,'2016-07-22 20:12:55',NULL,NULL,'2016-07-22 20:12:55','2016-07-22 20:12:55'),(4170,435,'DayofWeek1',8,NULL,1,'2016-07-22 20:12:56',NULL,NULL,'2016-07-22 20:12:56','2016-07-22 20:12:56'),(4171,435,'DayofWeek2',8,NULL,1,'2016-07-22 20:12:56',NULL,NULL,'2016-07-22 20:12:56','2016-07-22 20:12:56'),(4172,435,'DayofWeek3',8,NULL,1,'2016-07-22 20:12:56',NULL,NULL,'2016-07-22 20:12:56','2016-07-22 20:12:56'),(4173,435,'DayofWeek4',8,NULL,1,'2016-07-22 20:12:56',NULL,NULL,'2016-07-22 20:12:56','2016-07-22 20:12:56'),(4174,435,'DayofWeek5',8,NULL,1,'2016-07-22 20:12:56',NULL,NULL,'2016-07-22 20:12:56','2016-07-22 20:12:56'),(4175,435,'DayofWeek6',8,NULL,1,'2016-07-22 20:12:56',NULL,NULL,'2016-07-22 20:12:56','2016-07-22 20:12:56'),(4176,435,'EndTimeValue',1,20,1,'2016-07-22 20:12:56',NULL,NULL,'2016-07-22 20:12:56','2016-07-22 20:12:56'),(4177,435,'EventDescription',1,250,0,'2016-07-22 20:13:12',NULL,NULL,'2016-07-22 20:12:56','2016-07-22 20:13:12'),(4178,435,'EventEndDate',4,NULL,1,'2016-07-22 20:13:12',NULL,NULL,'2016-07-22 20:12:56','2016-07-22 20:13:12'),(4179,435,'EventEndTime',4,NULL,1,'2016-07-22 20:13:12',NULL,NULL,'2016-07-22 20:12:56','2016-07-22 20:13:12'),(4180,435,'EventStartDate',4,NULL,0,'2016-07-22 20:13:12',NULL,NULL,'2016-07-22 20:12:56','2016-07-22 20:13:12'),(4181,435,'EventStartTime',4,NULL,0,'2016-07-22 20:13:12',NULL,NULL,'2016-07-22 20:12:56','2016-07-22 20:13:12'),(4182,435,'isOverridePrice',8,NULL,1,'2016-07-22 20:12:56',NULL,NULL,'2016-07-22 20:12:56','2016-07-22 20:12:56'),(4183,435,'isWaiver',8,NULL,1,'2016-07-22 20:13:24',NULL,NULL,'2016-07-22 20:12:56','2016-07-22 20:13:24'),(4184,435,'ItemAddID',1,12,1,'2016-07-22 20:12:56',NULL,NULL,'2016-07-22 20:12:56','2016-07-22 20:12:56'),(4185,435,'ItemTimeSlotID',1,12,1,'2016-07-22 20:12:56',NULL,NULL,'2016-07-22 20:12:56','2016-07-22 20:12:56'),(4186,435,'RepeatPattern',1,12,1,'2016-07-22 20:12:56',NULL,NULL,'2016-07-22 20:12:56','2016-07-22 20:12:56'),(4187,435,'RepeatPeriod',8,NULL,1,'2016-07-22 20:12:56',NULL,NULL,'2016-07-22 20:12:56','2016-07-22 20:12:56'),(4188,435,'ScheduleStatus',1,20,1,'2016-07-22 20:13:12',NULL,NULL,'2016-07-22 20:12:56','2016-07-22 20:13:12'),(4189,435,'SetupTimeEnd',4,NULL,1,'2016-07-22 20:13:12',NULL,NULL,'2016-07-22 20:12:57','2016-07-22 20:13:12'),(4190,435,'SetupTimeStart',4,NULL,1,'2016-07-22 20:13:12',NULL,NULL,'2016-07-22 20:12:57','2016-07-22 20:13:12'),(4191,435,'StartTimeValue',1,20,1,'2016-07-22 20:12:57',NULL,NULL,'2016-07-22 20:12:57','2016-07-22 20:12:57'),(4192,436,'AddCellPhone',1,20,1,'2016-07-22 20:12:57',NULL,NULL,'2016-07-22 20:12:57','2016-07-22 20:12:57'),(4193,436,'AddCompanyName',1,50,1,'2016-07-22 20:12:57',NULL,NULL,'2016-07-22 20:12:57','2016-07-22 20:12:57'),(4194,436,'AddContactID',1,12,1,'2016-07-22 20:12:57',NULL,NULL,'2016-07-22 20:12:57','2016-07-22 20:12:57'),(4195,436,'AddDOB',4,NULL,1,'2016-07-22 20:12:57',NULL,NULL,'2016-07-22 20:12:57','2016-07-22 20:12:57'),(4196,436,'AddEmail',1,250,1,'2016-07-22 20:12:57',NULL,NULL,'2016-07-22 20:12:57','2016-07-22 20:12:57'),(4197,436,'AddEmail2',1,200,1,'2016-07-22 20:12:57',NULL,NULL,'2016-07-22 20:12:57','2016-07-22 20:12:57'),(4198,436,'AddFirstName',1,30,1,'2016-07-22 20:12:57',NULL,NULL,'2016-07-22 20:12:57','2016-07-22 20:12:57'),(4199,436,'AddGender',1,10,1,'2016-07-22 20:12:57',NULL,NULL,'2016-07-22 20:12:57','2016-07-22 20:12:57'),(4200,436,'AddHomePhone',1,20,1,'2016-07-22 20:12:57',NULL,NULL,'2016-07-22 20:12:57','2016-07-22 20:12:57'),(4201,436,'AddLastName',1,30,1,'2016-07-22 20:12:57',NULL,NULL,'2016-07-22 20:12:57','2016-07-22 20:12:57'),(4202,436,'AddWorkPhone',1,20,1,'2016-07-22 20:12:57',NULL,NULL,'2016-07-22 20:12:57','2016-07-22 20:12:57'),(4203,436,'AuthorizationCode',1,50,1,'2016-07-22 20:12:57',NULL,NULL,'2016-07-22 20:12:57','2016-07-22 20:12:57'),(4204,436,'isMember',8,NULL,1,'2016-07-22 20:12:58',NULL,NULL,'2016-07-22 20:12:58','2016-07-22 20:12:58'),(4205,436,'RegCode',2,NULL,1,'2016-07-22 20:12:58',NULL,NULL,'2016-07-22 20:12:58','2016-07-22 20:12:58'),(4206,436,'ResponseCode',1,10,1,'2016-07-22 20:12:58',NULL,NULL,'2016-07-22 20:12:58','2016-07-22 20:12:58'),(4207,436,'ResponseMessage',1,300,1,'2016-07-22 20:12:58',NULL,NULL,'2016-07-22 20:12:58','2016-07-22 20:12:58'),(4208,436,'Signature',1,20,1,'2016-07-22 20:12:58',NULL,NULL,'2016-07-22 20:12:58','2016-07-22 20:12:58'),(4209,436,'TransactionID',1,50,1,'2016-07-22 20:12:58',NULL,NULL,'2016-07-22 20:12:58','2016-07-22 20:12:58'),(4210,437,'Discount',11,NULL,1,'2016-07-22 20:13:00',NULL,NULL,'2016-07-22 20:12:59','2016-07-22 20:13:00'),(4211,437,'PreRegFacilityID',1,12,1,'2016-07-22 20:13:12',NULL,NULL,'2016-07-22 20:12:59','2016-07-22 20:13:12'),(4212,437,'PreRegTeamID',1,12,1,'2016-07-22 20:13:25',NULL,NULL,'2016-07-22 20:12:59','2016-07-22 20:13:25'),(4213,438,'DisplaySeq',8,NULL,0,'2016-07-22 20:13:23',NULL,NULL,'2016-07-22 20:13:00','2016-07-22 20:13:23'),(4214,438,'ItemQnID',1,12,0,'2016-07-22 20:13:00',NULL,NULL,'2016-07-22 20:13:00','2016-07-22 20:13:00'),(4215,438,'PreRegistrationID',1,12,1,'2016-07-22 20:13:00',NULL,NULL,'2016-07-22 20:13:00','2016-07-22 20:13:00'),(4216,438,'PreRegPlayerID',1,12,0,'2016-07-22 20:13:03',NULL,NULL,'2016-07-22 20:13:00','2016-07-22 20:13:03'),(4217,438,'Response',1,500,1,'2016-07-22 20:13:22',NULL,NULL,'2016-07-22 20:13:00','2016-07-22 20:13:22'),(4218,439,'TaxableAmt',11,NULL,1,'2016-07-22 20:13:01',NULL,NULL,'2016-07-22 20:13:01','2016-07-22 20:13:01'),(4219,440,'HomePhone',1,20,1,'2016-07-22 20:13:06',NULL,NULL,'2016-07-22 20:13:02','2016-07-22 20:13:06'),(4220,442,'Category02',1,20,1,'2016-07-22 20:13:19',NULL,NULL,'2016-07-22 20:13:04','2016-07-22 20:13:19'),(4221,442,'Category03',1,20,1,'2016-07-22 20:13:19',NULL,NULL,'2016-07-22 20:13:04','2016-07-22 20:13:19'),(4222,442,'Category04',1,20,1,'2016-07-22 20:13:19',NULL,NULL,'2016-07-22 20:13:04','2016-07-22 20:13:19'),(4223,442,'ContactDate',4,NULL,1,'2016-07-22 20:13:04',NULL,NULL,'2016-07-22 20:13:04','2016-07-22 20:13:04'),(4224,442,'SponsorComment',1,1000,1,'2016-07-22 20:13:04',NULL,NULL,'2016-07-22 20:13:04','2016-07-22 20:13:04'),(4225,443,'ClubID',1,100,1,'2016-07-22 20:13:24',NULL,NULL,'2016-07-22 20:13:05','2016-07-22 20:13:24'),(4226,443,'CoachName',1,50,1,'2016-07-22 20:13:24',NULL,NULL,'2016-07-22 20:13:05','2016-07-22 20:13:24'),(4227,443,'CoachPhone',1,20,1,'2016-07-22 20:13:24',NULL,NULL,'2016-07-22 20:13:05','2016-07-22 20:13:24'),(4228,443,'MainContact',1,100,1,'2016-07-22 20:13:25',NULL,NULL,'2016-07-22 20:13:05','2016-07-22 20:13:25'),(4229,443,'PriceQty01',8,NULL,1,'2016-07-22 20:13:05',NULL,NULL,'2016-07-22 20:13:05','2016-07-22 20:13:05'),(4230,443,'TeamAlternateColor',1,20,1,'2016-07-22 20:13:26',NULL,NULL,'2016-07-22 20:13:05','2016-07-22 20:13:26'),(4231,443,'TeamComment',1,1000,1,'2016-07-22 20:13:26',NULL,NULL,'2016-07-22 20:13:05','2016-07-22 20:13:26'),(4232,443,'TeamNum',1,12,1,'2016-07-22 20:13:26',NULL,NULL,'2016-07-22 20:13:05','2016-07-22 20:13:26'),(4233,443,'TeamPrimaryColor',1,20,1,'2016-07-22 20:13:05',NULL,NULL,'2016-07-22 20:13:05','2016-07-22 20:13:05'),(4234,443,'TeamRating',8,2,1,'2016-07-22 20:13:26',NULL,NULL,'2016-07-22 20:13:05','2016-07-22 20:13:26'),(4235,444,'ContractComments',1,200,1,'2016-07-22 20:13:05',NULL,NULL,'2016-07-22 20:13:05','2016-07-22 20:13:05'),(4236,444,'DoctorName',1,100,1,'2016-07-22 20:13:05',NULL,NULL,'2016-07-22 20:13:05','2016-07-22 20:13:05'),(4237,444,'isDrop',8,NULL,1,'2016-07-22 20:13:06',NULL,NULL,'2016-07-22 20:13:06','2016-07-22 20:13:06'),(4238,444,'MedicalConditions',1,250,1,'2016-07-22 20:13:06',NULL,NULL,'2016-07-22 20:13:06','2016-07-22 20:13:06'),(4239,444,'MedicalDate',4,NULL,1,'2016-07-22 20:13:06',NULL,NULL,'2016-07-22 20:13:06','2016-07-22 20:13:06'),(4240,444,'PlayerComments',1,500,1,'2016-07-22 20:13:06',NULL,NULL,'2016-07-22 20:13:06','2016-07-22 20:13:06'),(4241,444,'PreviousTeams',1,250,1,'2016-07-22 20:13:06',NULL,NULL,'2016-07-22 20:13:06','2016-07-22 20:13:06'),(4242,444,'PrimeEmail',1,100,1,'2016-07-22 20:13:06',NULL,NULL,'2016-07-22 20:13:06','2016-07-22 20:13:06'),(4243,444,'PrimePhone',1,20,1,'2016-07-22 20:13:06',NULL,NULL,'2016-07-22 20:13:06','2016-07-22 20:13:06'),(4244,445,'Application',1,10,1,'2016-07-22 20:13:07',NULL,NULL,'2016-07-22 20:13:07','2016-07-22 20:13:07'),(4245,445,'ComponentName',1,50,1,'2016-07-22 20:13:07',NULL,NULL,'2016-07-22 20:13:07','2016-07-22 20:13:07'),(4246,445,'ComponentType',1,50,1,'2016-07-22 20:13:07',NULL,NULL,'2016-07-22 20:13:07','2016-07-22 20:13:07'),(4247,445,'GroupByField',1,25,1,'2016-07-22 20:13:07',NULL,NULL,'2016-07-22 20:13:07','2016-07-22 20:13:07'),(4248,445,'IsExternal',8,NULL,1,'2016-07-22 20:13:07',NULL,NULL,'2016-07-22 20:13:07','2016-07-22 20:13:07'),(4249,445,'NumOfParams',8,NULL,1,'2016-07-22 20:13:07',NULL,NULL,'2016-07-22 20:13:07','2016-07-22 20:13:07'),(4250,445,'ParentQueryID',1,25,1,'2016-07-22 20:13:07',NULL,NULL,'2016-07-22 20:13:07','2016-07-22 20:13:07'),(4251,445,'QueryID',1,25,0,'2016-07-22 20:13:07',NULL,NULL,'2016-07-22 20:13:07','2016-07-22 20:13:07'),(4252,445,'QueryName',1,50,1,'2016-07-22 20:13:07',NULL,NULL,'2016-07-22 20:13:07','2016-07-22 20:13:07'),(4253,445,'QueryTypeCode',1,25,1,'2016-07-22 20:13:07',NULL,NULL,'2016-07-22 20:13:07','2016-07-22 20:13:07'),(4254,445,'StoredProc',1,255,0,'2016-07-22 20:13:07',NULL,NULL,'2016-07-22 20:13:07','2016-07-22 20:13:07'),(4255,446,'ItemIDAssistant',1,12,1,'2016-07-22 20:13:07',NULL,NULL,'2016-07-22 20:13:07','2016-07-22 20:13:07'),(4256,446,'ItemIDCenter',1,12,0,'2016-07-22 20:13:07',NULL,NULL,'2016-07-22 20:13:07','2016-07-22 20:13:07'),(4257,446,'Rate',11,NULL,1,'2016-07-22 20:13:08',NULL,NULL,'2016-07-22 20:13:08','2016-07-22 20:13:08'),(4258,446,'RateAssistant',11,NULL,1,'2016-07-22 20:13:08',NULL,NULL,'2016-07-22 20:13:08','2016-07-22 20:13:08'),(4259,446,'RateCenter',11,NULL,0,'2016-07-22 20:13:08',NULL,NULL,'2016-07-22 20:13:08','2016-07-22 20:13:08'),(4260,447,'isApproved',8,NULL,1,'2016-07-22 20:13:36',NULL,NULL,'2016-07-22 20:13:08','2016-07-22 20:13:36'),(4261,447,'Vendor',1,30,1,'2016-07-22 20:13:09',NULL,NULL,'2016-07-22 20:13:09','2016-07-22 20:13:09'),(4262,448,'Checkbox01',8,NULL,1,'2016-07-22 20:13:09',NULL,NULL,'2016-07-22 20:13:09','2016-07-22 20:13:09'),(4263,448,'Checkbox02',8,NULL,1,'2016-07-22 20:13:09',NULL,NULL,'2016-07-22 20:13:09','2016-07-22 20:13:09'),(4264,448,'Checkbox03',8,NULL,1,'2016-07-22 20:13:09',NULL,NULL,'2016-07-22 20:13:09','2016-07-22 20:13:09'),(4265,448,'DateLastActivity',4,NULL,1,'2016-07-22 20:13:09',NULL,NULL,'2016-07-22 20:13:09','2016-07-22 20:13:09'),(4266,448,'DateofEntry',4,NULL,0,'2016-07-22 20:13:09',NULL,NULL,'2016-07-22 20:13:09','2016-07-22 20:13:09'),(4267,448,'GroupName',1,100,1,'2016-07-22 20:13:34',NULL,NULL,'2016-07-22 20:13:09','2016-07-22 20:13:34'),(4268,448,'GroupNum',8,NULL,1,'2016-07-22 20:13:36',NULL,NULL,'2016-07-22 20:13:09','2016-07-22 20:13:36'),(4269,448,'isFri',8,NULL,1,'2016-07-22 20:13:34',NULL,NULL,'2016-07-22 20:13:09','2016-07-22 20:13:34'),(4270,448,'isMon',8,NULL,1,'2016-07-22 20:13:34',NULL,NULL,'2016-07-22 20:13:09','2016-07-22 20:13:34'),(4271,448,'isSat',8,NULL,1,'2016-07-22 20:13:34',NULL,NULL,'2016-07-22 20:13:09','2016-07-22 20:13:34'),(4272,448,'isSchedule',8,NULL,1,'2016-07-22 20:13:09',NULL,NULL,'2016-07-22 20:13:09','2016-07-22 20:13:09'),(4273,448,'isSun',8,NULL,1,'2016-07-22 20:13:34',NULL,NULL,'2016-07-22 20:13:09','2016-07-22 20:13:34'),(4274,448,'isThu',8,NULL,1,'2016-07-22 20:13:09',NULL,NULL,'2016-07-22 20:13:09','2016-07-22 20:13:09'),(4275,448,'isTue',8,NULL,1,'2016-07-22 20:13:34',NULL,NULL,'2016-07-22 20:13:09','2016-07-22 20:13:34'),(4276,448,'isWed',8,NULL,1,'2016-07-22 20:13:34',NULL,NULL,'2016-07-22 20:13:09','2016-07-22 20:13:34'),(4277,448,'LastRunDate',4,NULL,1,'2016-07-22 20:13:36',NULL,NULL,'2016-07-22 20:13:09','2016-07-22 20:13:36'),(4278,448,'MaxVolunteerHour',11,NULL,1,'2016-07-22 20:13:09',NULL,NULL,'2016-07-22 20:13:09','2016-07-22 20:13:09'),(4279,448,'RecentActivity',8,NULL,1,'2016-07-22 20:13:09',NULL,NULL,'2016-07-22 20:13:09','2016-07-22 20:13:09'),(4280,448,'SchedulingFrequency',1,12,1,'2016-07-22 20:13:09',NULL,NULL,'2016-07-22 20:13:09','2016-07-22 20:13:09'),(4281,448,'ShowRate',8,NULL,1,'2016-07-22 20:13:09',NULL,NULL,'2016-07-22 20:13:09','2016-07-22 20:13:09'),(4282,448,'TimeSlotID',1,20,1,'2016-07-22 20:13:09',NULL,NULL,'2016-07-22 20:13:09','2016-07-22 20:13:09'),(4283,448,'VolNote',1,500,1,'2016-07-22 20:13:35',NULL,NULL,'2016-07-22 20:13:10','2016-07-22 20:13:35'),(4284,450,'Pickpath',1,300,1,'2016-07-22 20:13:10',NULL,NULL,'2016-07-22 20:13:10','2016-07-22 20:13:10'),(4285,450,'Query',1,25,1,'2016-07-22 20:13:10',NULL,NULL,'2016-07-22 20:13:10','2016-07-22 20:13:10'),(4286,450,'ReportBody',13,-1,1,'2016-07-22 20:13:10',NULL,NULL,'2016-07-22 20:13:10','2016-07-22 20:13:10'),(4287,450,'Type',1,2,1,'2016-07-22 20:13:10',NULL,NULL,'2016-07-22 20:13:10','2016-07-22 20:13:10'),(4288,451,'ReportHeaderID',1,12,1,'2016-07-22 20:13:10',NULL,NULL,'2016-07-22 20:13:10','2016-07-22 20:13:10'),(4289,452,'Prameter',13,-1,1,'2016-07-22 20:13:10',NULL,NULL,'2016-07-22 20:13:10','2016-07-22 20:13:10'),(4290,452,'Report',1,50,1,'2016-07-22 20:13:10',NULL,NULL,'2016-07-22 20:13:10','2016-07-22 20:13:10'),(4291,453,'DateToNew',4,NULL,1,'2016-07-22 20:13:11',NULL,NULL,'2016-07-22 20:13:11','2016-07-22 20:13:11'),(4292,453,'FieldIDFrom',1,12,1,'2016-07-22 20:13:11',NULL,NULL,'2016-07-22 20:13:11','2016-07-22 20:13:11'),(4293,453,'FieldIDTo',1,12,1,'2016-07-22 20:13:11',NULL,NULL,'2016-07-22 20:13:11','2016-07-22 20:13:11'),(4294,453,'GameSeq',8,NULL,1,'2016-07-22 20:13:29',NULL,NULL,'2016-07-22 20:13:11','2016-07-22 20:13:29'),(4295,453,'IsEmail',1,400,1,'2016-07-22 20:13:18',NULL,NULL,'2016-07-22 20:13:11','2016-07-22 20:13:18'),(4296,453,'IsTestEmail',8,NULL,1,'2016-07-22 20:13:11',NULL,NULL,'2016-07-22 20:13:11','2016-07-22 20:13:11'),(4297,453,'LeagueID',1,12,0,'2016-07-22 20:13:11',NULL,NULL,'2016-07-22 20:13:11','2016-07-22 20:13:11'),(4298,453,'ProcessingType',1,20,0,'2016-07-22 20:13:11',NULL,NULL,'2016-07-22 20:13:11','2016-07-22 20:13:11'),(4299,453,'TestEmail',1,250,1,'2016-07-22 20:13:11',NULL,NULL,'2016-07-22 20:13:11','2016-07-22 20:13:11'),(4300,454,'Bracket',1,30,1,'2016-07-22 20:13:11',NULL,NULL,'2016-07-22 20:13:11','2016-07-22 20:13:11'),(4301,454,'Copy',8,NULL,1,'2016-07-22 20:13:11',NULL,NULL,'2016-07-22 20:13:11','2016-07-22 20:13:11'),(4302,454,'GameComment',13,-1,1,'2016-07-22 20:13:11',NULL,NULL,'2016-07-22 20:13:11','2016-07-22 20:13:11'),(4303,454,'GameRef',1,20,1,'2016-07-22 20:13:12',NULL,NULL,'2016-07-22 20:13:11','2016-07-22 20:13:12'),(4304,454,'GameWeek',8,NULL,1,'2016-07-22 20:13:11',NULL,NULL,'2016-07-22 20:13:11','2016-07-22 20:13:11'),(4305,454,'IsRefAsst',8,NULL,1,'2016-07-22 20:13:11',NULL,NULL,'2016-07-22 20:13:11','2016-07-22 20:13:11'),(4306,454,'IsRefAsst2',8,NULL,1,'2016-07-22 20:13:11',NULL,NULL,'2016-07-22 20:13:11','2016-07-22 20:13:11'),(4307,454,'IsRefCtr',8,NULL,1,'2016-07-22 20:13:11',NULL,NULL,'2016-07-22 20:13:11','2016-07-22 20:13:11'),(4308,454,'IsTimeConflict',8,NULL,1,'2016-07-22 20:13:11',NULL,NULL,'2016-07-22 20:13:11','2016-07-22 20:13:11'),(4309,454,'RefAsst2ID',1,12,1,'2016-07-22 20:13:11',NULL,NULL,'2016-07-22 20:13:11','2016-07-22 20:13:11'),(4310,454,'RefAsstID',1,12,1,'2016-07-22 20:13:11',NULL,NULL,'2016-07-22 20:13:11','2016-07-22 20:13:11'),(4311,454,'RefCenterID',1,12,1,'2016-07-22 20:13:11',NULL,NULL,'2016-07-22 20:13:11','2016-07-22 20:13:11'),(4312,454,'RefereeID',1,12,1,'2016-07-22 20:13:11',NULL,NULL,'2016-07-22 20:13:11','2016-07-22 20:13:11'),(4313,454,'RefMessage',1,250,1,'2016-07-22 20:13:11',NULL,NULL,'2016-07-22 20:13:11','2016-07-22 20:13:11'),(4314,454,'RefVerAsst',8,NULL,1,'2016-07-22 20:13:11',NULL,NULL,'2016-07-22 20:13:11','2016-07-22 20:13:11'),(4315,454,'RefVerAsst2',8,NULL,1,'2016-07-22 20:13:11',NULL,NULL,'2016-07-22 20:13:11','2016-07-22 20:13:11'),(4316,454,'RefVerCtr',8,NULL,1,'2016-07-22 20:13:11',NULL,NULL,'2016-07-22 20:13:11','2016-07-22 20:13:11'),(4317,454,'SchedDate',4,NULL,0,'2016-07-22 20:13:12',NULL,NULL,'2016-07-22 20:13:12','2016-07-22 20:13:12'),(4318,454,'ScoreAway',8,NULL,1,'2016-07-22 20:13:12',NULL,NULL,'2016-07-22 20:13:12','2016-07-22 20:13:12'),(4319,454,'ScoreHome',8,NULL,1,'2016-07-22 20:13:12',NULL,NULL,'2016-07-22 20:13:12','2016-07-22 20:13:12'),(4320,454,'TeamAway',1,30,1,'2016-07-22 20:13:12',NULL,NULL,'2016-07-22 20:13:12','2016-07-22 20:13:12'),(4321,454,'TeamAwayID',1,12,1,'2016-07-22 20:13:12',NULL,NULL,'2016-07-22 20:13:12','2016-07-22 20:13:12'),(4322,454,'TeamHome',1,30,1,'2016-07-22 20:13:12',NULL,NULL,'2016-07-22 20:13:12','2016-07-22 20:13:12'),(4323,454,'TeamHomeID',1,12,1,'2016-07-22 20:13:12',NULL,NULL,'2016-07-22 20:13:12','2016-07-22 20:13:12'),(4324,454,'TeamQty',8,NULL,0,'2016-07-22 20:13:29',NULL,NULL,'2016-07-22 20:13:12','2016-07-22 20:13:29'),(4325,455,'CalendarColor',1,12,1,'2016-07-22 20:13:12',NULL,NULL,'2016-07-22 20:13:12','2016-07-22 20:13:12'),(4326,456,'HomeTeamRef',1,20,1,'2016-07-22 20:13:12',NULL,NULL,'2016-07-22 20:13:12','2016-07-22 20:13:12'),(4327,456,'TeamIDAway',1,12,1,'2016-07-22 20:13:12',NULL,NULL,'2016-07-22 20:13:12','2016-07-22 20:13:12'),(4328,456,'TeamIDHome',1,20,1,'2016-07-22 20:13:13',NULL,NULL,'2016-07-22 20:13:13','2016-07-22 20:13:13'),(4329,457,'RecType',1,20,1,'2016-07-22 20:13:13',NULL,NULL,'2016-07-22 20:13:13','2016-07-22 20:13:13'),(4330,458,'SchoolName',1,50,1,'2016-07-22 20:13:21',NULL,NULL,'2016-07-22 20:13:13','2016-07-22 20:13:21'),(4331,459,'IsCurrent',8,NULL,1,'2016-07-22 20:13:13',NULL,NULL,'2016-07-22 20:13:13','2016-07-22 20:13:13'),(4332,459,'LastSeasonID',1,12,1,'2016-07-22 20:13:13',NULL,NULL,'2016-07-22 20:13:13','2016-07-22 20:13:13'),(4333,459,'SeasonDesc',1,200,1,'2016-07-22 20:13:13',NULL,NULL,'2016-07-22 20:13:13','2016-07-22 20:13:13'),(4334,459,'SeasonInYear',1,20,1,'2016-07-22 20:13:13',NULL,NULL,'2016-07-22 20:13:13','2016-07-22 20:13:13'),(4335,460,'SecAuthSite',1,50,1,'2016-07-22 20:13:13',NULL,NULL,'2016-07-22 20:13:13','2016-07-22 20:13:13'),(4336,460,'SecAuthUserID',1,50,1,'2016-07-22 20:13:13',NULL,NULL,'2016-07-22 20:13:13','2016-07-22 20:13:13'),(4337,461,'DoNotDelete',8,NULL,1,'2016-07-22 20:13:14',NULL,NULL,'2016-07-22 20:13:14','2016-07-22 20:13:14'),(4338,461,'isDelete',8,NULL,1,'2016-07-22 20:13:17',NULL,NULL,'2016-07-22 20:13:14','2016-07-22 20:13:17'),(4339,461,'isInsert',8,NULL,1,'2016-07-22 20:13:17',NULL,NULL,'2016-07-22 20:13:14','2016-07-22 20:13:17'),(4340,461,'isSearch',8,NULL,1,'2016-07-22 20:13:17',NULL,NULL,'2016-07-22 20:13:14','2016-07-22 20:13:17'),(4341,461,'isSelect',8,NULL,1,'2016-07-22 20:13:17',NULL,NULL,'2016-07-22 20:13:14','2016-07-22 20:13:17'),(4342,461,'isUpdate',8,NULL,1,'2016-07-22 20:13:17',NULL,NULL,'2016-07-22 20:13:14','2016-07-22 20:13:17'),(4343,461,'RoleRank',8,NULL,1,'2016-07-22 20:13:14',NULL,NULL,'2016-07-22 20:13:14','2016-07-22 20:13:14'),(4344,462,'Disabled',8,NULL,1,'2016-07-22 20:13:14',NULL,NULL,'2016-07-22 20:13:14','2016-07-22 20:13:14'),(4345,462,'ExpireDate',4,NULL,1,'2016-07-22 20:13:14',NULL,NULL,'2016-07-22 20:13:14','2016-07-22 20:13:14'),(4346,462,'IsExternalUser',8,NULL,1,'2016-07-22 20:13:14',NULL,NULL,'2016-07-22 20:13:14','2016-07-22 20:13:14'),(4347,462,'IsPasswordReset',8,NULL,1,'2016-07-22 20:13:14',NULL,NULL,'2016-07-22 20:13:14','2016-07-22 20:13:14'),(4348,462,'PasswordAnswer',1,1000,1,'2016-07-22 20:13:14',NULL,NULL,'2016-07-22 20:13:14','2016-07-22 20:13:14'),(4349,462,'PasswordQuestion',1,1000,1,'2016-07-22 20:13:14',NULL,NULL,'2016-07-22 20:13:14','2016-07-22 20:13:14'),(4350,462,'RandomSalt',1,300,1,'2016-07-22 20:13:14',NULL,NULL,'2016-07-22 20:13:14','2016-07-22 20:13:14'),(4351,462,'SessionKey',1,400,1,'2016-07-22 20:13:14',NULL,NULL,'2016-07-22 20:13:14','2016-07-22 20:13:14'),(4352,462,'SiteNumber',8,30,0,'2016-07-22 20:13:18',NULL,NULL,'2016-07-22 20:13:14','2016-07-22 20:13:18'),(4353,462,'TimeStamp',11,NULL,1,'2016-07-22 20:13:15',NULL,NULL,'2016-07-22 20:13:15','2016-07-22 20:13:15'),(4354,462,'TryCount',8,NULL,1,'2016-07-22 20:13:15',NULL,NULL,'2016-07-22 20:13:15','2016-07-22 20:13:15'),(4355,464,'ComNumber',1,20,1,'2016-07-22 20:13:16',NULL,NULL,'2016-07-22 20:13:16','2016-07-22 20:13:16'),(4356,464,'Component',1,255,1,'2016-07-22 20:13:16',NULL,NULL,'2016-07-22 20:13:16','2016-07-22 20:13:16'),(4357,464,'GrpID',1,20,1,'2016-07-22 20:13:16',NULL,NULL,'2016-07-22 20:13:16','2016-07-22 20:13:16'),(4358,464,'ServiceName',1,25,0,'2016-07-22 20:13:16',NULL,NULL,'2016-07-22 20:13:16','2016-07-22 20:13:16'),(4359,465,'ElementID',1,50,0,'2016-07-22 20:13:16',NULL,NULL,'2016-07-22 20:13:16','2016-07-22 20:13:16'),(4360,465,'Seq',8,NULL,1,'2016-07-22 20:13:17',NULL,NULL,'2016-07-22 20:13:17','2016-07-22 20:13:17'),(4361,466,'CheckElements',1,12,1,'2016-07-22 20:13:17',NULL,NULL,'2016-07-22 20:13:17','2016-07-22 20:13:17'),(4362,467,'Excerpt',1,500,1,'2016-07-22 20:13:17',NULL,NULL,'2016-07-22 20:13:17','2016-07-22 20:13:17'),(4363,467,'isPreview',8,NULL,1,'2016-07-22 20:13:17',NULL,NULL,'2016-07-22 20:13:17','2016-07-22 20:13:17'),(4364,467,'Link',1,250,1,'2016-07-22 20:13:17',NULL,NULL,'2016-07-22 20:13:17','2016-07-22 20:13:17'),(4365,467,'LinkCalendar',1,250,1,'2016-07-22 20:13:17',NULL,NULL,'2016-07-22 20:13:17','2016-07-22 20:13:17'),(4366,467,'LinkImage',1,250,1,'2016-07-22 20:13:17',NULL,NULL,'2016-07-22 20:13:17','2016-07-22 20:13:17'),(4367,467,'LinkMap',1,250,1,'2016-07-22 20:13:17',NULL,NULL,'2016-07-22 20:13:17','2016-07-22 20:13:17'),(4368,467,'LinkMoreInfo',1,250,1,'2016-07-22 20:13:17',NULL,NULL,'2016-07-22 20:13:17','2016-07-22 20:13:17'),(4369,467,'LinkRegistration',1,250,1,'2016-07-22 20:13:17',NULL,NULL,'2016-07-22 20:13:17','2016-07-22 20:13:17'),(4370,467,'MediaTypeID',1,12,0,'2016-07-22 20:13:17',NULL,NULL,'2016-07-22 20:13:17','2016-07-22 20:13:17'),(4371,467,'PubDate',4,NULL,0,'2016-07-22 20:13:17',NULL,NULL,'2016-07-22 20:13:17','2016-07-22 20:13:17'),(4372,468,'ShoutOutID',1,12,0,'2016-07-22 20:13:17',NULL,NULL,'2016-07-22 20:13:17','2016-07-22 20:13:17'),(4373,469,'MediaEmail',1,255,0,'2016-07-22 20:13:17',NULL,NULL,'2016-07-22 20:13:17','2016-07-22 20:13:17'),(4374,469,'MediaType',1,20,0,'2016-07-22 20:13:17',NULL,NULL,'2016-07-22 20:13:17','2016-07-22 20:13:17'),(4375,470,'ShoutOutMediaID',1,12,1,'2016-07-22 20:13:18',NULL,NULL,'2016-07-22 20:13:18','2016-07-22 20:13:18'),(4376,471,'CheckBox',8,NULL,1,'2016-07-22 20:13:18',NULL,NULL,'2016-07-22 20:13:18','2016-07-22 20:13:18'),(4377,471,'ComboBox',1,20,1,'2016-07-22 20:13:18',NULL,NULL,'2016-07-22 20:13:18','2016-07-22 20:13:18'),(4378,471,'FileUpload',1,20,1,'2016-07-22 20:13:18',NULL,NULL,'2016-07-22 20:13:18','2016-07-22 20:13:18'),(4379,471,'IntegerOnly',2,NULL,1,'2016-07-22 20:13:18',NULL,NULL,'2016-07-22 20:13:18','2016-07-22 20:13:18'),(4380,471,'isURL',1,400,1,'2016-07-22 20:13:18',NULL,NULL,'2016-07-22 20:13:18','2016-07-22 20:13:18'),(4381,471,'MoneyFormat',11,NULL,1,'2016-07-22 20:13:18',NULL,NULL,'2016-07-22 20:13:18','2016-07-22 20:13:18'),(4382,471,'ParentSiteID',8,NULL,0,'2016-07-22 20:13:18',NULL,NULL,'2016-07-22 20:13:18','2016-07-22 20:13:18'),(4383,471,'PasswodtTest',1,20,1,'2016-07-22 20:13:18',NULL,NULL,'2016-07-22 20:13:18','2016-07-22 20:13:18'),(4384,471,'requiredEntry',1,20,0,'2016-07-22 20:13:18',NULL,NULL,'2016-07-22 20:13:18','2016-07-22 20:13:18'),(4385,471,'SmallINteger',8,NULL,1,'2016-07-22 20:13:18',NULL,NULL,'2016-07-22 20:13:18','2016-07-22 20:13:18'),(4386,471,'testDate',4,NULL,1,'2016-07-22 20:13:18',NULL,NULL,'2016-07-22 20:13:18','2016-07-22 20:13:18'),(4387,471,'testMoney',5,NULL,1,'2016-07-22 20:13:18',NULL,NULL,'2016-07-22 20:13:18','2016-07-22 20:13:18'),(4388,471,'testTime',4,NULL,1,'2016-07-22 20:13:18',NULL,NULL,'2016-07-22 20:13:18','2016-07-22 20:13:18'),(4389,471,'TextArea',1,100,1,'2016-07-22 20:13:18',NULL,NULL,'2016-07-22 20:13:18','2016-07-22 20:13:18'),(4390,471,'TextLength',1,10,1,'2016-07-22 20:13:18',NULL,NULL,'2016-07-22 20:13:18','2016-07-22 20:13:18'),(4391,471,'UrlName',1,500,0,'2016-07-22 20:13:18',NULL,NULL,'2016-07-22 20:13:18','2016-07-22 20:13:18'),(4392,472,'Gateway',1,100,0,'2016-07-22 20:13:18',NULL,NULL,'2016-07-22 20:13:18','2016-07-22 20:13:18'),(4393,473,'ActionBy',1,20,1,'2016-07-22 20:13:18',NULL,NULL,'2016-07-22 20:13:18','2016-07-22 20:13:18'),(4394,473,'DueDate',15,NULL,1,'2016-07-22 20:13:18',NULL,NULL,'2016-07-22 20:13:18','2016-07-22 20:13:18'),(4395,473,'OppDate',15,NULL,0,'2016-07-22 20:13:18',NULL,NULL,'2016-07-22 20:13:18','2016-07-22 20:13:18'),(4396,473,'ShortDesc',1,50,1,'2016-07-22 20:13:18',NULL,NULL,'2016-07-22 20:13:18','2016-07-22 20:13:18'),(4397,473,'SponsorshipType',1,250,1,'2016-07-22 20:13:18',NULL,NULL,'2016-07-22 20:13:18','2016-07-22 20:13:18'),(4398,474,'EffectiveFrom',4,NULL,1,'2016-07-22 20:13:20',NULL,NULL,'2016-07-22 20:13:20','2016-07-22 20:13:20'),(4399,474,'EffectiveTo',4,NULL,1,'2016-07-22 20:13:20',NULL,NULL,'2016-07-22 20:13:20','2016-07-22 20:13:20'),(4400,474,'IndustryCategory',1,50,0,'2016-07-22 20:13:20',NULL,NULL,'2016-07-22 20:13:20','2016-07-22 20:13:20'),(4401,474,'LogoURL',1,250,1,'2016-07-22 20:13:20',NULL,NULL,'2016-07-22 20:13:20','2016-07-22 20:13:20'),(4402,474,'RateAmount',11,NULL,1,'2016-07-22 20:13:20',NULL,NULL,'2016-07-22 20:13:20','2016-07-22 20:13:20'),(4403,474,'RateType',1,20,1,'2016-07-22 20:13:20',NULL,NULL,'2016-07-22 20:13:20','2016-07-22 20:13:20'),(4404,474,'SponsorDesc',1,1000,0,'2016-07-22 20:13:20',NULL,NULL,'2016-07-22 20:13:20','2016-07-22 20:13:20'),(4405,475,'isAccess',8,NULL,1,'2016-07-22 20:13:20',NULL,NULL,'2016-07-22 20:13:20','2016-07-22 20:13:20'),(4406,475,'isCheckIn',8,NULL,1,'2016-07-22 20:13:20',NULL,NULL,'2016-07-22 20:13:20','2016-07-22 20:13:20'),(4407,475,'isDocument',8,NULL,1,'2016-07-22 20:13:20',NULL,NULL,'2016-07-22 20:13:20','2016-07-22 20:13:20'),(4408,475,'SchoolID',1,20,1,'2016-07-22 20:13:20',NULL,NULL,'2016-07-22 20:13:20','2016-07-22 20:13:20'),(4409,475,'StudentFirstName',1,50,1,'2016-07-22 20:13:21',NULL,NULL,'2016-07-22 20:13:20','2016-07-22 20:13:21'),(4410,475,'StudentID',1,20,1,'2016-07-22 20:13:21',NULL,NULL,'2016-07-22 20:13:20','2016-07-22 20:13:21'),(4411,475,'StudentLastName',1,50,1,'2016-07-22 20:13:21',NULL,NULL,'2016-07-22 20:13:20','2016-07-22 20:13:21'),(4412,475,'TeacherFirstName',1,50,1,'2016-07-22 20:13:21',NULL,NULL,'2016-07-22 20:13:20','2016-07-22 20:13:21'),(4413,475,'TeacherID',1,20,1,'2016-07-22 20:13:21',NULL,NULL,'2016-07-22 20:13:20','2016-07-22 20:13:21'),(4414,475,'TeacherLastName',1,50,1,'2016-07-22 20:13:21',NULL,NULL,'2016-07-22 20:13:20','2016-07-22 20:13:21'),(4415,476,'SchoolYear',1,12,1,'2016-07-22 20:13:21',NULL,NULL,'2016-07-22 20:13:20','2016-07-22 20:13:21'),(4416,476,'Semester',1,12,1,'2016-07-22 20:13:21',NULL,NULL,'2016-07-22 20:13:20','2016-07-22 20:13:21'),(4417,478,'isRun',8,NULL,1,'2016-07-22 20:13:35',NULL,NULL,'2016-07-22 20:13:21','2016-07-22 20:13:35'),(4418,478,'SurveyRule',1,50,1,'2016-07-22 20:13:21',NULL,NULL,'2016-07-22 20:13:21','2016-07-22 20:13:21'),(4419,478,'SurveyTemplateID',1,12,1,'2016-07-22 20:13:23',NULL,NULL,'2016-07-22 20:13:21','2016-07-22 20:13:23'),(4420,479,'ControlType',1,20,1,'2016-07-22 20:13:23',NULL,NULL,'2016-07-22 20:13:22','2016-07-22 20:13:23'),(4421,479,'IsHideDesc',8,NULL,1,'2016-07-22 20:13:23',NULL,NULL,'2016-07-22 20:13:22','2016-07-22 20:13:23'),(4422,479,'QuestDesc',1,250,0,'2016-07-22 20:13:23',NULL,NULL,'2016-07-22 20:13:22','2016-07-22 20:13:23'),(4423,479,'QuestNum',1,20,1,'2016-07-22 20:13:23',NULL,NULL,'2016-07-22 20:13:22','2016-07-22 20:13:23'),(4424,479,'Style',1,30,1,'2016-07-22 20:13:23',NULL,NULL,'2016-07-22 20:13:22','2016-07-22 20:13:23'),(4425,479,'SurveyHdrID',1,12,1,'2016-07-22 20:13:22',NULL,NULL,'2016-07-22 20:13:22','2016-07-22 20:13:22'),(4426,479,'SurveyTemplateQnID',1,12,1,'2016-07-22 20:13:22',NULL,NULL,'2016-07-22 20:13:22','2016-07-22 20:13:22'),(4427,480,'EventRegID',1,12,1,'2016-07-22 20:13:22',NULL,NULL,'2016-07-22 20:13:22','2016-07-22 20:13:22'),(4428,480,'IdentificationID',1,20,1,'2016-07-22 20:13:22',NULL,NULL,'2016-07-22 20:13:22','2016-07-22 20:13:22'),(4429,480,'SessionID',1,50,1,'2016-07-22 20:13:22',NULL,NULL,'2016-07-22 20:13:22','2016-07-22 20:13:22'),(4430,480,'SurveyDate',4,NULL,1,'2016-07-22 20:13:23',NULL,NULL,'2016-07-22 20:13:22','2016-07-22 20:13:23'),(4431,480,'SurveySecurity',1,20,1,'2016-07-22 20:13:23',NULL,NULL,'2016-07-22 20:13:22','2016-07-22 20:13:23'),(4432,480,'TemplateQnID',1,12,1,'2016-07-22 20:13:22',NULL,NULL,'2016-07-22 20:13:22','2016-07-22 20:13:22'),(4433,481,'OptionAnswer',13,-1,0,'2016-07-22 20:13:22',NULL,NULL,'2016-07-22 20:13:22','2016-07-22 20:13:22'),(4434,481,'OptionName',1,12,0,'2016-07-22 20:13:22',NULL,NULL,'2016-07-22 20:13:22','2016-07-22 20:13:22'),(4435,482,'isStartCopy',8,NULL,1,'2016-07-22 20:13:23',NULL,NULL,'2016-07-22 20:13:23','2016-07-22 20:13:23'),(4436,482,'SurveyTarget',1,12,0,'2016-07-22 20:13:23',NULL,NULL,'2016-07-22 20:13:23','2016-07-22 20:13:23'),(4437,483,'DateEffectiveFrom',4,NULL,1,'2016-07-22 20:13:23',NULL,NULL,'2016-07-22 20:13:23','2016-07-22 20:13:23'),(4438,483,'DateEffectiveTo',4,NULL,1,'2016-07-22 20:13:23',NULL,NULL,'2016-07-22 20:13:23','2016-07-22 20:13:23'),(4439,483,'MoreDescription',1,2000,1,'2016-07-22 20:13:23',NULL,NULL,'2016-07-22 20:13:23','2016-07-22 20:13:23'),(4440,485,'EmailAlias',1,50,1,'2016-07-22 20:13:24',NULL,NULL,'2016-07-22 20:13:24','2016-07-22 20:13:24'),(4441,485,'EmailUsername',1,12,1,'2016-07-22 20:13:24',NULL,NULL,'2016-07-22 20:13:24','2016-07-22 20:13:24'),(4442,485,'Event',1,175,1,'2016-07-22 20:13:24',NULL,NULL,'2016-07-22 20:13:24','2016-07-22 20:13:24'),(4443,485,'FacebookAppID',1,50,1,'2016-07-22 20:13:24',NULL,NULL,'2016-07-22 20:13:24','2016-07-22 20:13:24'),(4444,485,'IdentificationNum',2,NULL,1,'2016-07-22 20:13:24',NULL,NULL,'2016-07-22 20:13:24','2016-07-22 20:13:24'),(4445,485,'isEmergency',8,NULL,1,'2016-07-22 20:13:24',NULL,NULL,'2016-07-22 20:13:24','2016-07-22 20:13:24'),(4446,485,'isMemberPricing',8,NULL,1,'2016-07-22 20:13:24',NULL,NULL,'2016-07-22 20:13:24','2016-07-22 20:13:24'),(4447,485,'isResidentPricing',8,NULL,1,'2016-07-22 20:13:24',NULL,NULL,'2016-07-22 20:13:24','2016-07-22 20:13:24'),(4448,485,'isSiblingPricing',8,NULL,1,'2016-07-22 20:13:24',NULL,NULL,'2016-07-22 20:13:24','2016-07-22 20:13:24'),(4449,485,'isSpecialPricing',8,NULL,1,'2016-07-22 20:13:24',NULL,NULL,'2016-07-22 20:13:24','2016-07-22 20:13:24'),(4450,485,'ModuleDisplay',1,250,1,'2016-07-22 20:13:24',NULL,NULL,'2016-07-22 20:13:24','2016-07-22 20:13:24'),(4451,485,'Provider',1,30,1,'2016-07-22 20:13:24',NULL,NULL,'2016-07-22 20:13:24','2016-07-22 20:13:24'),(4452,485,'PurgeDate',4,NULL,1,'2016-07-22 20:13:24',NULL,NULL,'2016-07-22 20:13:24','2016-07-22 20:13:24'),(4453,485,'RegistrationFeeID',1,12,1,'2016-07-22 20:13:24',NULL,NULL,'2016-07-22 20:13:24','2016-07-22 20:13:24'),(4454,485,'RegistrationUse',1,20,1,'2016-07-22 20:13:24',NULL,NULL,'2016-07-22 20:13:24','2016-07-22 20:13:24'),(4455,485,'VolunteerScheduleMonth',8,NULL,1,'2016-07-22 20:13:24',NULL,NULL,'2016-07-22 20:13:24','2016-07-22 20:13:24'),(4456,486,'MessageNum',2,NULL,0,'2016-07-22 20:13:24',NULL,NULL,'2016-07-22 20:13:24','2016-07-22 20:13:24'),(4457,486,'MessageText',1,500,0,'2016-07-22 20:13:24',NULL,NULL,'2016-07-22 20:13:24','2016-07-22 20:13:24'),(4458,486,'WhereUsed',1,200,1,'2016-07-22 20:13:24',NULL,NULL,'2016-07-22 20:13:24','2016-07-22 20:13:24'),(4459,487,'LastSeasonTeamID',1,12,1,'2016-07-22 20:13:25',NULL,NULL,'2016-07-22 20:13:25','2016-07-22 20:13:25'),(4460,487,'LeagueOther',1,50,1,'2016-07-22 20:13:25',NULL,NULL,'2016-07-22 20:13:25','2016-07-22 20:13:25'),(4461,487,'RegDate',4,NULL,1,'2016-07-22 20:13:25',NULL,NULL,'2016-07-22 20:13:25','2016-07-22 20:13:25'),(4462,487,'TeamCode',8,NULL,1,'2016-07-22 20:13:26',NULL,NULL,'2016-07-22 20:13:26','2016-07-22 20:13:26'),(4463,487,'TeamColor',1,20,1,'2016-07-22 20:13:26',NULL,NULL,'2016-07-22 20:13:26','2016-07-22 20:13:26'),(4464,487,'TeamStatus',1,12,1,'2016-07-22 20:13:26',NULL,NULL,'2016-07-22 20:13:26','2016-07-22 20:13:26'),(4465,488,'AgeGrpFrom',1,20,1,'2016-07-22 20:13:26',NULL,NULL,'2016-07-22 20:13:26','2016-07-22 20:13:26'),(4466,488,'AgeGrpTo',1,20,1,'2016-07-22 20:13:26',NULL,NULL,'2016-07-22 20:13:26','2016-07-22 20:13:26'),(4467,488,'Club',1,100,1,'2016-07-22 20:13:26',NULL,NULL,'2016-07-22 20:13:26','2016-07-22 20:13:26'),(4468,488,'DivisionFrom',1,20,1,'2016-07-22 20:13:26',NULL,NULL,'2016-07-22 20:13:26','2016-07-22 20:13:26'),(4469,488,'DivisionTo',1,20,1,'2016-07-22 20:13:26',NULL,NULL,'2016-07-22 20:13:26','2016-07-22 20:13:26'),(4470,488,'EventIDTo',1,12,0,'2016-07-22 20:13:26',NULL,NULL,'2016-07-22 20:13:26','2016-07-22 20:13:26'),(4471,488,'GenderFrom',1,20,1,'2016-07-22 20:13:26',NULL,NULL,'2016-07-22 20:13:26','2016-07-22 20:13:26'),(4472,488,'GenderTo',1,20,1,'2016-07-22 20:13:26',NULL,NULL,'2016-07-22 20:13:26','2016-07-22 20:13:26'),(4473,488,'GradeFrom',1,20,1,'2016-07-22 20:13:26',NULL,NULL,'2016-07-22 20:13:26','2016-07-22 20:13:26'),(4474,488,'GradeTo',1,20,1,'2016-07-22 20:13:26',NULL,NULL,'2016-07-22 20:13:26','2016-07-22 20:13:26'),(4475,488,'IsCopyPlayer',8,NULL,1,'2016-07-22 20:13:27',NULL,NULL,'2016-07-22 20:13:26','2016-07-22 20:13:27'),(4476,488,'IsCopyTeam',8,NULL,1,'2016-07-22 20:13:26',NULL,NULL,'2016-07-22 20:13:26','2016-07-22 20:13:26'),(4477,488,'IsCopyVolunteer',8,NULL,1,'2016-07-22 20:13:26',NULL,NULL,'2016-07-22 20:13:26','2016-07-22 20:13:26'),(4478,488,'ItemIDFrom',1,20,1,'2016-07-22 20:13:26',NULL,NULL,'2016-07-22 20:13:26','2016-07-22 20:13:26'),(4479,488,'ItemIDTo',1,20,1,'2016-07-22 20:13:26',NULL,NULL,'2016-07-22 20:13:26','2016-07-22 20:13:26'),(4480,489,'IRS',8,NULL,1,'2016-07-22 20:13:27',NULL,NULL,'2016-07-22 20:13:27','2016-07-22 20:13:27'),(4481,489,'IsCoachAssign',8,NULL,1,'2016-07-22 20:13:27',NULL,NULL,'2016-07-22 20:13:27','2016-07-22 20:13:27'),(4482,489,'IsExRandom',8,NULL,1,'2016-07-22 20:13:27',NULL,NULL,'2016-07-22 20:13:27','2016-07-22 20:13:27'),(4483,489,'IsNewPlayer',8,NULL,1,'2016-07-22 20:13:27',NULL,NULL,'2016-07-22 20:13:27','2016-07-22 20:13:27'),(4484,489,'IsNewTeam',8,NULL,1,'2016-07-22 20:13:27',NULL,NULL,'2016-07-22 20:13:27','2016-07-22 20:13:27'),(4485,489,'IsUnassign',8,NULL,1,'2016-07-22 20:13:27',NULL,NULL,'2016-07-22 20:13:27','2016-07-22 20:13:27'),(4486,489,'PlayerSelectionBasis',1,12,1,'2016-07-22 20:13:27',NULL,NULL,'2016-07-22 20:13:27','2016-07-22 20:13:27'),(4487,489,'RoleID',1,12,1,'2016-07-22 20:13:27',NULL,NULL,'2016-07-22 20:13:27','2016-07-22 20:13:27'),(4488,489,'SchoolLimit',8,NULL,1,'2016-07-22 20:13:27',NULL,NULL,'2016-07-22 20:13:27','2016-07-22 20:13:27'),(4489,489,'TeamAgeGrp',1,12,1,'2016-07-22 20:13:27',NULL,NULL,'2016-07-22 20:13:27','2016-07-22 20:13:27'),(4490,489,'TeamGender',1,20,0,'2016-07-22 20:13:27',NULL,NULL,'2016-07-22 20:13:27','2016-07-22 20:13:27'),(4491,489,'TeamGrade',1,20,1,'2016-07-22 20:13:27',NULL,NULL,'2016-07-22 20:13:27','2016-07-22 20:13:27'),(4492,490,'Comment',1,1000,1,'2016-07-22 20:13:34',NULL,NULL,'2016-07-22 20:13:27','2016-07-22 20:13:34'),(4493,490,'TeamAdminName',1,100,0,'2016-07-22 20:13:28',NULL,NULL,'2016-07-22 20:13:28','2016-07-22 20:13:28'),(4494,490,'TeamCtrlID',1,12,1,'2016-07-22 20:13:28',NULL,NULL,'2016-07-22 20:13:28','2016-07-22 20:13:28'),(4495,491,'Image01',1,100,1,'2016-07-22 20:13:28',NULL,NULL,'2016-07-22 20:13:28','2016-07-22 20:13:28'),(4496,491,'Image02',1,100,1,'2016-07-22 20:13:28',NULL,NULL,'2016-07-22 20:13:28','2016-07-22 20:13:28'),(4497,491,'Image03',1,100,1,'2016-07-22 20:13:28',NULL,NULL,'2016-07-22 20:13:28','2016-07-22 20:13:28'),(4498,491,'Image04',1,100,1,'2016-07-22 20:13:28',NULL,NULL,'2016-07-22 20:13:28','2016-07-22 20:13:28'),(4499,491,'Image05',1,100,1,'2016-07-22 20:13:28',NULL,NULL,'2016-07-22 20:13:28','2016-07-22 20:13:28'),(4500,491,'Image06',1,100,1,'2016-07-22 20:13:28',NULL,NULL,'2016-07-22 20:13:28','2016-07-22 20:13:28'),(4501,491,'PageTitle',1,100,0,'2016-07-22 20:13:28',NULL,NULL,'2016-07-22 20:13:28','2016-07-22 20:13:28'),(4502,491,'Passcode',1,100,0,'2016-07-22 20:13:28',NULL,NULL,'2016-07-22 20:13:28','2016-07-22 20:13:28'),(4503,491,'TeamMessage',1,1000,1,'2016-07-22 20:13:28',NULL,NULL,'2016-07-22 20:13:28','2016-07-22 20:13:28'),(4504,491,'Text01',1,100,1,'2016-07-22 20:13:28',NULL,NULL,'2016-07-22 20:13:28','2016-07-22 20:13:28'),(4505,491,'Text02',1,100,1,'2016-07-22 20:13:28',NULL,NULL,'2016-07-22 20:13:28','2016-07-22 20:13:28'),(4506,491,'Text03',1,100,1,'2016-07-22 20:13:28',NULL,NULL,'2016-07-22 20:13:28','2016-07-22 20:13:28'),(4507,491,'Text04',1,100,1,'2016-07-22 20:13:28',NULL,NULL,'2016-07-22 20:13:28','2016-07-22 20:13:28'),(4508,491,'Text05',1,100,1,'2016-07-22 20:13:28',NULL,NULL,'2016-07-22 20:13:28','2016-07-22 20:13:28'),(4509,491,'Text06',1,100,1,'2016-07-22 20:13:28',NULL,NULL,'2016-07-22 20:13:28','2016-07-22 20:13:28'),(4510,492,'DefaultImage',1,100,0,'2016-07-22 20:13:28',NULL,NULL,'2016-07-22 20:13:28','2016-07-22 20:13:28'),(4511,492,'DefaultImageText',1,100,1,'2016-07-22 20:13:28',NULL,NULL,'2016-07-22 20:13:28','2016-07-22 20:13:28'),(4512,492,'DefaultTitle',1,50,0,'2016-07-22 20:13:28',NULL,NULL,'2016-07-22 20:13:28','2016-07-22 20:13:28'),(4513,492,'IsDisplayBirthCert',8,NULL,1,'2016-07-22 20:13:28',NULL,NULL,'2016-07-22 20:13:28','2016-07-22 20:13:28'),(4514,492,'IsDisplayContactCell',8,NULL,1,'2016-07-22 20:13:28',NULL,NULL,'2016-07-22 20:13:28','2016-07-22 20:13:28'),(4515,492,'IsDisplayContactEmail',8,NULL,1,'2016-07-22 20:13:28',NULL,NULL,'2016-07-22 20:13:28','2016-07-22 20:13:28'),(4516,492,'IsDisplayContactEmail2',8,NULL,1,'2016-07-22 20:13:28',NULL,NULL,'2016-07-22 20:13:28','2016-07-22 20:13:28'),(4517,492,'IsDisplayContactPhoneHome',8,NULL,1,'2016-07-22 20:13:28',NULL,NULL,'2016-07-22 20:13:28','2016-07-22 20:13:28'),(4518,492,'IsDisplayDOB',8,NULL,1,'2016-07-22 20:13:28',NULL,NULL,'2016-07-22 20:13:28','2016-07-22 20:13:28'),(4519,492,'IsDisplayPlayerEmail',8,NULL,1,'2016-07-22 20:13:28',NULL,NULL,'2016-07-22 20:13:28','2016-07-22 20:13:28'),(4520,492,'IsDisplayPlayerNum',8,NULL,1,'2016-07-22 20:13:28',NULL,NULL,'2016-07-22 20:13:28','2016-07-22 20:13:28'),(4521,492,'IsTeamPageCreate',8,NULL,1,'2016-07-22 20:13:28',NULL,NULL,'2016-07-22 20:13:28','2016-07-22 20:13:28'),(4522,492,'IsTeamPageDelete',8,NULL,1,'2016-07-22 20:13:28',NULL,NULL,'2016-07-22 20:13:28','2016-07-22 20:13:28'),(4523,492,'PlayerNameDisplay',1,5,1,'2016-07-22 20:13:28',NULL,NULL,'2016-07-22 20:13:28','2016-07-22 20:13:28'),(4524,492,'SportType',1,12,0,'2016-07-22 20:13:29',NULL,NULL,'2016-07-22 20:13:29','2016-07-22 20:13:29'),(4525,493,'Team1',1,12,0,'2016-07-22 20:13:29',NULL,NULL,'2016-07-22 20:13:29','2016-07-22 20:13:29'),(4526,493,'Team2',1,12,0,'2016-07-22 20:13:29',NULL,NULL,'2016-07-22 20:13:29','2016-07-22 20:13:29'),(4527,493,'WeekNum',8,NULL,0,'2016-07-22 20:13:29',NULL,NULL,'2016-07-22 20:13:29','2016-07-22 20:13:29'),(4528,494,'isTeamLoad',8,NULL,1,'2016-07-22 20:13:29',NULL,NULL,'2016-07-22 20:13:29','2016-07-22 20:13:29'),(4529,495,'PayAmt',11,NULL,1,'2016-07-22 20:13:29',NULL,NULL,'2016-07-22 20:13:29','2016-07-22 20:13:29'),(4530,495,'Reference',1,100,1,'2016-07-22 20:13:29',NULL,NULL,'2016-07-22 20:13:29','2016-07-22 20:13:29'),(4531,495,'TeamPaymentCtrlID',1,12,1,'2016-07-22 20:13:29',NULL,NULL,'2016-07-22 20:13:29','2016-07-22 20:13:29'),(4532,496,'isAssignPayment',8,NULL,1,'2016-07-22 20:13:29',NULL,NULL,'2016-07-22 20:13:29','2016-07-22 20:13:29'),(4533,497,'BracketType',1,12,0,'2016-07-22 20:13:29',NULL,NULL,'2016-07-22 20:13:29','2016-07-22 20:13:29'),(4534,497,'GameNum',8,NULL,0,'2016-07-22 20:13:29',NULL,NULL,'2016-07-22 20:13:29','2016-07-22 20:13:29'),(4535,497,'GameOrder',8,NULL,0,'2016-07-22 20:13:29',NULL,NULL,'2016-07-22 20:13:29','2016-07-22 20:13:29'),(4536,497,'LossNext',8,NULL,0,'2016-07-22 20:13:29',NULL,NULL,'2016-07-22 20:13:29','2016-07-22 20:13:29'),(4537,497,'WinLoss',1,2,0,'2016-07-22 20:13:29',NULL,NULL,'2016-07-22 20:13:29','2016-07-22 20:13:29'),(4538,497,'WinNext',8,NULL,0,'2016-07-22 20:13:29',NULL,NULL,'2016-07-22 20:13:29','2016-07-22 20:13:29'),(4539,498,'AccessToken',1,500,1,'2016-07-22 20:13:30',NULL,NULL,'2016-07-22 20:13:30','2016-07-22 20:13:30'),(4540,498,'Commissioner_ID',1,12,1,'2016-07-22 20:13:30',NULL,NULL,'2016-07-22 20:13:30','2016-07-22 20:13:30'),(4541,498,'Division_ID',1,12,1,'2016-07-22 20:13:30',NULL,NULL,'2016-07-22 20:13:30','2016-07-22 20:13:30'),(4542,498,'LoginName',1,100,1,'2016-07-22 20:13:30',NULL,NULL,'2016-07-22 20:13:30','2016-07-22 20:13:30'),(4543,498,'TeamSnapPassword',1,100,1,'2016-07-22 20:13:30',NULL,NULL,'2016-07-22 20:13:30','2016-07-22 20:13:30'),(4544,499,'CName',1,100,1,'2016-07-22 20:13:30',NULL,NULL,'2016-07-22 20:13:30','2016-07-22 20:13:30'),(4545,499,'EnableFansiteGlobal',8,NULL,1,'2016-07-22 20:13:30',NULL,NULL,'2016-07-22 20:13:30','2016-07-22 20:13:30'),(4546,499,'HasInvited',8,NULL,1,'2016-07-22 20:13:30',NULL,NULL,'2016-07-22 20:13:30','2016-07-22 20:13:30'),(4547,499,'isSetToTransfer',8,NULL,1,'2016-07-22 20:13:30',NULL,NULL,'2016-07-22 20:13:30','2016-07-22 20:13:30'),(4548,499,'LastTransferDate',4,NULL,1,'2016-07-22 20:13:30',NULL,NULL,'2016-07-22 20:13:30','2016-07-22 20:13:30'),(4549,499,'PublicSubdomain',1,200,1,'2016-07-22 20:13:30',NULL,NULL,'2016-07-22 20:13:30','2016-07-22 20:13:30'),(4550,499,'TeamSnapTeamID',1,20,1,'2016-07-22 20:13:30',NULL,NULL,'2016-07-22 20:13:30','2016-07-22 20:13:30'),(4551,500,'ArticleBodyID',1,12,1,'2016-07-22 20:13:30',NULL,NULL,'2016-07-22 20:13:30','2016-07-22 20:13:30'),(4552,500,'ArticleID',1,20,1,'2016-07-22 20:13:30',NULL,NULL,'2016-07-22 20:13:30','2016-07-22 20:13:30'),(4553,500,'Body',13,-1,1,'2016-07-22 20:13:30',NULL,NULL,'2016-07-22 20:13:30','2016-07-22 20:13:30'),(4554,500,'DivID',1,12,0,'2016-07-22 20:13:30',NULL,NULL,'2016-07-22 20:13:30','2016-07-22 20:13:30'),(4555,500,'DivType',1,5,0,'2016-07-22 20:13:30',NULL,NULL,'2016-07-22 20:13:30','2016-07-22 20:13:30'),(4556,500,'FormType',1,2,1,'2016-07-22 20:13:30',NULL,NULL,'2016-07-22 20:13:30','2016-07-22 20:13:30'),(4557,500,'isAllowADUpdate',8,NULL,1,'2016-07-22 20:13:30',NULL,NULL,'2016-07-22 20:13:30','2016-07-22 20:13:30'),(4558,500,'LeftMenuClassID',1,12,1,'2016-07-22 20:13:30',NULL,NULL,'2016-07-22 20:13:30','2016-07-22 20:13:30'),(4559,500,'LookupDetailID',1,20,1,'2016-07-22 20:13:30',NULL,NULL,'2016-07-22 20:13:30','2016-07-22 20:13:30'),(4560,500,'MenuID',1,12,1,'2016-07-22 20:13:30',NULL,NULL,'2016-07-22 20:13:30','2016-07-22 20:13:30'),(4561,500,'MenuItemID',1,12,1,'2016-07-22 20:13:30',NULL,NULL,'2016-07-22 20:13:30','2016-07-22 20:13:30'),(4562,500,'TextType',1,1,0,'2016-07-22 20:13:32',NULL,NULL,'2016-07-22 20:13:32','2016-07-22 20:13:32'),(4563,500,'Title',1,300,1,'2016-07-22 20:13:32',NULL,NULL,'2016-07-22 20:13:32','2016-07-22 20:13:32'),(4564,500,'TitleOriginal',1,300,1,'2016-07-22 20:13:32',NULL,NULL,'2016-07-22 20:13:32','2016-07-22 20:13:32'),(4565,501,'AttributeFrom',1,100,1,'2016-07-22 20:13:32',NULL,NULL,'2016-07-22 20:13:32','2016-07-22 20:13:32'),(4566,501,'AttributeTo',1,100,1,'2016-07-22 20:13:32',NULL,NULL,'2016-07-22 20:13:32','2016-07-22 20:13:32'),(4567,501,'ClassFrom',1,100,1,'2016-07-22 20:13:32',NULL,NULL,'2016-07-22 20:13:32','2016-07-22 20:13:32'),(4568,501,'ClassTo',1,100,1,'2016-07-22 20:13:32',NULL,NULL,'2016-07-22 20:13:32','2016-07-22 20:13:32'),(4569,501,'DivIDFrom',1,20,1,'2016-07-22 20:13:33',NULL,NULL,'2016-07-22 20:13:33','2016-07-22 20:13:33'),(4570,501,'DivIDTo',1,20,1,'2016-07-22 20:13:33',NULL,NULL,'2016-07-22 20:13:33','2016-07-22 20:13:33'),(4571,502,'English',1,2000,1,'2016-07-22 20:13:33',NULL,NULL,'2016-07-22 20:13:33','2016-07-22 20:13:33'),(4572,502,'Translation',1,4000,1,'2016-07-22 20:13:33',NULL,NULL,'2016-07-22 20:13:33','2016-07-22 20:13:33'),(4573,510,'EndTimeDST',4,NULL,1,'2016-07-22 20:13:33',NULL,NULL,'2016-07-22 20:13:33','2016-07-22 20:13:33'),(4574,510,'StartTimeDST',4,NULL,1,'2016-07-22 20:13:33',NULL,NULL,'2016-07-22 20:13:33','2016-07-22 20:13:33'),(4575,510,'TimeSlotDesc',1,100,1,'2016-07-22 20:13:33',NULL,NULL,'2016-07-22 20:13:33','2016-07-22 20:13:33'),(4576,511,'DateDSTEnd',4,NULL,1,'2016-07-22 20:13:33',NULL,NULL,'2016-07-22 20:13:33','2016-07-22 20:13:33'),(4577,511,'DateDSTStart',4,NULL,1,'2016-07-22 20:13:34',NULL,NULL,'2016-07-22 20:13:34','2016-07-22 20:13:34'),(4578,511,'TimeZoneHour',8,NULL,0,'2016-07-22 20:13:34',NULL,NULL,'2016-07-22 20:13:34','2016-07-22 20:13:34'),(4579,511,'ZoneID',8,NULL,1,'2016-07-22 20:13:34',NULL,NULL,'2016-07-22 20:13:34','2016-07-22 20:13:34'),(4580,512,'Loss',8,NULL,1,'2016-07-22 20:13:34',NULL,NULL,'2016-07-22 20:13:34','2016-07-22 20:13:34'),(4581,512,'Result',8,NULL,1,'2016-07-22 20:13:34',NULL,NULL,'2016-07-22 20:13:34','2016-07-22 20:13:34'),(4582,512,'Tie',8,NULL,1,'2016-07-22 20:13:34',NULL,NULL,'2016-07-22 20:13:34','2016-07-22 20:13:34'),(4583,512,'TournName',1,100,0,'2016-07-22 20:13:34',NULL,NULL,'2016-07-22 20:13:34','2016-07-22 20:13:34'),(4584,512,'TournYear',8,NULL,1,'2016-07-22 20:13:34',NULL,NULL,'2016-07-22 20:13:34','2016-07-22 20:13:34'),(4585,512,'Win',8,NULL,1,'2016-07-22 20:13:34',NULL,NULL,'2016-07-22 20:13:34','2016-07-22 20:13:34'),(4586,513,'AvailabilityFreq',1,10,1,'2016-07-22 20:13:34',NULL,NULL,'2016-07-22 20:13:34','2016-07-22 20:13:34'),(4587,513,'AvailabilityNote',1,200,1,'2016-07-22 20:13:34',NULL,NULL,'2016-07-22 20:13:34','2016-07-22 20:13:34'),(4588,513,'CaseMoreInfo',1,100,1,'2016-07-22 20:13:34',NULL,NULL,'2016-07-22 20:13:34','2016-07-22 20:13:34'),(4589,513,'CaseRef',1,50,1,'2016-07-22 20:13:34',NULL,NULL,'2016-07-22 20:13:34','2016-07-22 20:13:34'),(4590,513,'DateAvailableFrom',4,NULL,1,'2016-07-22 20:13:34',NULL,NULL,'2016-07-22 20:13:34','2016-07-22 20:13:34'),(4591,513,'DateAvailableTo',4,NULL,1,'2016-07-22 20:13:34',NULL,NULL,'2016-07-22 20:13:34','2016-07-22 20:13:34'),(4592,513,'GroupDetail',1,100,1,'2016-07-22 20:13:34',NULL,NULL,'2016-07-22 20:13:34','2016-07-22 20:13:34'),(4593,513,'isGroup',8,NULL,1,'2016-07-22 20:13:34',NULL,NULL,'2016-07-22 20:13:34','2016-07-22 20:13:34'),(4594,513,'isThur',8,NULL,1,'2016-07-22 20:13:34',NULL,NULL,'2016-07-22 20:13:34','2016-07-22 20:13:34'),(4595,513,'TimeAvailable',1,20,1,'2016-07-22 20:13:35',NULL,NULL,'2016-07-22 20:13:35','2016-07-22 20:13:35'),(4596,514,'AssignmentType',1,20,0,'2016-07-22 20:13:35',NULL,NULL,'2016-07-22 20:13:35','2016-07-22 20:13:35'),(4597,514,'CreditLimit',11,NULL,1,'2016-07-22 20:13:35',NULL,NULL,'2016-07-22 20:13:35','2016-07-22 20:13:35'),(4598,514,'Planned',11,NULL,1,'2016-07-22 20:13:35',NULL,NULL,'2016-07-22 20:13:35','2016-07-22 20:13:35'),(4599,515,'AgeMin',8,NULL,1,'2016-07-22 20:13:35',NULL,NULL,'2016-07-22 20:13:35','2016-07-22 20:13:35'),(4600,515,'isFriday',8,NULL,1,'2016-07-22 20:13:35',NULL,NULL,'2016-07-22 20:13:35','2016-07-22 20:13:35'),(4601,515,'isMonday',8,NULL,1,'2016-07-22 20:13:35',NULL,NULL,'2016-07-22 20:13:35','2016-07-22 20:13:35'),(4602,515,'isSaturday',8,NULL,1,'2016-07-22 20:13:35',NULL,NULL,'2016-07-22 20:13:35','2016-07-22 20:13:35'),(4603,515,'isSunday',8,NULL,1,'2016-07-22 20:13:35',NULL,NULL,'2016-07-22 20:13:35','2016-07-22 20:13:35'),(4604,515,'isThursday',8,NULL,1,'2016-07-22 20:13:35',NULL,NULL,'2016-07-22 20:13:35','2016-07-22 20:13:35'),(4605,515,'isTuesday',8,NULL,1,'2016-07-22 20:13:35',NULL,NULL,'2016-07-22 20:13:35','2016-07-22 20:13:35'),(4606,515,'isWednesday',8,NULL,1,'2016-07-22 20:13:36',NULL,NULL,'2016-07-22 20:13:36','2016-07-22 20:13:36'),(4607,515,'NextRunDate',4,NULL,1,'2016-07-22 20:13:36',NULL,NULL,'2016-07-22 20:13:36','2016-07-22 20:13:36'),(4608,515,'TaskTimeSlot',1,30,1,'2016-07-22 20:13:36',NULL,NULL,'2016-07-22 20:13:36','2016-07-22 20:13:36'),(4609,515,'VolunteerTaskID',1,12,1,'2016-07-22 20:13:36',NULL,NULL,'2016-07-22 20:13:36','2016-07-22 20:13:36'),(4610,516,'ActualGroupNum',8,NULL,1,'2016-07-22 20:13:36',NULL,NULL,'2016-07-22 20:13:36','2016-07-22 20:13:36'),(4611,516,'ActualTime',11,NULL,1,'2016-07-22 20:13:36',NULL,NULL,'2016-07-22 20:13:36','2016-07-22 20:13:36'),(4612,516,'ContactInfo',1,20,1,'2016-07-22 20:13:36',NULL,NULL,'2016-07-22 20:13:36','2016-07-22 20:13:36'),(4613,516,'TaskComment',1,100,1,'2016-07-22 20:13:36',NULL,NULL,'2016-07-22 20:13:36','2016-07-22 20:13:36'),(4614,516,'TaskDate',4,NULL,0,'2016-07-22 20:13:36',NULL,NULL,'2016-07-22 20:13:36','2016-07-22 20:13:36'),(4615,516,'VolunteerUtilityID',1,12,1,'2016-07-22 20:13:36',NULL,NULL,'2016-07-22 20:13:36','2016-07-22 20:13:36'),(4616,517,'VolunteerSchedID',1,12,0,'2016-07-22 20:13:36',NULL,NULL,'2016-07-22 20:13:36','2016-07-22 20:13:36'),(4617,518,'MoreInfoLink',1,500,1,'2016-07-22 20:13:36',NULL,NULL,'2016-07-22 20:13:36','2016-07-22 20:13:36'),(4618,518,'PositionDescription',1,1000,1,'2016-07-22 20:13:36',NULL,NULL,'2016-07-22 20:13:36','2016-07-22 20:13:36'),(4619,518,'TaskHour',2,NULL,1,'2016-07-22 20:13:37',NULL,NULL,'2016-07-22 20:13:37','2016-07-22 20:13:37'),(4620,519,'CopyFromEventID',1,12,1,'2016-07-22 20:13:37',NULL,NULL,'2016-07-22 20:13:37','2016-07-22 20:13:37'),(4621,519,'CopyToEventID',1,12,1,'2016-07-22 20:13:37',NULL,NULL,'2016-07-22 20:13:37','2016-07-22 20:13:37'),(4622,519,'CopyType',1,12,0,'2016-07-22 20:13:37',NULL,NULL,'2016-07-22 20:13:37','2016-07-22 20:13:37'),(4623,519,'NewStartDate',4,NULL,1,'2016-07-22 20:13:37',NULL,NULL,'2016-07-22 20:13:37','2016-07-22 20:13:37'),(4624,519,'OldStartDate',4,NULL,1,'2016-07-22 20:13:38',NULL,NULL,'2016-07-22 20:13:38','2016-07-22 20:13:38'),(4625,519,'RunNote',1,3000,1,'2016-07-22 20:13:38',NULL,NULL,'2016-07-22 20:13:38','2016-07-22 20:13:38'),(4626,519,'ScheduleImport',13,-1,1,'2016-07-22 20:13:38',NULL,NULL,'2016-07-22 20:13:38','2016-07-22 20:13:38'),(4627,519,'Task',1,12,1,'2016-07-22 20:13:38',NULL,NULL,'2016-07-22 20:13:38','2016-07-22 20:13:38'),(4628,519,'TaskQty',8,NULL,1,'2016-07-22 20:13:38',NULL,NULL,'2016-07-22 20:13:38','2016-07-22 20:13:38'),(4652,539,'FirstName',3,NULL,0,'2016-08-16 03:28:43',NULL,NULL,'2016-08-16 03:28:43','2016-08-16 03:28:43'),(4653,540,'FirstName',3,NULL,0,'2016-08-16 19:28:56',NULL,NULL,'2016-08-16 03:30:18','2016-08-16 19:28:56'),(4654,540,'LastName',1,25,0,'2016-08-16 03:32:38',NULL,NULL,'2016-08-16 03:32:38','2016-08-16 03:32:38');
/*!40000 ALTER TABLE `attribute` ENABLE KEYS */;
UNLOCK TABLES;

--
-- Table structure for table `propertygroup`
--

DROP TABLE IF EXISTS `propertygroup`;
/*!40101 SET @saved_cs_client     = @@character_set_client */;
/*!40101 SET character_set_client = utf8 */;
CREATE TABLE `propertygroup` (
  `PROPERTYGROUPID` bigint(20) NOT NULL,
  `NAME` varchar(40) NOT NULL,
  `VERSION` timestamp NOT NULL DEFAULT CURRENT_TIMESTAMP ON UPDATE CURRENT_TIMESTAMP,
  `CREATEDBY` varchar(30) DEFAULT NULL,
  `UPDATEDBY` varchar(30) DEFAULT NULL,
  `CREATEDON` timestamp NULL DEFAULT NULL,
  `UPDATEDON` timestamp NULL DEFAULT NULL,
  PRIMARY KEY (`PROPERTYGROUPID`)
) ENGINE=InnoDB DEFAULT CHARSET=latin1;
/*!40101 SET character_set_client = @saved_cs_client */;

--
-- Dumping data for table `propertygroup`
--

LOCK TABLES `propertygroup` WRITE;
/*!40000 ALTER TABLE `propertygroup` DISABLE KEYS */;
INSERT INTO `propertygroup` VALUES (7,'Display','2012-08-01 23:50:38',NULL,NULL,NULL,NULL),(8,'Logic','2012-08-01 23:50:46',NULL,NULL,NULL,NULL);
/*!40000 ALTER TABLE `propertygroup` ENABLE KEYS */;
UNLOCK TABLES;

--
-- Table structure for table `tableimport`
--

DROP TABLE IF EXISTS `tableimport`;
/*!40101 SET @saved_cs_client     = @@character_set_client */;
/*!40101 SET character_set_client = utf8 */;
CREATE TABLE `tableimport` (
  `TableImportId` bigint(20) NOT NULL,
  `VERSION` timestamp NOT NULL DEFAULT CURRENT_TIMESTAMP ON UPDATE CURRENT_TIMESTAMP,
  `CREATEDBY` varchar(30) DEFAULT NULL,
  `UPDATEDBY` varchar(30) DEFAULT NULL,
  `CREATEDON` timestamp NULL DEFAULT NULL,
  `UPDATEDON` timestamp NULL DEFAULT NULL,
  `ModelTableImport` bigint(20) DEFAULT NULL,
  `TableRelationLookup` bigint(20) DEFAULT NULL,
  PRIMARY KEY (`TableImportId`),
  KEY `FK_ModelTableImport` (`ModelTableImport`),
  CONSTRAINT `FK_ModelTableImport` FOREIGN KEY (`ModelTableImport`) REFERENCES `modelimport` (`ModelImportId`) ON DELETE CASCADE
) ENGINE=InnoDB DEFAULT CHARSET=utf8;
/*!40101 SET character_set_client = @saved_cs_client */;

--
-- Dumping data for table `tableimport`
--

LOCK TABLES `tableimport` WRITE;
/*!40000 ALTER TABLE `tableimport` DISABLE KEYS */;
/*!40000 ALTER TABLE `tableimport` ENABLE KEYS */;
UNLOCK TABLES;

--
-- Table structure for table `attributepropertyvalue`
--

DROP TABLE IF EXISTS `attributepropertyvalue`;
/*!40101 SET @saved_cs_client     = @@character_set_client */;
/*!40101 SET character_set_client = utf8 */;
CREATE TABLE `attributepropertyvalue` (
  `AttributePropertyValueId` bigint(20) NOT NULL,
  `VERSION` timestamp NOT NULL DEFAULT CURRENT_TIMESTAMP ON UPDATE CURRENT_TIMESTAMP,
  `CREATEDBY` varchar(30) DEFAULT NULL,
  `UPDATEDBY` varchar(30) DEFAULT NULL,
  `CREATEDON` timestamp NULL DEFAULT NULL,
  `UPDATEDON` timestamp NULL DEFAULT NULL,
  `AttributeToPropertyValue` bigint(20) DEFAULT NULL,
  `MasterProperty` bigint(20) DEFAULT NULL,
  `PropertyValue` varchar(2000) DEFAULT NULL,
  PRIMARY KEY (`AttributePropertyValueId`),
  KEY `FK_AttributeToPropertyValue` (`AttributeToPropertyValue`),
  CONSTRAINT `FK_AttributeToPropertyValue` FOREIGN KEY (`AttributeToPropertyValue`) REFERENCES `attribute` (`ATTRIBUTEID`) ON DELETE CASCADE
) ENGINE=InnoDB DEFAULT CHARSET=utf8;
/*!40101 SET character_set_client = @saved_cs_client */;

--
-- Dumping data for table `attributepropertyvalue`
--

LOCK TABLES `attributepropertyvalue` WRITE;
/*!40000 ALTER TABLE `attributepropertyvalue` DISABLE KEYS */;
INSERT INTO `attributepropertyvalue` VALUES (1,'2016-05-02 20:56:00',NULL,NULL,'2016-05-01 16:40:12','2016-05-02 20:56:00',225,13,'False'),(2,'2016-05-02 20:56:05',NULL,NULL,'2016-05-01 16:40:19','2016-05-02 20:56:05',226,13,'True');
/*!40000 ALTER TABLE `attributepropertyvalue` ENABLE KEYS */;
UNLOCK TABLES;

--
-- Table structure for table `listdetail`
--

DROP TABLE IF EXISTS `listdetail`;
/*!40101 SET @saved_cs_client     = @@character_set_client */;
/*!40101 SET character_set_client = utf8 */;
CREATE TABLE `listdetail` (
  `LISTDETAILID` bigint(20) NOT NULL,
  `LISTHEADERTODETAIL` bigint(20) DEFAULT NULL,
  `CODE` varchar(256) NOT NULL,
  `LABEL` varchar(999) DEFAULT NULL,
  `VERSION` timestamp NOT NULL DEFAULT CURRENT_TIMESTAMP ON UPDATE CURRENT_TIMESTAMP,
  `CREATEDBY` varchar(30) DEFAULT NULL,
  `UPDATEDBY` varchar(30) DEFAULT NULL,
  `CREATEDON` timestamp NULL DEFAULT NULL,
  `UPDATEDON` timestamp NULL DEFAULT NULL,
  PRIMARY KEY (`LISTDETAILID`),
  KEY `fk_LISTHEADERTODETAIL` (`LISTHEADERTODETAIL`),
  CONSTRAINT `fk_LISTHEADERTODETAIL` FOREIGN KEY (`LISTHEADERTODETAIL`) REFERENCES `listheader` (`LISTHEADERID`) ON DELETE CASCADE ON UPDATE NO ACTION
) ENGINE=InnoDB DEFAULT CHARSET=latin1;
/*!40101 SET character_set_client = @saved_cs_client */;

--
-- Dumping data for table `listdetail`
--

LOCK TABLES `listdetail` WRITE;
/*!40000 ALTER TABLE `listdetail` DISABLE KEYS */;
INSERT INTO `listdetail` VALUES (2,2,'1','String','2012-09-01 22:13:54',NULL,NULL,NULL,NULL),(3,2,'2','Integer','2012-09-01 22:14:14',NULL,NULL,NULL,NULL),(4,2,'3','Boolean','2012-09-01 22:14:35',NULL,NULL,NULL,NULL),(5,2,'4','Date','2012-09-01 22:14:58',NULL,NULL,NULL,NULL),(6,2,'5','Decimal','2012-09-01 22:15:18',NULL,NULL,NULL,NULL),(7,2,'6','Char','2012-09-01 22:15:34',NULL,NULL,NULL,NULL),(8,2,'7','Byte','2012-09-01 22:15:50',NULL,NULL,NULL,NULL),(9,2,'8','Short','2012-09-01 22:16:07',NULL,NULL,NULL,NULL),(10,2,'9','Long','2012-09-01 22:16:23',NULL,NULL,NULL,NULL),(11,2,'10','Float','2012-09-01 22:16:42',NULL,NULL,NULL,NULL),(12,2,'11','Double','2012-09-01 22:17:03',NULL,NULL,NULL,NULL),(13,2,'12','Blob','2012-09-01 22:17:20',NULL,NULL,NULL,NULL),(14,2,'13','Clob','2012-09-01 22:17:43',NULL,NULL,NULL,NULL),(15,2,'14','Time','2012-09-01 22:18:00',NULL,NULL,NULL,NULL),(16,2,'15','Timestamp','2012-09-01 22:18:20',NULL,NULL,NULL,NULL),(17,3,'0','Backordered','2012-09-02 13:15:56',NULL,NULL,NULL,NULL),(18,3,'1','In Stock','2016-01-16 18:05:32',NULL,NULL,NULL,'2016-01-16 18:05:32'),(19,4,'0','One To Many','2012-11-15 16:12:27',NULL,NULL,NULL,NULL),(20,4,'1','One To One','2012-11-15 16:12:18',NULL,NULL,NULL,NULL),(21,4,'2','Many To Many','2012-11-15 16:12:43',NULL,NULL,NULL,NULL),(22,4,'3','Lookup','2012-11-15 16:12:52',NULL,NULL,NULL,NULL),(25,2,'16','uniqueidentifier','2016-01-17 05:50:51',NULL,NULL,'2016-01-17 05:50:51','2016-01-17 05:50:51'),(26,7,'auto','Auto Increment','2016-01-19 19:58:21',NULL,NULL,'2016-01-19 19:58:21','2016-01-19 19:58:21'),(27,7,'seq','Generated Sequence','2016-01-19 19:58:52',NULL,NULL,'2016-01-19 19:58:52','2016-01-19 19:58:52'),(28,8,'1','TStringField','2016-07-10 20:56:21',NULL,NULL,'2016-07-10 20:56:21','2016-07-10 20:56:21'),(29,9,'VARCHAR','Variable Length Character','2016-07-11 00:33:55',NULL,NULL,'2016-07-10 20:58:01','2016-07-11 00:33:55'),(30,9,'TINYINT','tiny int','2016-07-11 00:38:52',NULL,NULL,'2016-07-10 20:58:25','2016-07-11 00:38:52'),(31,9,'SMALLINT','SMALLINT','2016-07-11 00:39:06',NULL,NULL,'2016-07-11 00:39:06','2016-07-11 00:39:06'),(32,9,'MEDIUMINT','MEDIUMINT','2016-07-11 00:39:30',NULL,NULL,'2016-07-11 00:39:30','2016-07-11 00:39:30'),(33,9,'BOOL','BOOLEAN','2016-07-11 00:40:38',NULL,NULL,'2016-07-11 00:40:38','2016-07-11 00:40:38'),(34,9,'BOOLEAN','BOOLEAN','2016-07-11 00:42:00',NULL,NULL,'2016-07-11 00:42:00','2016-07-11 00:42:00'),(35,9,'BIT','BIT','2016-07-11 00:42:12',NULL,NULL,'2016-07-11 00:42:12','2016-07-11 00:42:12'),(36,9,'INT','INT','2016-07-11 00:42:27',NULL,NULL,'2016-07-11 00:42:27','2016-07-11 00:42:27'),(37,9,'INTEGER','INTEGER','2016-07-11 00:42:32',NULL,NULL,'2016-07-11 00:42:32','2016-07-11 00:42:32'),(38,9,'BIGINT','BIGINT','2016-07-11 00:42:46',NULL,NULL,'2016-07-11 00:42:46','2016-07-11 00:42:46'),(39,9,'DECIMAL','DECIMAL','2016-07-11 00:43:21',NULL,NULL,'2016-07-11 00:43:21','2016-07-11 00:43:21'),(40,9,'DEC','DEC','2016-07-11 00:43:28',NULL,NULL,'2016-07-11 00:43:28','2016-07-11 00:43:28'),(41,9,'FLOAT','FLOAT','2016-07-11 00:44:01',NULL,NULL,'2016-07-11 00:44:01','2016-07-11 00:44:01'),(42,9,'DOUBLE','DOUBLE','2016-07-11 00:44:15',NULL,NULL,'2016-07-11 00:44:15','2016-07-11 00:44:15'),(43,9,'DATE','DATE','2016-07-11 00:44:38',NULL,NULL,'2016-07-11 00:44:38','2016-07-11 00:44:38'),(44,9,'DATETIME','DATETIME','2016-07-11 00:44:45',NULL,NULL,'2016-07-11 00:44:45','2016-07-11 00:44:45'),(45,9,'TIMESTAMP','TIMESTAMP','2016-07-11 00:44:58',NULL,NULL,'2016-07-11 00:44:58','2016-07-11 00:44:58'),(46,9,'TIME','TIME','2016-07-11 00:45:09',NULL,NULL,'2016-07-11 00:45:09','2016-07-11 00:45:09'),(47,9,'YEAR','YEAR','2016-07-11 00:45:26',NULL,NULL,'2016-07-11 00:45:26','2016-07-11 00:45:26'),(48,9,'CHAR','CHAR','2016-07-11 00:45:56',NULL,NULL,'2016-07-11 00:45:56','2016-07-11 00:45:56'),(49,9,'BINARY','BINARY','2016-07-11 00:46:11',NULL,NULL,'2016-07-11 00:46:11','2016-07-11 00:46:11'),(50,9,'VARBINARY','VARBINARY','2016-07-11 00:46:24',NULL,NULL,'2016-07-11 00:46:24','2016-07-11 00:46:24'),(51,9,'TINYBLOB','TINYBLOB','2016-07-11 00:46:41',NULL,NULL,'2016-07-11 00:46:41','2016-07-11 00:46:41'),(52,9,'TINYTEXT','TINYTEXT','2016-07-11 00:46:59',NULL,NULL,'2016-07-11 00:46:59','2016-07-11 00:46:59'),(53,9,'BLOB','BLOB','2016-07-11 00:47:12',NULL,NULL,'2016-07-11 00:47:12','2016-07-11 00:47:12'),(54,9,'TEXT','TEXT','2016-07-11 00:47:22',NULL,NULL,'2016-07-11 00:47:22','2016-07-11 00:47:22'),(55,9,'MEDIUMBLOB','MEDIUMBLOB','2016-07-11 00:47:36',NULL,NULL,'2016-07-11 00:47:36','2016-07-11 00:47:36'),(56,9,'MEDIUMTEXT','MEDIUMTEXT','2016-07-11 00:47:51',NULL,NULL,'2016-07-11 00:47:51','2016-07-11 00:47:51'),(57,9,'LONGBLOB','LONGBLOB','2016-07-11 00:48:05',NULL,NULL,'2016-07-11 00:48:05','2016-07-11 00:48:05'),(58,9,'LONGTEXT','LONGTEXT','2016-07-11 00:48:29',NULL,NULL,'2016-07-11 00:48:29','2016-07-11 00:48:29'),(59,9,'ENUM','ENUM','2016-07-11 00:48:36',NULL,NULL,'2016-07-11 00:48:36','2016-07-11 00:48:36'),(60,9,'SET','SET','2016-07-11 00:48:41',NULL,NULL,'2016-07-11 00:48:41','2016-07-11 00:48:41'),(61,10,'BIGINT','BIGINT','2016-07-27 17:58:59',NULL,NULL,'2016-07-27 17:58:59','2016-07-27 17:58:59'),(62,10,'CHAR','CHAR','2016-07-27 18:01:29',NULL,NULL,'2016-07-27 18:01:29','2016-07-27 18:01:29'),(63,10,'VARCHAR','VARCHAR','2016-07-27 18:01:49',NULL,NULL,'2016-07-27 18:01:49','2016-07-27 18:01:49'),(64,10,'INTEGER','INTEGER','2016-07-27 18:01:56',NULL,NULL,'2016-07-27 18:01:56','2016-07-27 18:01:56'),(65,10,'SMALLINT','SMALLINT','2016-07-27 18:02:13',NULL,NULL,'2016-07-27 18:02:13','2016-07-27 18:02:13'),(66,10,'DECIMAL','DECIMAL','2016-07-27 18:02:31',NULL,NULL,'2016-07-27 18:02:31','2016-07-27 18:02:31'),(67,10,'FLOAT','FLOAT','2016-07-27 18:02:50',NULL,NULL,'2016-07-27 18:02:50','2016-07-27 18:02:50'),(68,10,'DOUBLE','DOUBLE','2016-07-27 18:02:55',NULL,NULL,'2016-07-27 18:02:55','2016-07-27 18:02:55'),(69,10,'DATE','DATE','2016-07-27 18:03:01',NULL,NULL,'2016-07-27 18:03:01','2016-07-27 18:03:01'),(70,10,'NUMERIC','NUMERIC','2016-07-27 18:03:30',NULL,NULL,'2016-07-27 18:03:30','2016-07-27 18:03:30'),(71,10,'TIME','TIME','2016-07-27 18:03:35',NULL,NULL,'2016-07-27 18:03:35','2016-07-27 18:03:35'),(72,10,'TIMESTAMP','TIMESTAMP','2016-07-27 18:04:03',NULL,NULL,'2016-07-27 18:04:03','2016-07-27 18:04:03'),(73,10,'BLOB','BLOB','2016-07-27 18:04:10',NULL,NULL,'2016-07-27 18:04:10','2016-07-27 18:04:10'),(74,10,'BOOLEAN','BOOLEAN','2016-07-27 18:04:53',NULL,NULL,'2016-07-27 18:04:53','2016-07-27 18:04:53'),(75,10,'CLOB','CLOB','2016-07-27 18:21:14',NULL,NULL,'2016-07-27 18:21:14','2016-07-27 18:21:14');
/*!40000 ALTER TABLE `listdetail` ENABLE KEYS */;
UNLOCK TABLES;

--
-- Table structure for table `noteheader`
--

DROP TABLE IF EXISTS `noteheader`;
/*!40101 SET @saved_cs_client     = @@character_set_client */;
/*!40101 SET character_set_client = utf8 */;
CREATE TABLE `noteheader` (
  `id` int(11) NOT NULL,
  `name` varchar(255) NOT NULL,
  `body` longtext,
  `user_id` bigint(20) NOT NULL,
  `site_id` int(11) DEFAULT NULL,
  `version` timestamp NOT NULL DEFAULT CURRENT_TIMESTAMP ON UPDATE CURRENT_TIMESTAMP,
  PRIMARY KEY (`id`),
  UNIQUE KEY `unique_id` (`id`),
  UNIQUE KEY `unique_name` (`name`)
) ENGINE=InnoDB DEFAULT CHARSET=utf8;
/*!40101 SET character_set_client = @saved_cs_client */;

--
-- Dumping data for table `noteheader`
--

LOCK TABLES `noteheader` WRITE;
/*!40000 ALTER TABLE `noteheader` DISABLE KEYS */;
INSERT INTO `noteheader` VALUES (0,'jocker',NULL,0,0,'2014-09-18 02:48:51'),(1,'fred','freddo',0,0,'2014-09-18 02:49:07'),(3,'fred3','freddo',0,0,'2014-09-21 02:48:15'),(4,'fred4','freddo',0,0,'2014-09-21 03:29:51'),(5,'fred5','freddo',0,0,'2014-09-21 03:30:27'),(6,'fred6','freddo',0,0,'2014-09-21 03:30:45'),(7,'fred7','freddo',0,0,'2014-09-21 15:14:07'),(8,'fred8','freddo',0,0,'2014-09-21 15:16:38'),(9,'fred9','freddo',0,0,'2014-09-21 15:17:35'),(10,'fred10','freddo',0,0,'2014-09-21 15:18:52'),(11,'fred11','freddo',0,0,'2014-09-21 15:20:54'),(12,'fred12','freddo',0,0,'2014-09-21 15:22:15'),(13,'fred13','freddo',0,0,'2014-09-26 03:31:24'),(14,'fred14','freddo',0,0,'2014-09-28 16:52:31'),(15,'fred15','freddo',0,0,'2014-09-28 16:56:43'),(16,'fred16','freddo',0,0,'2014-09-28 17:02:44'),(17,'fred17','freddo',0,0,'2014-09-28 17:03:24'),(18,'fred18','freddo',0,0,'2014-09-28 17:05:05'),(19,'fred19','freddo',0,0,'2014-09-28 18:07:58'),(20,'fred20','freddo',0,0,'2014-09-29 03:16:38'),(21,'fred21','freddo',0,0,'2014-09-29 03:29:25'),(22,'fred22','freddo',0,0,'2014-09-29 03:29:47'),(23,'fred23','freddo',0,0,'2014-09-29 03:32:18'),(24,'fred24','freddo',0,0,'2014-09-29 03:32:41'),(25,'fred25','freddo',0,0,'2014-09-29 03:47:24'),(26,'fred26','freddo',0,0,'2014-09-29 03:47:51'),(27,'fred27','freddo',0,0,'2014-09-30 02:50:57'),(28,'fred28','freddo',0,0,'2014-09-30 02:59:22'),(29,'fred29','freddo',0,0,'2014-09-30 03:01:47'),(30,'fred30','freddo',0,0,'2014-09-30 03:02:00'),(31,'fred31','freddo',0,0,'2014-09-30 03:02:06'),(32,'fred32','freddo',0,0,'2014-09-30 03:02:14'),(33,'fred33','freddo',0,0,'2014-09-30 03:30:31'),(34,'fred34','freddo',0,0,'2014-09-30 03:30:38'),(35,'fred35','freddo',0,0,'2014-10-03 01:27:30'),(36,'fred36','freddo',0,0,'2014-10-03 01:27:51'),(37,'fred37','freddo',0,0,'2014-10-04 13:55:05'),(38,'fred38','freddo',0,0,'2014-10-04 13:55:12'),(39,'fred39','freddo',0,0,'2014-10-04 15:37:58'),(40,'fred40','freddo',0,0,'2014-10-04 15:38:05'),(41,'fred41','freddo',0,0,'2014-10-04 15:49:06'),(42,'fred42','freddo',0,0,'2014-10-04 15:49:14'),(43,'fred43','freddo',0,0,'2014-10-05 16:41:41'),(44,'fred44','freddo',0,0,'2014-10-05 16:41:43'),(45,'fred45','freddo',0,0,'2014-10-05 16:58:47'),(46,'fred46','freddo',0,0,'2014-10-05 16:58:48'),(47,'fred47','freddo',0,0,'2014-10-05 17:00:28'),(48,'fred48','freddo',0,0,'2014-10-05 18:03:51'),(49,'fred49','freddo',0,0,'2014-10-05 18:07:57'),(50,'fred50','freddo',0,0,'2014-10-05 18:09:40'),(51,'fred51','freddo',0,0,'2014-10-05 18:09:49'),(52,'fred52','freddo',0,0,'2014-10-05 22:58:32'),(53,'fred53','freddo',0,0,'2014-10-05 22:58:35'),(54,'fred54','freddo',0,0,'2014-10-05 23:00:06'),(55,'fred55','freddo',0,0,'2014-10-05 23:00:08'),(56,'fred56','freddo',0,0,'2014-10-05 23:05:22'),(57,'fred57','freddo',0,0,'2014-10-05 23:05:30'),(58,'fred58','freddo',0,0,'2014-10-05 23:06:17'),(59,'fred59','freddo',0,0,'2014-10-05 23:06:19'),(60,'fred60','freddo',0,0,'2014-10-05 23:07:39'),(61,'fred61','freddo',0,0,'2014-10-05 23:07:41'),(62,'fred62','freddo',0,0,'2014-10-05 23:14:38'),(63,'fred63 a','freddo',0,0,'2014-10-05 23:15:13'),(64,'fred64 a','freddo',0,0,'2014-10-05 23:15:29'),(65,'fred65 a','freddo',0,0,'2014-10-05 23:40:12'),(66,'fred66 a','freddo',0,0,'2014-10-05 23:41:16'),(67,'fred67 a','freddo',0,0,'2014-10-05 23:42:06'),(68,'fred68 a','freddo',0,0,'2014-10-05 23:44:00'),(69,'fred69 a','freddo',0,0,'2014-10-05 23:47:21'),(70,'fred70 a','freddo',0,0,'2014-10-05 23:47:23'),(71,'fred71 a','freddo',0,0,'2014-10-05 23:47:26'),(72,'fred72 a','freddo',0,0,'2014-10-05 23:50:04'),(73,'fred73 a','freddo',0,0,'2014-10-05 23:50:54'),(74,'fred74 a','freddo',0,0,'2014-10-05 23:50:56'),(75,'fred75 a','freddo',0,0,'2014-10-05 23:51:58'),(76,'fred76 a','freddo',0,0,'2014-10-05 23:53:06'),(77,'fred77 a','freddo',0,0,'2014-10-05 23:54:15'),(78,'fred78 a','freddo',0,0,'2014-10-05 23:54:17'),(79,'fred79 a','freddo',0,0,'2014-10-05 23:54:18'),(80,'fred80 a','freddo',0,0,'2014-10-05 23:54:19'),(81,'fred81 a','freddo',0,0,'2014-10-05 23:54:22'),(82,'fred82 a','freddo',0,0,'2014-10-06 00:03:17'),(83,'fred83 a','freddo',0,0,'2014-10-06 00:03:23'),(84,'fred84 a','freddo',0,0,'2014-10-06 00:03:24'),(85,'fred85 a','freddo',0,0,'2014-10-06 00:09:30'),(86,'fred86 a','freddo',0,0,'2014-10-06 00:11:40'),(87,'fred87 a','freddo',0,0,'2014-10-06 00:12:14'),(88,'fred88 a','freddo',0,0,'2014-10-06 00:18:09'),(89,'fred89 a','freddo',0,0,'2014-10-06 00:19:16'),(90,'fred90 a','freddo',0,0,'2014-10-06 00:19:18'),(91,'fred91 a','freddo',0,0,'2014-10-06 00:20:14'),(92,'fred92 a','freddo',0,0,'2014-10-06 00:20:51'),(93,'fred93 a','freddo',0,0,'2014-10-06 00:20:53'),(94,'fred94 a','freddo',0,0,'2014-10-06 00:20:56'),(95,'fred95 a','freddo',0,0,'2014-10-06 00:20:59'),(96,'fred96 a','freddo',0,0,'2014-10-06 00:21:02'),(97,'fred97 a','freddo',0,0,'2014-10-06 00:23:04'),(98,'fred98 a','freddo',0,0,'2014-10-06 00:24:35'),(99,'fred99 a','freddo',0,0,'2014-10-06 00:26:53'),(100,'fred100 a','freddo',0,0,'2014-10-07 01:30:26'),(101,'fred101 a','freddo',0,0,'2014-10-07 01:31:12'),(102,'fred102 a','freddo',0,0,'2014-10-07 01:33:48'),(103,'fred103 a','freddo',0,0,'2014-10-09 02:43:52'),(104,'fred104 a','freddo',0,0,'2014-10-09 02:44:03'),(105,'null105 a',NULL,0,0,'2014-10-09 02:51:15'),(106,'null106 a',NULL,0,0,'2014-10-09 02:51:19'),(107,'fred107 a','fred is my temple',0,0,'2014-10-09 02:51:31'),(108,'fred108 a','freddo frog here',0,0,'2014-10-09 03:04:58'),(109,'fred109 a','this is the age of aquarious',0,0,'2014-10-09 03:06:33'),(110,'fred110 a','I\'m fred',0,0,'2014-10-11 03:06:31'),(111,'111 a','',0,0,'2014-10-11 03:14:44'),(112,'112 a','',0,0,'2014-10-11 03:15:29'),(113,'null113 a',NULL,0,0,'2014-10-12 16:35:45'),(114,'fred114 a','I bow out',0,0,'2014-10-12 16:46:30'),(115,'null115 a',NULL,0,0,'2014-10-12 16:46:34'),(116,'null116 a',NULL,0,0,'2014-10-12 16:46:37'),(117,'null117 a',NULL,0,0,'2014-10-14 00:03:04'),(118,'null118 a',NULL,0,0,'2014-10-14 00:03:07');
/*!40000 ALTER TABLE `noteheader` ENABLE KEYS */;
UNLOCK TABLES;

--
-- Table structure for table `buildscript`
--

DROP TABLE IF EXISTS `buildscript`;
/*!40101 SET @saved_cs_client     = @@character_set_client */;
/*!40101 SET character_set_client = utf8 */;
CREATE TABLE `buildscript` (
  `BUILDSCRIPTID` bigint(20) NOT NULL,
  `NAME` varchar(40) NOT NULL,
  `SCRIPT` longtext,
  `VERSION` timestamp NOT NULL DEFAULT CURRENT_TIMESTAMP ON UPDATE CURRENT_TIMESTAMP,
  `CREATEDBY` varchar(40) DEFAULT NULL,
  `CREATEDON` date DEFAULT NULL,
  `UPDATEDBY` varchar(40) DEFAULT NULL,
  `UPDATEDON` date DEFAULT NULL,
  PRIMARY KEY (`BUILDSCRIPTID`)
) ENGINE=InnoDB DEFAULT CHARSET=utf8;
/*!40101 SET character_set_client = @saved_cs_client */;

--
-- Dumping data for table `buildscript`
--

LOCK TABLES `buildscript` WRITE;
/*!40000 ALTER TABLE `buildscript` DISABLE KEYS */;
INSERT INTO `buildscript` VALUES (2,'NodeAPI','var\r\n   ModelDir:String;\r\n   RoutesDir:String;\r\n   Build:TDataSet;\r\n   ProjectPath:String;\r\n   IsOK:Boolean;\r\n\r\nprocedure StartIterateModel(DataSet:TDataSet; Payload:TJSONObject);\r\nvar\r\n   ModelName:String;\r\nbegin\r\n     Build:=Helper.GetBuildData().GetBuildData();\r\n     ProjectPath:=Build.FieldByName(\'ProjectPath\').AsString;\r\n     ModelName:=DataSet.FieldByName(\'Name\').AsString;\r\n     ModelDir:=ProjectPath + \'\\\' + ModelName;\r\n     CreateDir(ModelDir);\r\n     WriteLog(\'Create Directory: \' + ModelDir + \' ...\');\r\n     RoutesDir:=ModelDir + \'\\routes\';\r\n     CreateDir(RoutesDir);\r\nend;\r\n\r\nprocedure EndIterateModel(DataSet:TDataSet; Payload:TJSONObject);\r\nbegin\r\n     WriteLog(\'Script complete.\');\r\nend;\r\n\r\nprocedure StartIterateRelation(DataSet:TDataSet; Payload:TJSONObject);\r\nbegin\r\n\r\nend;\r\n\r\nprocedure EndIterateRelation(DataSet:TDataSet; Payload:TJSONObject);\r\nvar\r\n   RelationString:String;\r\n   TemplateOutput:String;\r\n   RouteFileName:String;\r\n   ProceduresFileName:String;\r\nbegin\r\n     RelationString:=Helper.FormatJSON(Payload);\r\n     TemplateOutput:=Helper.RenderTemplate(\'NodeRestRoute\', RelationString);\r\n     RouteFileName:=RoutesDir + \'\\\' + DataSet.FieldByName(\'Name\').AsString + \'.js\';\r\n     WriteLog(\'Writing File: \' + RouteFileName + \' ...\');\r\n     IsOK:=Helper.SaveStringToFile(TemplateOutput, RouteFileName);\r\nend;\r\n\r\nprocedure IterateAttribute(DataSet:TDataSet; Payload:TJSONObject);\r\nbegin\r\n\r\nend;\r\n\r\nprocedure IterateRelatedEntity(DataSet:TDataSet; Payload:TJSONObject);\r\nbegin\r\n\r\nend;\r\n\r\n\r\nbegin\r\n     SetIterateEntities(True);\r\n     SetIterateForms(False);\r\nend.\r\n','2016-08-03 03:04:15',NULL,'2016-05-02',NULL,'2016-08-02'),(3,'Database','var\r\n   Params: TObject;\r\n\r\nbegin\r\n     SetIterateEntities(False);\r\n     SetIterateForms(False);\r\n     Params := TObject.Create;\r\nend.\r\n\r\n\r\n','2016-09-02 01:33:14',NULL,'2016-05-06',NULL,'2016-09-01'),(4,'AngularClient','var\r\n   DatabaseType:String;\r\n\r\nbegin\r\n   DatabaseType:=Parameters.Values[\'DatabaseType\'];\r\n   if DatabaseType = \'\' then\r\n   begin\r\n    ShowMessage(\'Running Script Angular Client: DatabaseType parameter expected but not supplied.\');\r\n   end\r\n   else\r\n   begin\r\n     ShowMessage(\'Running Script Angular Client: DatabaseType:\' + DatabaseType);\r\n   end;\r\nend.\r\n','2016-09-02 01:07:44',NULL,'2016-05-13',NULL,'2016-09-01'),(7,'LazarusDataSnippets','var\r\n   DataSourceDir:String;\r\n   ModelDir:String;\r\n   Build:TDataSet;\r\n   ProjectPath:String;\r\n   FLazFieldDataTypeMap:TStringList;\r\n   FLazFieldDataTypeClassMap:TStringList;\r\n   IsOK:Boolean;\r\n\r\nprocedure StartIterateModel(DataSet:TDataSet; Payload:TJSONObject);\r\nvar\r\n   ModelName:String;\r\nbegin\r\n     Build:=Helper.GetBuildData().GetBuildData();\r\n     ProjectPath:=Build.FieldByName(\'ProjectPath\').AsString;\r\n     ModelName:=DataSet.FieldByName(\'Name\').AsString;\r\n     ModelDir:=ProjectPath + \'\\\' + ModelName;\r\n     DataSourceDir:=ModelDir + \'\\DataSource\';\r\n     WriteLog(\'Generating Data Snippets for Model: \' + ModelName + \' ...\');\r\n     WriteLog(\'Creating Directory: \' + ModelDir + \' ...\');\r\n     CreateDir(ModelDir);\r\n     WriteLog(\'Creating Directory: \' + DataSourceDir + \' ...\');\r\n     CreateDir(DataSourceDir);\r\nend;\r\n\r\nprocedure EndIterateModel(DataSet:TDataSet; Payload:TJSONObject);\r\nbegin\r\n     WriteLog(\'Script complete.\');\r\nend;\r\n\r\nprocedure StartIterateRelation(DataSet:TDataSet; Payload:TJSONObject);\r\nbegin\r\n\r\nend;\r\n\r\nprocedure EndIterateRelation(DataSet:TDataSet; Payload:TJSONObject);\r\nvar\r\n   RelationString:String;\r\n   TemplateOutput:String;\r\n   FileName:String;\r\n   EntityDataModuleName:String;\r\n   EntityDataModuleFormName:String;\r\n   EntityDataModuleSource:String;\r\n   EntityDataModuleFormSource:String;\r\n\r\nbegin\r\n\r\n     RelationString:=Helper.FormatJSON(Payload);\r\n     TemplateOutput:=Helper.RenderTemplate(\'DataSourceInterface\', RelationString);\r\n     TemplateOutput:= TemplateOutput + #13#10 + Helper.RenderTemplate(\'FirebirdDataProvider\', RelationString);\r\n     TemplateOutput:= TemplateOutput + #13#10 + Helper.RenderTemplate(\'FirebirdQueryModuleForm\', RelationString);\r\n     TemplateOutput:= TemplateOutput + #13#10 + Helper.RenderTemplate(\'FirebirdQueryModuleUnit\', RelationString);\r\n     FileName:=DataSourceDir + \'\\\' + DataSet.FieldByName(\'Name\').AsString + \'.txt\';\r\n     EntityDataModuleSource:=Helper.RenderTemplate(\'LazarusEntityDataModule\', RelationString);\r\n     EntityDataModuleFormSource:=Helper.RenderTemplate(\'LazarusEntityDataModuleForm\', RelationString);\r\n     EntityDataModuleName:=DataSourceDir + \'\\udm\' + DataSet.FieldByName(\'Name\').AsString + \'.pas\';\r\n     EntityDataModuleFormName:=DataSourceDir + \'\\udm\' + DataSet.FieldByName(\'Name\').AsString + \'.lfm\';\r\n     IsOK:=Helper.SaveStringToFile(TemplateOutput, FileName);\r\n     WriteLog(\'Writing File: \' + FileName + \' ...\');\r\n     IsOK:=Helper.SaveStringToFile(EntityDataModuleSource,EntityDataModuleName);\r\n     WriteLog(\'Writing File: \' + EntityDataModuleName + \' ...\');\r\n     IsOK:=Helper.SaveStringToFile(EntityDataModuleFormSource,EntityDataModuleFormName);\r\n     WriteLog(\'Writing File: \' + EntityDataModuleFormName + \' ...\');\r\n     IsOK:=Helper.SaveStringToFile(RelationString, DataSourceDir + \'\\\' + DataSet.FieldByName(\'Name\').AsString + \'Dump.txt\');\r\n\r\nend;\r\n\r\nprocedure IterateAttribute(DataSet:TDataSet; Payload:TJSONObject);\r\nvar\r\n   AttributeType:String;\r\nbegin\r\n     AttributeType:=Payload.Get(\'AttributeType\');\r\n     Helper.JsonAddString(Payload, \'LazFieldType\', FLazFieldDataTypeMap.Values[AttributeType]);\r\n     Helper.JsonAddString(Payload, \'LazFieldClass\', FLazFieldDataTypeClassMap.Values[AttributeType]);\r\nend;\r\n\r\nprocedure IterateRelatedEntity(DataSet:TDataSet; Payload:TJSONObject);\r\nvar\r\n    AssociationType:String;\r\n    AssociationName:String;\r\n    RelationString:String;\r\n    TemplateOutput:String;\r\n    FileName:String;\r\n    ManyToManyObject:TJSONObject;\r\nbegin\r\n     AssociationType:=Payload.Get(\'AssociationType\');\r\n     AssociationName:=Payload.Get(\'AssociationName\');\r\n\r\n  if AssociationType = \'2\' then\r\n  begin\r\n       ManyToManyObject:=Helper.JsonGetAsJSON(Payload, \'ManyToManyEntity\', ManyToManyObject);\r\n       RelationString:=Helper.FormatJSON(ManyToManyObject);\r\n       TemplateOutput:=Helper.RenderTemplate(\'DataSourceInterface\', RelationString);\r\n       TemplateOutput:= TemplateOutput + #13#10 + Helper.RenderTemplate(\'FirebirdDataProvider\', RelationString);\r\n       TemplateOutput:= TemplateOutput + #13#10 + Helper.RenderTemplate(\'FirebirdQueryModuleForm\', RelationString);\r\n       TemplateOutput:= TemplateOutput + #13#10 + Helper.RenderTemplate(\'FirebirdQueryModuleUnit\', RelationString);\r\n       FileName:=DataSourceDir + \'\\\' + AssociationName + \'.txt\';\r\n       IsOK:=Helper.SaveStringToFile(TemplateOutput, FileName);\r\n       WriteLog(\'Writing File: \' + FileName + \' ...\');\r\n  end;\r\nend;\r\n\r\nfunction GetLazFieldDataTypeMap():TStringList;\r\nvar\r\n  LazFieldDataTypes:TStringList;\r\nbegin\r\n     LazFieldDataTypes:=TStringList.Create;\r\n   LazFieldDataTypes.Add(\'1=ftString\');\r\n   LazFieldDataTypes.Add(\'2=ftInteger\');\r\n   LazFieldDataTypes.Add(\'3=ftBoolean\');\r\n   LazFieldDataTypes.Add(\'4=ftDate\');\r\n   LazFieldDataTypes.Add(\'5=ftFloat\');\r\n   LazFieldDataTypes.Add(\'6=ftFixedChar\');\r\n   LazFieldDataTypes.Add(\'7=ftBytes\');\r\n   LazFieldDataTypes.Add(\'8=ftSmallint\');\r\n   LazFieldDataTypes.Add(\'9=ftLargeint\');\r\n   LazFieldDataTypes.Add(\'10=ftFloat\');\r\n   LazFieldDataTypes.Add(\'11=ftFloat\');\r\n   LazFieldDataTypes.Add(\'12=ftVarBytes\');\r\n   LazFieldDataTypes.Add(\'13=ftMemo\');\r\n   LazFieldDataTypes.Add(\'14=ftTime\');\r\n   LazFieldDataTypes.Add(\'15=ftDateTime\');\r\n   LazFieldDataTypes.Add(\'16=ftGuid\');\r\n     Result:=LazFieldDataTypes;\r\nend;\r\n\r\n\r\nfunction GetLazFieldDataTypeClassMap():TStringList;\r\nvar\r\n  LazFieldDataTypeClass:TStringList;\r\nbegin\r\n     LazFieldDataTypeClass:=TStringList.Create;\r\n   LazFieldDataTypeClass.Add(\'1=TStringField\');\r\n   LazFieldDataTypeClass.Add(\'2=TIntegerField\');\r\n   LazFieldDataTypeClass.Add(\'3=TBooleanField\');\r\n   LazFieldDataTypeClass.Add(\'4=TDateField\');\r\n   LazFieldDataTypeClass.Add(\'5=TFloatField\');\r\n   LazFieldDataTypeClass.Add(\'6=TStringField\');\r\n   LazFieldDataTypeClass.Add(\'7=TBytesField\');\r\n   LazFieldDataTypeClass.Add(\'8=TSmallintField\');\r\n   LazFieldDataTypeClass.Add(\'9=TLargeintField\');\r\n   LazFieldDataTypeClass.Add(\'10=TFloatField\');\r\n   LazFieldDataTypeClass.Add(\'11=TFloatField\');\r\n   LazFieldDataTypeClass.Add(\'12=TBlobField\');\r\n   LazFieldDataTypeClass.Add(\'13=TMemoField\');\r\n   LazFieldDataTypeClass.Add(\'14=TTimeField\');\r\n   LazFieldDataTypeClass.Add(\'15=TDateTimeField\');\r\n   LazFieldDataTypeClass.Add(\'16=TGuidField\');\r\n   Result:=LazFieldDataTypeClass;\r\nend;\r\n\r\n\r\nbegin\r\n     SetIterateEntities(True);\r\n     SetIterateForms(False);\r\n     FLazFieldDataTypeClassMap:=GetLazFieldDataTypeClassMap();\r\n     FLazFieldDataTypeMap:=GetLazFieldDataTypeMap();\r\nend.\r\n','2016-08-17 19:20:31',NULL,'2016-06-09',NULL,'2016-08-17'),(8,'Database_MYSQL','var\r\n   SQLDir:String;\r\n   ModelDir:String;\r\n   DatabaseDir:String;\r\n   Build:TDataSet;\r\n   ProjectPath:String;\r\n   MySQLDataTypeMap:TStringList;\r\n   MasterSQLFileContent:String;\r\n   ProceduresMaster:String;\r\n   ViewsMaster:String;\r\n   IsOK:Boolean;\r\n   AuditFields:String;\r\n\r\n\r\nprocedure StartIterateModel(DataSet:TDataSet; Payload:TJSONObject);\r\nvar\r\n   ModelName:String;\r\nbegin\r\n     Build:=Helper.GetBuildData().GetBuildData();\r\n     ProjectPath:=Build.FieldByName(\'ProjectPath\').AsString;\r\n     ModelName:=DataSet.FieldByName(\'Name\').AsString;\r\n     ModelDir:=ProjectPath + \'\\\' + ModelName;\r\n     SQLDir:=ModelDir + \'\\SQL\';\r\n     DatabaseDir:=SQLDir + \'\\MySQL\';\r\n     WriteLog(\'Generating Tables for Model: \' + ModelName + \' ...\');\r\n     WriteLog(\'Creating Directory: \' + ModelDir + \' ...\');\r\n     CreateDir(ModelDir);\r\n     WriteLog(\'Creating Directory: \' + SQLDir + \' ...\');\r\n     CreateDir(SQLDir);\r\n     WriteLog(\'Creating Directory: \' + DatabaseDir + \' ...\');\r\n     CreateDir(DatabaseDir);\r\n     MasterSQLFileContent:=\'\';\r\n     ProceduresMaster:=\'\';\r\n     ViewsMaster:=\'\';\r\nend;\r\n\r\nprocedure EndIterateModel(DataSet:TDataSet; Payload:TJSONObject);\r\nvar\r\n   SqlFileName:String;\r\n   ProceduresFileName:String;\r\n   ViewsFileName:String;\r\nbegin\r\n     SqlFileName:=DatabaseDir + \'\\All\' + DataSet.FieldByName(\'Name\').AsString + \'Tables.sql\'\r\n     ProceduresFileName:=DatabaseDir + \'\\All\' + DataSet.FieldByName(\'Name\').AsString + \'Procedures.sql\'\r\n     ViewsFileName:=DatabaseDir + \'\\All\' + DataSet.FieldByName(\'Name\').AsString + \'Views.sql\'\r\n     WriteLog(\'Writing File: \' + SqlFileName + \' ...\');\r\n     IsOK:=Helper.SaveStringToFile(MasterSQLFileContent, SqlFileName);\r\n     WriteLog(\'Writing File: \' + ProceduresFileName + \' ...\');\r\n     IsOK:=Helper.SaveStringToFile(ProceduresMaster, ProceduresFileName);\r\n     WriteLog(\'Script complete.\');\r\n     IsOK:=Helper.SaveStringToFile(ViewsMaster, ViewsFileName);\r\n     WriteLog(\'Script complete.\');\r\n\r\nend;\r\n\r\nprocedure StartIterateRelation(DataSet:TDataSet; Payload:TJSONObject);\r\nbegin\r\n  Helper.JsonAddString(Payload, \'PrimaryConstraint\', DataSet.FieldByName(\'Name\').AsString + \'_PK\');\r\n  if (AuditFields = \'True\') or (AuditFields = \'true\') then\r\n     Helper.JsonAddString(Payload, \'AuditFields\', AuditFields);\r\nend;\r\n\r\nprocedure EndIterateRelation(DataSet:TDataSet; Payload:TJSONObject);\r\nvar\r\n   RelationString:String;\r\n   TemplateOutput:String;\r\n   StoredProcedureOutput:String;\r\n   SqlFileName:String;\r\n   ProceduresFileName:String;\r\n   ViewsFileName:String;\r\n   ViewsOutput:String;\r\nbegin\r\n     RelationString:=Helper.FormatJSON(Payload);\r\n     TemplateOutput:=Helper.RenderTemplate(\'MySqlEntity\', RelationString);\r\n     StoredProcedureOutput:= Helper.RenderTemplate(\'MYSQLCrudProcedures\', RelationString);\r\n     ViewsOutput:= Helper.RenderTemplate(\'MYSQLView\', RelationString);\r\n     MasterSQLFileContent:=MasterSQLFileContent + #13#10 + TemplateOutput;\r\n     ProceduresMaster:=ProceduresMaster + #13#10 + StoredProcedureOutput;\r\n     ViewsMaster:=ViewsMaster + #13#10 + ViewsOutput;\r\n     SqlFileName:=DatabaseDir + \'\\\' + DataSet.FieldByName(\'Name\').AsString + \'Table.sql\';\r\n     ProceduresFileName:=DatabaseDir + \'\\\' + DataSet.FieldByName(\'Name\').AsString + \'Procedure.sql\';\r\n     ViewsFileName:=DatabaseDir + \'\\\' + DataSet.FieldByName(\'Name\').AsString + \'View.sql\';\r\n     WriteLog(\'Writing File: \' + SqlFileName + \' ...\');\r\n     IsOK:=Helper.SaveStringToFile(TemplateOutput, SqlFileName);\r\n     WriteLog(\'Writing File: \' + ProceduresFileName + \' ...\');\r\n     IsOK:=Helper.SaveStringToFile(StoredProcedureOutput, ProceduresFileName);\r\n     WriteLog(\'Writing File: \' + ViewsFileName + \' ...\');\r\n     IsOK:=Helper.SaveStringToFile(ViewsOutput, ViewsFileName);\r\nend;\r\n\r\nprocedure IterateAttribute(DataSet:TDataSet; Payload:TJSONObject);\r\nvar\r\n   AttributeType:String;\r\n   AttributeLength:String;\r\n   AttributeName:String;\r\n   IsPrimaryKeyLoop:Boolean;\r\n   IsForeignKeyLoop:Boolean;\r\nbegin\r\n     AttributeType:=Payload.Get(\'AttributeType\');\r\n     AttributeLength:=Payload.Get(\'AttributeLength\');\r\n     AttributeName:=Payload.Get(\'AttributeName\');\r\n     Helper.JsonAddString(Payload, \'FieldDataType\', MySQLDataTypeMap.Values[AttributeType]);\r\n     if (MySQLDataTypeMap.Values[AttributeType]=\'VARCHAR\') OR (MySQLDataTypeMap.Values[AttributeType]=\'CHAR\') then\r\n       Helper.JsonAddString(Payload, \'FieldLength\', AttributeLength);\r\n\r\n     if (AttributeType = \'3\') then\r\n        Helper.JsonAddString(Payload, \'ViewSelect\', \'convert(\' + AttributeName + \', unsigned) as \' + AttributeName)\r\n     else\r\n         Helper.JsonAddString(Payload, \'ViewSelect\', AttributeName);\r\n\r\nend;\r\n\r\nprocedure IterateRelatedEntity(DataSet:TDataSet; Payload:TJSONObject);\r\nvar\r\n    AssociationType:String;\r\n    AssociationName:String;\r\n    RelationString:String;\r\n    TemplateOutput:String;\r\n    SqlFileName:String;\r\n    ManyToManyObject:TJSONObject;\r\nbegin\r\n     AssociationType:=Payload.Get(\'AssociationType\');\r\n     AssociationName:=Payload.Get(\'AssociationName\');\r\n  if AssociationType = \'2\' then\r\n  begin\r\n       ManyToManyObject:=Helper.JsonGetAsJSON(Payload, \'ManyToManyEntity\', ManyToManyObject);\r\n       RelationString:=Helper.FormatJSON(ManyToManyObject);\r\n       TemplateOutput:=Helper.RenderTemplate(\'MySqlEntity\', RelationString);\r\n       MasterSQLFileContent:=MasterSQLFileContent + #13#10 + TemplateOutput;\r\n       SqlFileName:=SQLDir + \'\\\' + AssociationName + \'.sql\';\r\n       WriteLog(\'Writing File: \' + SqlFileName + \' ...\');\r\n       IsOK:=Helper.SaveStringToFile(TemplateOutput, SqlFileName);\r\n  end;\r\nend;\r\n\r\n\r\nfunction GetMySQLDataTypeMap():TStringList;\r\nvar\r\n  MDataTypeMap:TStringList;\r\nbegin\r\n     MDataTypeMap:=TStringList.Create;\r\n     MDataTypeMap.Add(\'1=VARCHAR\');\r\n     MDataTypeMap.Add(\'2=INT\');\r\n     MDataTypeMap.Add(\'3=TINYINT\');\r\n     MDataTypeMap.Add(\'4=DATE\');\r\n     MDataTypeMap.Add(\'5=DECIMAL(10,3)\');\r\n     MDataTypeMap.Add(\'6=CHAR\');\r\n     MDataTypeMap.Add(\'7=BLOB\');\r\n     MDataTypeMap.Add(\'8=SMALLINT\');\r\n     MDataTypeMap.Add(\'9=BIGINT\');\r\n     MDataTypeMap.Add(\'10=FLOAT\');\r\n     MDataTypeMap.Add(\'11=DECIMAL(10,3)\');\r\n     MDataTypeMap.Add(\'12=BLOB\');\r\n     MDataTypeMap.Add(\'13=TEXT\');\r\n     MDataTypeMap.Add(\'14=TIMES\');\r\n     MDataTypeMap.Add(\'15=TIMESTAMP\');\r\n     Result:=MDataTypeMap;\r\nend;\r\n\r\n\r\n\r\n\r\nbegin\r\n     SetIterateEntities(True);\r\n     SetIterateForms(False);\r\n     AuditFields:=Parameters.Values[\'AuditFields\'];\r\n     MySQLDataTypeMap:=GetMySQLDataTypeMap();\r\nend.\r\n\r\n\r\n','2016-08-17 02:35:48',NULL,'2016-06-09',NULL,'2016-08-16'),(9,'Database_Firebird','var\r\n   SQLDir:String;\r\n   ModelDir:String;\r\n   Build:TDataSet;\r\n   ProjectPath:String;\r\n   FireBirdDataTypeMap:TStringList;\r\n   MasterSQLFileContent:String;\r\n   IsOK:Boolean;\r\n\r\n\r\n\r\nprocedure StartIterateModel(DataSet:TDataSet; Payload:TJSONObject);\r\nvar\r\n   ModelName:String;\r\nbegin\r\n     Build:=Helper.GetBuildData().GetBuildData();\r\n     ProjectPath:=Build.FieldByName(\'ProjectPath\').AsString;\r\n     ModelName:=DataSet.FieldByName(\'Name\').AsString;\r\n     ModelDir:=ProjectPath + \'\\\' + ModelName;\r\n     SQLDir:=ModelDir + \'\\SQL\';\r\n     WriteLog(\'Generating Firebird Tables for Model: \' + ModelName + \' ...\');\r\n     WriteLog(\'Creating Directory: \' + ModelDir + \' ...\');\r\n     CreateDir(ModelDir);\r\n     WriteLog(\'Creating Directory: \' + SQLDir + \' ...\');\r\n     CreateDir(SQLDir);\r\n     MasterSQLFileContent:=\'\';\r\nend;\r\n\r\nprocedure EndIterateModel(DataSet:TDataSet; Payload:TJSONObject);\r\nvar\r\n   SqlFileName:String;\r\nbegin\r\n     SqlFileName:=SQLDir + \'\\\' + DataSet.FieldByName(\'Name\').AsString + \'.sql\'\r\n     WriteLog(\'Writing File: \' + SqlFileName + \' ...\');\r\n     IsOK:=Helper.SaveStringToFile(MasterSQLFileContent, SqlFileName);\r\n     WriteLog(\'Script complete.\');\r\nend;\r\n\r\nprocedure StartIterateRelation(DataSet:TDataSet; Payload:TJSONObject);\r\nbegin\r\n  Helper.JsonAddString(Payload, \'PrimaryConstraint\', DataSet.FieldByName(\'Name\').AsString + \'_PK\');\r\n  WriteLog(\'Iterating Relation\');\r\nend;\r\n\r\nprocedure EndIterateRelation(DataSet:TDataSet; Payload:TJSONObject);\r\nvar\r\n   RelationString:String;\r\n   TemplateOutput:String;\r\n   SqlFileName:String;\r\nbegin\r\n     RelationString:=Helper.FormatJSON(Payload);\r\n     TemplateOutput:=Helper.RenderTemplate(\'FirebirdEntity\', RelationString);\r\n     MasterSQLFileContent:=MasterSQLFileContent + #13#10 + TemplateOutput;\r\n     SqlFileName:=SQLDir + \'\\\' + DataSet.FieldByName(\'Name\').AsString + \'.sql\';\r\n     WriteLog(\'Writing File: \' + SqlFileName + \' ...\');\r\n     IsOK:=Helper.SaveStringToFile(TemplateOutput, SqlFileName);\r\nend;\r\n\r\nprocedure IterateAttribute(DataSet:TDataSet; Payload:TJSONObject);\r\nvar\r\n   AttributeType:String;\r\n   AttributeLength:String;\r\n   IsPrimaryKeyLoop:Boolean;\r\n   IsForeignKeyLoop:Boolean;\r\nbegin\r\n     AttributeType:=Payload.Get(\'AttributeType\');\r\n     AttributeLength:=Payload.Get(\'AttributeLength\');\r\n     Helper.JsonAddString(Payload, \'FirebirdDataType\', FireBirdDataTypeMap.Values[AttributeType]);\r\n     if (FireBirdDataTypeMap.Values[AttributeType]=\'VARCHAR\') OR (FireBirdDataTypeMap.Values[AttributeType]=\'CHAR\') then\r\n       Helper.JsonAddString(Payload, \'FieldLength\', AttributeLength);\r\n\r\nend;\r\n\r\nprocedure IterateRelatedEntity(DataSet:TDataSet; Payload:TJSONObject);\r\nvar\r\n    AssociationType:String;\r\n    AssociationName:String;\r\n    RelationString:String;\r\n    TemplateOutput:String;\r\n    SqlFileName:String;\r\n    ManyToManyObject:TJSONObject;\r\nbegin\r\n     AssociationType:=Payload.Get(\'AssociationType\');\r\n     AssociationName:=Payload.Get(\'AssociationName\');\r\n  if AssociationType = \'2\' then\r\n  begin\r\n       ManyToManyObject:=Helper.JsonGetAsJSON(Payload, \'ManyToManyEntity\', ManyToManyObject);\r\n       RelationString:=Helper.FormatJSON(ManyToManyObject);\r\n       TemplateOutput:=Helper.RenderTemplate(\'FirebirdEntity\', RelationString);\r\n       MasterSQLFileContent:=MasterSQLFileContent + #13#10 + TemplateOutput;\r\n       SqlFileName:=SQLDir + \'\\\' + AssociationName + \'.sql\';\r\n       WriteLog(\'Writing File: \' + SqlFileName + \' ...\');\r\n       IsOK:=Helper.SaveStringToFile(TemplateOutput, SqlFileName);\r\n  end;\r\nend;\r\n\r\n\r\nfunction GetFirebirdDataTypeMap():TStringList;\r\nvar\r\n  MFireBirdDataTypeMap:TStringList;\r\nbegin\r\n     MFireBirdDataTypeMap:=TStringList.Create;\r\n     MFireBirdDataTypeMap.Add(\'1=VARCHAR\');\r\n     MFireBirdDataTypeMap.Add(\'2=INTEGER\');\r\n     MFireBirdDataTypeMap.Add(\'3=INTEGER\');\r\n     MFireBirdDataTypeMap.Add(\'4=TIMESTAMP\');\r\n     MFireBirdDataTypeMap.Add(\'5=DECIMAL(10,3)\');\r\n     MFireBirdDataTypeMap.Add(\'6=CHAR\');\r\n     MFireBirdDataTypeMap.Add(\'7=BLOB\');\r\n     MFireBirdDataTypeMap.Add(\'8=SMALLINT\');\r\n     MFireBirdDataTypeMap.Add(\'9=BIGINT\');\r\n     MFireBirdDataTypeMap.Add(\'10=FLOAT\');\r\n     MFireBirdDataTypeMap.Add(\'11=DECIMAL(10,3)\');\r\n     MFireBirdDataTypeMap.Add(\'12=BLOB\');\r\n     MFireBirdDataTypeMap.Add(\'13=BLOB SUB_TYPE TEXT\');\r\n     MFireBirdDataTypeMap.Add(\'14=TIMESTAMP\');\r\n     MFireBirdDataTypeMap.Add(\'15=TIMESTAMP\');\r\n     Result:=MFireBirdDataTypeMap;\r\nend;\r\n\r\n\r\n\r\n\r\nbegin\r\n     SetIterateEntities(True);\r\n     SetIterateForms(False);\r\n     FireBirdDataTypeMap:=GetFirebirdDataTypeMap();\r\nend.\r\n\r\n\r\n','2016-06-24 16:18:55',NULL,'2016-06-15',NULL,'2016-06-24'),(10,'SpiderMonkeyTest','\r\nfunction StartIterateModel(json)\r\n{\r\n    var data = JSON.parse(json);\r\n   ShowMessage(data.fred);\r\n   data.fred=\"two\";\r\n   data.frank=\"three\";\r\n   json =JSON.stringify(data);\r\n   return json;\r\n\r\n}\r\n\r\nvar view = {\r\n  title: \"Mustache Example\",\r\n  calc: function () {\r\n    return 2 + 8;\r\n  }\r\n};\r\n\r\nvar output = Mustache.render(\"{{title}} if working then value follows: {{calc}}\", view);\r\nShowMessage(output);\r\n\r\nview.title=\'Handlebars Example\';\r\nvar hbars = Handlebars.compile(\"{{title}} if working then value follows: {{calc}}\")(view);\r\nShowMessage(hbars);\r\n\r\n//var someDependency = require(\"./require\");\r\n\r\n','2016-08-08 15:17:57',NULL,'2016-08-07',NULL,'2016-08-08');
/*!40000 ALTER TABLE `buildscript` ENABLE KEYS */;
UNLOCK TABLES;

--
-- Table structure for table `usersgroups`
--

DROP TABLE IF EXISTS `usersgroups`;
/*!40101 SET @saved_cs_client     = @@character_set_client */;
/*!40101 SET character_set_client = utf8 */;
CREATE TABLE `usersgroups` (
  `USERID` bigint(20) DEFAULT NULL,
  `GROUPID` bigint(20) DEFAULT NULL
) ENGINE=InnoDB DEFAULT CHARSET=latin1;
/*!40101 SET character_set_client = @saved_cs_client */;

--
-- Dumping data for table `usersgroups`
--

LOCK TABLES `usersgroups` WRITE;
/*!40000 ALTER TABLE `usersgroups` DISABLE KEYS */;
INSERT INTO `usersgroups` VALUES (1,1),(2,2),(3,2),(4,2),(11,2),(12,2),(13,2),(14,2),(21,2);
/*!40000 ALTER TABLE `usersgroups` ENABLE KEYS */;
UNLOCK TABLES;

--
-- Table structure for table `registrant`
--

DROP TABLE IF EXISTS `registrant`;
/*!40101 SET @saved_cs_client     = @@character_set_client */;
/*!40101 SET character_set_client = utf8 */;
CREATE TABLE `registrant` (
  `id` bigint(20) NOT NULL,
  `email` varchar(255) NOT NULL,
  `name` varchar(25) NOT NULL,
  `phone_number` varchar(12) NOT NULL,
  PRIMARY KEY (`id`),
  UNIQUE KEY `UK_it677o4jaydleb048j9oub9mk` (`email`)
) ENGINE=InnoDB DEFAULT CHARSET=utf8;
/*!40101 SET character_set_client = @saved_cs_client */;

--
-- Dumping data for table `registrant`
--

LOCK TABLES `registrant` WRITE;
/*!40000 ALTER TABLE `registrant` DISABLE KEYS */;
INSERT INTO `registrant` VALUES (1,'test@test.com','test','222'),(3,'tesst@test.com','test','12343445');
/*!40000 ALTER TABLE `registrant` ENABLE KEYS */;
UNLOCK TABLES;

--
-- Table structure for table `edesigntest`
--

DROP TABLE IF EXISTS `edesigntest`;
/*!40101 SET @saved_cs_client     = @@character_set_client */;
/*!40101 SET character_set_client = utf8 */;
CREATE TABLE `edesigntest` (
  `firstname` varchar(30) NOT NULL,
  PRIMARY KEY (`firstname`)
) ENGINE=InnoDB DEFAULT CHARSET=latin1;
/*!40101 SET character_set_client = @saved_cs_client */;

--
-- Dumping data for table `edesigntest`
--

LOCK TABLES `edesigntest` WRITE;
/*!40000 ALTER TABLE `edesigntest` DISABLE KEYS */;
/*!40000 ALTER TABLE `edesigntest` ENABLE KEYS */;
UNLOCK TABLES;

--
-- Table structure for table `listheader`
--

DROP TABLE IF EXISTS `listheader`;
/*!40101 SET @saved_cs_client     = @@character_set_client */;
/*!40101 SET character_set_client = utf8 */;
CREATE TABLE `listheader` (
  `LISTHEADERID` bigint(20) NOT NULL,
  `NAME` varchar(40) NOT NULL,
  `VERSION` timestamp NOT NULL DEFAULT CURRENT_TIMESTAMP ON UPDATE CURRENT_TIMESTAMP,
  `CREATEDBY` varchar(30) DEFAULT NULL,
  `UPDATEDBY` varchar(30) DEFAULT NULL,
  `CREATEDON` timestamp NULL DEFAULT NULL,
  `UPDATEDON` timestamp NULL DEFAULT NULL,
  PRIMARY KEY (`LISTHEADERID`)
) ENGINE=InnoDB DEFAULT CHARSET=latin1;
/*!40101 SET character_set_client = @saved_cs_client */;

--
-- Dumping data for table `listheader`
--

LOCK TABLES `listheader` WRITE;
/*!40000 ALTER TABLE `listheader` DISABLE KEYS */;
INSERT INTO `listheader` VALUES (2,'DataTypes','2012-09-01 22:13:07',NULL,NULL,NULL,NULL),(3,'DummyOrderCode','2012-09-02 13:15:40',NULL,NULL,NULL,NULL),(4,'AssociationTypes','2012-11-15 16:11:36',NULL,NULL,NULL,NULL),(7,'PrimaryKeyType','2016-01-19 19:58:06',NULL,NULL,'2016-01-19 19:58:06','2016-01-19 19:58:06'),(8,'FreePascalClassDataType','2016-07-10 20:55:52',NULL,NULL,'2016-07-10 20:55:52','2016-07-10 20:55:52'),(9,'MYSQLDataTypes','2016-07-10 20:56:59',NULL,NULL,'2016-07-10 20:56:59','2016-07-10 20:56:59'),(10,'FirebirdDataTypes','2016-07-27 17:58:50',NULL,NULL,'2016-07-27 17:58:50','2016-07-27 17:58:50');
/*!40000 ALTER TABLE `listheader` ENABLE KEYS */;
UNLOCK TABLES;

--
-- Table structure for table `buildcontroller`
--

DROP TABLE IF EXISTS `buildcontroller`;
/*!40101 SET @saved_cs_client     = @@character_set_client */;
/*!40101 SET character_set_client = utf8 */;
CREATE TABLE `buildcontroller` (
  `BUILDCONTROLLERID` bigint(20) NOT NULL,
  `NAME` varchar(40) NOT NULL,
  `VERSION` timestamp NOT NULL DEFAULT CURRENT_TIMESTAMP ON UPDATE CURRENT_TIMESTAMP,
  `CREATEDBY` varchar(40) DEFAULT NULL,
  `CREATEDON` date DEFAULT NULL,
  `UPDATEDBY` varchar(40) DEFAULT NULL,
  `UPDATEDON` date DEFAULT NULL,
  PRIMARY KEY (`BUILDCONTROLLERID`)
) ENGINE=InnoDB DEFAULT CHARSET=utf8;
/*!40101 SET character_set_client = @saved_cs_client */;

--
-- Dumping data for table `buildcontroller`
--

LOCK TABLES `buildcontroller` WRITE;
/*!40000 ALTER TABLE `buildcontroller` DISABLE KEYS */;
INSERT INTO `buildcontroller` VALUES (2,'Node','2016-06-15 21:23:00',NULL,'2016-04-13',NULL,'2016-06-15'),(3,'LazarusData','2016-06-15 21:23:10',NULL,'2016-06-15',NULL,'2016-06-15'),(4,'SimpleTest','2016-09-02 01:06:45',NULL,'2016-09-01',NULL,'2016-09-01');
/*!40000 ALTER TABLE `buildcontroller` ENABLE KEYS */;
UNLOCK TABLES;

--
-- Table structure for table `screenartifacttype`
--

DROP TABLE IF EXISTS `screenartifacttype`;
/*!40101 SET @saved_cs_client     = @@character_set_client */;
/*!40101 SET character_set_client = utf8 */;
CREATE TABLE `screenartifacttype` (
  `SCREENARTIFACTTYPEID` bigint(20) NOT NULL,
  `NAME` varchar(40) NOT NULL,
  `VERSION` timestamp NOT NULL DEFAULT CURRENT_TIMESTAMP ON UPDATE CURRENT_TIMESTAMP,
  `CREATEDBY` varchar(30) DEFAULT NULL,
  `UPDATEDBY` varchar(30) DEFAULT NULL,
  `CREATEDON` timestamp NULL DEFAULT NULL,
  `UPDATEDON` timestamp NULL DEFAULT NULL,
  PRIMARY KEY (`SCREENARTIFACTTYPEID`)
) ENGINE=InnoDB DEFAULT CHARSET=latin1;
/*!40101 SET character_set_client = @saved_cs_client */;

--
-- Dumping data for table `screenartifacttype`
--

LOCK TABLES `screenartifacttype` WRITE;
/*!40000 ALTER TABLE `screenartifacttype` DISABLE KEYS */;
INSERT INTO `screenartifacttype` VALUES (2,'VerticalBox','2012-08-01 20:18:44',NULL,NULL,NULL,NULL),(3,'HorizontalBox','2012-08-01 20:18:56',NULL,NULL,NULL,NULL),(4,'TextBox','2012-08-01 20:19:14',NULL,NULL,NULL,NULL),(5,'ComboBox','2012-08-01 20:19:25',NULL,NULL,NULL,NULL),(6,'CheckBox','2012-08-01 20:19:37',NULL,NULL,NULL,NULL),(7,'DatePicker','2012-08-01 20:20:20',NULL,NULL,NULL,NULL);
/*!40000 ALTER TABLE `screenartifacttype` ENABLE KEYS */;
UNLOCK TABLES;

--
-- Table structure for table `buildcontrollerscript`
--

DROP TABLE IF EXISTS `buildcontrollerscript`;
/*!40101 SET @saved_cs_client     = @@character_set_client */;
/*!40101 SET character_set_client = utf8 */;
CREATE TABLE `buildcontrollerscript` (
  `BUILDCONTROLLERSCRIPTID` bigint(20) NOT NULL,
  `BUILDCONTROLLERID` bigint(20) NOT NULL,
  `SEQUENCE` int(11) DEFAULT '0',
  `BUILDSCRIPTID` bigint(20) NOT NULL,
  `VERSION` timestamp NOT NULL DEFAULT CURRENT_TIMESTAMP ON UPDATE CURRENT_TIMESTAMP,
  `CREATEDBY` varchar(40) DEFAULT NULL,
  `CREATEDON` date DEFAULT NULL,
  `UPDATEDBY` varchar(40) DEFAULT NULL,
  `UPDATEDON` date DEFAULT NULL,
  PRIMARY KEY (`BUILDCONTROLLERSCRIPTID`)
) ENGINE=InnoDB DEFAULT CHARSET=utf8;
/*!40101 SET character_set_client = @saved_cs_client */;

--
-- Dumping data for table `buildcontrollerscript`
--

LOCK TABLES `buildcontrollerscript` WRITE;
/*!40000 ALTER TABLE `buildcontrollerscript` DISABLE KEYS */;
INSERT INTO `buildcontrollerscript` VALUES (2,2,NULL,4,'2016-05-13 21:40:02',NULL,'2016-05-12',NULL,'2016-05-13'),(3,2,NULL,2,'2016-05-13 03:53:59',NULL,'2016-05-12',NULL,'2016-05-12'),(4,2,NULL,8,'2016-07-29 16:24:34',NULL,'2016-05-13',NULL,'2016-07-29'),(5,3,NULL,8,'2016-06-15 21:23:19',NULL,'2016-06-15',NULL,'2016-06-15'),(6,3,NULL,7,'2016-06-15 21:23:28',NULL,'2016-06-15',NULL,'2016-06-15'),(7,3,NULL,9,'2016-06-15 21:24:07',NULL,'2016-06-15',NULL,'2016-06-15'),(8,4,NULL,3,'2016-09-02 01:14:38',NULL,'2016-09-01',NULL,'2016-09-01');
/*!40000 ALTER TABLE `buildcontrollerscript` ENABLE KEYS */;
UNLOCK TABLES;

--
-- Table structure for table `environment`
--

DROP TABLE IF EXISTS `environment`;
/*!40101 SET @saved_cs_client     = @@character_set_client */;
/*!40101 SET character_set_client = utf8 */;
CREATE TABLE `environment` (
  `ENVIRONMENTID` bigint(20) NOT NULL,
  `MEMBERSHIPSERVER` varchar(256) DEFAULT NULL,
  `MEMBERSHIPDATABASE` varchar(256) NOT NULL,
  `DATABASESERVER` varchar(256) NOT NULL,
  `DATABASENAME` varchar(256) NOT NULL,
  `VERSION` timestamp NOT NULL DEFAULT CURRENT_TIMESTAMP ON UPDATE CURRENT_TIMESTAMP,
  `CREATEDBY` varchar(30) DEFAULT NULL,
  `UPDATEDBY` varchar(30) DEFAULT NULL,
  `CREATEDON` timestamp NULL DEFAULT NULL,
  `UPDATEDON` timestamp NULL DEFAULT NULL,
  PRIMARY KEY (`ENVIRONMENTID`)
) ENGINE=InnoDB DEFAULT CHARSET=latin1;
/*!40101 SET character_set_client = @saved_cs_client */;

--
-- Dumping data for table `environment`
--

LOCK TABLES `environment` WRITE;
/*!40000 ALTER TABLE `environment` DISABLE KEYS */;
/*!40000 ALTER TABLE `environment` ENABLE KEYS */;
UNLOCK TABLES;

--
-- Table structure for table `screenchild`
--

DROP TABLE IF EXISTS `screenchild`;
/*!40101 SET @saved_cs_client     = @@character_set_client */;
/*!40101 SET character_set_client = utf8 */;
CREATE TABLE `screenchild` (
  `SCREENCHILDID` bigint(20) NOT NULL,
  `SCREENCHILDTOASSOCIATION` bigint(20) DEFAULT NULL,
  `SCREENFAMILYTOSCREENCHILD` bigint(20) DEFAULT NULL,
  `SCREENCHILDTOSELF` bigint(20) DEFAULT NULL,
  `NAME` varchar(40) NOT NULL,
  `VERSION` timestamp NOT NULL DEFAULT CURRENT_TIMESTAMP ON UPDATE CURRENT_TIMESTAMP,
  `CREATEDBY` varchar(30) DEFAULT NULL,
  `UPDATEDBY` varchar(30) DEFAULT NULL,
  `CREATEDON` timestamp NULL DEFAULT NULL,
  `UPDATEDON` timestamp NULL DEFAULT NULL,
  PRIMARY KEY (`SCREENCHILDID`),
  KEY `fk_SCREENFAMILYTOSCREENCHILD` (`SCREENFAMILYTOSCREENCHILD`),
  KEY `fk_SCREENCHILDTOSELF` (`SCREENCHILDTOSELF`),
  CONSTRAINT `fk_SCREENCHILDTOSELF` FOREIGN KEY (`SCREENCHILDTOSELF`) REFERENCES `screenchild` (`SCREENCHILDID`) ON DELETE CASCADE ON UPDATE NO ACTION,
  CONSTRAINT `fk_SCREENFAMILYTOSCREENCHILD` FOREIGN KEY (`SCREENFAMILYTOSCREENCHILD`) REFERENCES `screenfamily` (`SCREENFAMILYID`) ON DELETE CASCADE ON UPDATE NO ACTION
) ENGINE=InnoDB DEFAULT CHARSET=latin1;
/*!40101 SET character_set_client = @saved_cs_client */;

--
-- Dumping data for table `screenchild`
--

LOCK TABLES `screenchild` WRITE;
/*!40000 ALTER TABLE `screenchild` DISABLE KEYS */;
INSERT INTO `screenchild` VALUES (9,20,NULL,10,'Attribute','2012-12-31 23:23:42',NULL,NULL,NULL,NULL),(10,18,9,NULL,'Relations','2012-12-31 22:58:21',NULL,NULL,NULL,NULL),(11,19,9,NULL,'Associations','2013-01-01 00:11:38',NULL,NULL,NULL,NULL),(12,58,NULL,11,'AssociationOwner','2012-12-26 17:11:50',NULL,NULL,NULL,NULL),(13,51,9,NULL,'ScreenFamily','2013-01-01 00:11:50',NULL,NULL,NULL,NULL),(14,52,NULL,13,'ScreenChild','2013-01-01 00:55:53',NULL,NULL,NULL,NULL),(15,49,9,NULL,'Build','2012-12-27 16:54:07',NULL,NULL,NULL,NULL),(17,56,NULL,14,'ScreenGrandChild','2013-01-01 00:48:19',NULL,NULL,NULL,NULL),(25,61,NULL,13,'ScreenProperties','2013-01-01 00:55:40',NULL,NULL,NULL,NULL),(26,64,NULL,13,'FamilyArtifacts','2013-01-01 00:55:28',NULL,NULL,NULL,NULL),(27,62,NULL,26,'ArtifactProperties','2012-12-26 17:16:20',NULL,NULL,NULL,NULL),(28,60,NULL,14,'ChildArtifacts','2013-01-01 00:48:40',NULL,NULL,NULL,NULL),(29,63,NULL,14,'ChildScreenProperties','2013-01-01 00:48:30',NULL,NULL,NULL,NULL),(30,66,10,NULL,'MasterPropertyValueLists','2013-01-01 00:10:23',NULL,NULL,NULL,NULL),(31,41,NULL,28,'ChildScreenAtrifactToProperty','2012-12-26 17:20:34',NULL,NULL,NULL,NULL),(32,67,17,NULL,'ListDetail','2012-12-30 20:21:01',NULL,NULL,NULL,NULL),(36,63,NULL,17,'GrandChildScreenProperties','2013-01-01 00:49:06',NULL,NULL,NULL,NULL),(37,60,NULL,17,'GrandChildArtifacts','2013-01-01 00:49:16',NULL,NULL,NULL,NULL),(119,3,NULL,10,'RelationToPropertyValue','2015-12-18 17:54:16','system','system','2015-12-18 17:54:16','2015-12-18 17:54:16'),(120,43,NULL,31,'ArtifactPropValueToProperty','2015-12-18 17:54:25','system','system','2015-12-18 17:54:25','2015-12-18 17:54:25'),(121,38,NULL,120,'MasterPropertyToCategory','2015-12-18 17:54:47','system','system','2015-12-18 17:54:47','2015-12-18 17:54:47'),(122,66,NULL,120,'MasterProperyToValueList','2015-12-18 17:54:47','system','system','2015-12-18 17:54:47','2015-12-18 17:54:47'),(123,62,NULL,28,'ScreenArtifactToPropertyValue','2015-12-18 17:54:47','system','system','2015-12-18 17:54:47','2015-12-18 17:54:47'),(124,43,NULL,123,'ArtifactPropValueToProperty','2015-12-18 17:54:47','system','system','2015-12-18 17:54:47','2015-12-18 17:54:47'),(125,38,NULL,124,'MasterPropertyToCategory','2015-12-18 17:54:47','system','system','2015-12-18 17:54:47','2015-12-18 17:54:47'),(126,66,NULL,124,'MasterProperyToValueList','2015-12-18 17:54:47','system','system','2015-12-18 17:54:47','2015-12-18 17:54:47'),(127,42,NULL,29,'ScreenPropValueToProperty','2015-12-18 17:54:47','system','system','2015-12-18 17:54:47','2015-12-18 17:54:47'),(128,38,NULL,127,'MasterPropertyToCategory','2015-12-18 17:54:47','system','system','2015-12-18 17:54:47','2015-12-18 17:54:47'),(129,66,NULL,127,'MasterProperyToValueList','2015-12-18 17:54:47','system','system','2015-12-18 17:54:47','2015-12-18 17:54:47'),(130,42,NULL,25,'ScreenPropValueToProperty','2015-12-18 17:54:47','system','system','2015-12-18 17:54:47','2015-12-18 17:54:47'),(131,38,NULL,130,'MasterPropertyToCategory','2015-12-18 17:54:48','system','system','2015-12-18 17:54:48','2015-12-18 17:54:48'),(132,66,NULL,130,'MasterProperyToValueList','2015-12-18 17:54:48','system','system','2015-12-18 17:54:48','2015-12-18 17:54:48'),(133,41,NULL,26,'ArtifactToPropertyValue','2015-12-18 17:54:48','system','system','2015-12-18 17:54:48','2015-12-18 17:54:48'),(134,43,NULL,133,'ArtifactPropValueToProperty','2015-12-18 17:54:48','system','system','2015-12-18 17:54:48','2015-12-18 17:54:48'),(135,38,NULL,134,'MasterPropertyToCategory','2015-12-18 17:54:48','system','system','2015-12-18 17:54:48','2015-12-18 17:54:48'),(136,66,NULL,134,'MasterProperyToValueList','2015-12-18 17:54:48','system','system','2015-12-18 17:54:48','2015-12-18 17:54:48'),(137,43,NULL,27,'ArtifactPropValueToProperty','2015-12-18 17:54:48','system','system','2015-12-18 17:54:48','2015-12-18 17:54:48'),(138,38,NULL,137,'MasterPropertyToCategory','2015-12-18 17:54:48','system','system','2015-12-18 17:54:48','2015-12-18 17:54:48'),(139,66,NULL,137,'MasterProperyToValueList','2015-12-18 17:54:48','system','system','2015-12-18 17:54:48','2015-12-18 17:54:48'),(141,38,10,NULL,'MasterPropertyToCategory','2015-12-18 20:20:49','system','system','2015-12-18 20:20:49','2015-12-18 20:20:49'),(142,37,6,NULL,'UsersGroups','2015-12-22 04:34:39','system','system','2015-12-22 04:34:39','2015-12-22 04:34:39'),(143,2,4,NULL,'jbosstochild','2015-12-24 21:06:36','system','system','2015-12-24 21:06:36','2015-12-24 21:06:36'),(144,70,28,NULL,'Address_City','2016-01-18 16:46:54','system','system','2016-01-18 16:46:54','2016-01-18 16:46:54'),(145,82,30,NULL,'test2','2016-01-19 02:50:11','system','system','2016-01-19 02:50:11','2016-01-19 02:50:11'),(146,82,31,NULL,'test2','2016-01-19 17:48:22','system','system','2016-01-19 17:48:22','2016-01-19 17:48:22'),(147,73,34,NULL,'Customer_Address','2016-02-19 19:56:41','system','system','2016-02-19 19:56:41','2016-02-19 19:56:41'),(148,77,34,NULL,'Customer_Payment','2016-02-19 19:56:42','system','system','2016-02-19 19:56:42','2016-02-19 19:56:42'),(149,78,NULL,148,'Payment_Rental','2016-02-19 19:56:42','system','system','2016-02-19 19:56:42','2016-02-19 19:56:42'),(150,79,34,NULL,'Customer_Rental','2016-02-19 19:56:42','system','system','2016-02-19 19:56:42','2016-02-19 19:56:42'),(151,84,35,NULL,'ZebraToYak','2016-05-02 16:35:01','system','system','2016-05-02 16:35:01','2016-05-02 16:35:01');
/*!40000 ALTER TABLE `screenchild` ENABLE KEYS */;
UNLOCK TABLES;

--
-- Table structure for table `build`
--

DROP TABLE IF EXISTS `build`;
/*!40101 SET @saved_cs_client     = @@character_set_client */;
/*!40101 SET character_set_client = utf8 */;
CREATE TABLE `build` (
  `BUILDID` bigint(20) NOT NULL,
  `MODELTOBUILD` bigint(20) DEFAULT NULL,
  `NAME` varchar(40) NOT NULL,
  `PROJECTPATH` varchar(256) NOT NULL,
  `VERSION` timestamp NOT NULL DEFAULT CURRENT_TIMESTAMP ON UPDATE CURRENT_TIMESTAMP,
  `CREATEDBY` varchar(30) DEFAULT NULL,
  `UPDATEDBY` varchar(30) DEFAULT NULL,
  `CREATEDON` timestamp NULL DEFAULT NULL,
  `UPDATEDON` timestamp NULL DEFAULT NULL,
  PRIMARY KEY (`BUILDID`),
  KEY `fk_MODELTOBUILD` (`MODELTOBUILD`),
  CONSTRAINT `fk_MODELTOBUILD` FOREIGN KEY (`MODELTOBUILD`) REFERENCES `model` (`MODELID`) ON DELETE CASCADE ON UPDATE NO ACTION
) ENGINE=InnoDB DEFAULT CHARSET=latin1;
/*!40101 SET character_set_client = @saved_cs_client */;

--
-- Dumping data for table `build`
--

LOCK TABLES `build` WRITE;
/*!40000 ALTER TABLE `build` DISABLE KEYS */;
INSERT INTO `build` VALUES (22,50,'Local Node','F:\\Projects\\CodeGenerator\\Cogran','2016-06-05 19:13:12',NULL,NULL,'2016-05-02 21:01:57','2016-06-05 19:13:12'),(23,26,'Lazarus','c:\\Projects\\CodeGenerator\\Lazarus','2016-08-16 19:47:08',NULL,NULL,'2016-06-15 21:25:02','2016-08-16 19:47:08'),(24,62,'Development','I:\\shared\\Source\\Cogran\\CodeGenerated','2016-07-29 16:25:27',NULL,NULL,'2016-07-29 16:25:27','2016-07-29 16:25:27');
/*!40000 ALTER TABLE `build` ENABLE KEYS */;
UNLOCK TABLES;

--
-- Table structure for table `id_gen`
--

DROP TABLE IF EXISTS `id_gen`;
/*!40101 SET @saved_cs_client     = @@character_set_client */;
/*!40101 SET character_set_client = utf8 */;
CREATE TABLE `id_gen` (
  `SEQ_NAME` varchar(50) DEFAULT NULL,
  `SEQ_VALUE` bigint(20) DEFAULT NULL
) ENGINE=InnoDB DEFAULT CHARSET=latin1;
/*!40101 SET character_set_client = @saved_cs_client */;

--
-- Dumping data for table `id_gen`
--

LOCK TABLES `id_gen` WRITE;
/*!40000 ALTER TABLE `id_gen` DISABLE KEYS */;
INSERT INTO `id_gen` VALUES ('MODEL_GEN',69),('RELATION_GEN',540),('BUILD_GEN',24),('ATTRIBUTE_GEN',4654),('ASSOCIATION_GEN',155),('MASTERPROPERTY_GEN',15),('MASTERCATEGORY_GEN',8),('PROPERTYGROUP_GEN',10),('SCREENARTIFACT_GEN',206),('SCREENPROPERTYVALUE_GEN',45),('ARTIFACTPROPERTYVALUE_GEN',53),('SCREENARTIFACTTYPE_GEN',1),('PROPERTYTYPE_GEN',7),('SCREENFAMILY_GEN',35),('SCREENCHILD_GEN',151),('MASTERPROPERTYVALUELIST_GEN',11),('LISTHEADER_GEN',11),('LISTDETAIL_GEN',75),('ENVIRONMENT_GEN',1),('GROUP_GEN',4),('USER_GEN',22),('RELATIONPROPERTYVALUE_GEN',3),('BUILDTEMPLATE_GEN',18),('BUILDSCRIPT_GEN',10),('BUILDCONTROLLER_GEN',4),('BUILDSCRIPTPARAMETER',1),('BUILDCONTROLLERSCRIPT',1),('AttributePropertyValue_GEN',2),('AssociationPropertyValue_GEN',1),('BuildPropertyValue_GEN',2),('BuildControllerScript_GEN',8),('BuildScriptParameter_GEN',4),('Connection_GEN',1),('ModelImport_GEN',1),('TableImport_GEN',1),('ColumnImport_GEN',1),('Mapping_GEN',5),('MappingValue_GEN',53),('batchId_GEN',1),('batch_GEN',1);
/*!40000 ALTER TABLE `id_gen` ENABLE KEYS */;
UNLOCK TABLES;

--
-- Table structure for table `associationpropertyvalue`
--

DROP TABLE IF EXISTS `associationpropertyvalue`;
/*!40101 SET @saved_cs_client     = @@character_set_client */;
/*!40101 SET character_set_client = utf8 */;
CREATE TABLE `associationpropertyvalue` (
  `AssociationPropertyValueId` bigint(20) NOT NULL,
  `VERSION` timestamp NOT NULL DEFAULT CURRENT_TIMESTAMP ON UPDATE CURRENT_TIMESTAMP,
  `CREATEDBY` varchar(30) DEFAULT NULL,
  `UPDATEDBY` varchar(30) DEFAULT NULL,
  `CREATEDON` timestamp NULL DEFAULT NULL,
  `UPDATEDON` timestamp NULL DEFAULT NULL,
  `AssociationToPropertyValue` bigint(20) DEFAULT NULL,
  `MasterProperty` bigint(20) DEFAULT NULL,
  `PropertyValue` varchar(2000) DEFAULT NULL,
  PRIMARY KEY (`AssociationPropertyValueId`),
  KEY `FK_AssociationToPropertyValue` (`AssociationToPropertyValue`),
  CONSTRAINT `FK_AssociationToPropertyValue` FOREIGN KEY (`AssociationToPropertyValue`) REFERENCES `association` (`ASSOCIATIONID`) ON DELETE CASCADE
) ENGINE=InnoDB DEFAULT CHARSET=utf8;
/*!40101 SET character_set_client = @saved_cs_client */;

--
-- Dumping data for table `associationpropertyvalue`
--

LOCK TABLES `associationpropertyvalue` WRITE;
/*!40000 ALTER TABLE `associationpropertyvalue` DISABLE KEYS */;
INSERT INTO `associationpropertyvalue` VALUES (1,'2016-05-01 16:44:37',NULL,NULL,'2016-05-01 16:44:37','2016-05-01 16:44:37',84,15,'Nothing');
/*!40000 ALTER TABLE `associationpropertyvalue` ENABLE KEYS */;
UNLOCK TABLES;

--
-- Table structure for table `buildtemplate`
--

DROP TABLE IF EXISTS `buildtemplate`;
/*!40101 SET @saved_cs_client     = @@character_set_client */;
/*!40101 SET character_set_client = utf8 */;
CREATE TABLE `buildtemplate` (
  `BUILDTEMPLATEID` bigint(20) NOT NULL,
  `NAME` varchar(40) NOT NULL,
  `SCRIPT` longtext,
  `VERSION` timestamp NOT NULL DEFAULT CURRENT_TIMESTAMP ON UPDATE CURRENT_TIMESTAMP,
  `CREATEDBY` varchar(40) DEFAULT NULL,
  `CREATEDON` date DEFAULT NULL,
  `UPDATEDBY` varchar(40) DEFAULT NULL,
  `UPDATEDON` date DEFAULT NULL,
  PRIMARY KEY (`BUILDTEMPLATEID`)
) ENGINE=InnoDB DEFAULT CHARSET=utf8;
/*!40101 SET character_set_client = @saved_cs_client */;

--
-- Dumping data for table `buildtemplate`
--

LOCK TABLES `buildtemplate` WRITE;
/*!40000 ALTER TABLE `buildtemplate` DISABLE KEYS */;
INSERT INTO `buildtemplate` VALUES (3,'NodeAPI','this is mustache template\r\n','2016-05-02 21:08:43',NULL,'2016-05-02',NULL,'2016-05-02'),(7,'FirebirdEntity','CREATE TABLE {{RelationName}}\r\n(\r\n {{#Attributes}}{{#IsPrimaryKey}} {{AttributeName}} {{FirebirdDataType}} {{#FieldLength}}({{FieldLength}}){{/FieldLength}} {{^AllowNull}}NOT NULL{{/AllowNull}},{{/IsPrimaryKey}}{{/Attributes}}\r\n  VERSION TIMESTAMP,\r\n  CONSTRAINT {{PrimaryConstraint}} PRIMARY KEY ({{PrimaryKeyName}})\r\n);\r\nCOMMIT;\r\n{{#Attributes}}{{^IsPrimaryKey}}ALTER TABLE {{RelationName}} ADD {{AttributeName}} {{FirebirdDataType}} {{#FieldLength}}({{FieldLength}}){{/FieldLength}} {{^AllowNull}}NOT NULL{{/AllowNull}};{{/IsPrimaryKey}}\r\n{{/Attributes}}\r\nCOMMIT;\r\n\r\n{{#ChildRelationsManyToMany}}\r\nCREATE TABLE {{AssociationName}}\r\n(\r\n {{AssociationName}}ID BIGINT NOT NULL,\r\n  {{#ChildRelation}}{{PrimaryKeyName}}{{/ChildRelation}} BIGINT NOT NULL,\r\n  {{#ParentRelation}}{{PrimaryKeyName}}{{/ParentRelation}} BIGINT NOT NULL,\r\n  VERSION TIMESTAMP\r\n);\r\nCOMMIT;\r\n\r\nCREATE GENERATOR gen_{{AssociationName}};\r\nCOMMIT;\r\n{{/ChildRelationsManyToMany}}\r\n\r\n{{#ParentRelations}}\r\nALTER TABLE {{RelationName}}\r\n  ADD CONSTRAINT FK_{{AssociationName}}\r\n  FOREIGN KEY ({{AssociationName}}) references {{#ParentRelation}}{{RelationName}} ({{#Attributes}}{{#IsPrimaryKey}}{{AttributeName}}{{/IsPrimaryKey}}{{/Attributes}}){{/ParentRelation}}\r\n  ON DELETE CASCADE;\r\nCOMMIT;\r\n{{/ParentRelations}}\r\n\r\nCREATE GENERATOR gen_{{RelationName}};\r\nCOMMIT;\r\n\r\n\r\n','2016-06-09 15:44:53',NULL,'2016-06-09',NULL,'2016-06-09'),(8,'MySqlEntity','CREATE TABLE  IF NOT EXISTS {{RelationName}}\r\n(\r\n {{#Attributes}}{{#IsPrimaryKey}} {{AttributeName}} {{FieldDataType}} {{#FieldLength}}({{FieldLength}}){{/FieldLength}} {{^AllowNull}}NOT NULL{{/AllowNull}},{{/IsPrimaryKey}}{{/Attributes}}\r\n {{#AuditFields}}\r\n  VERSION TIMESTAMP NOT NULL DEFAULT CURRENT_TIMESTAMP ON UPDATE CURRENT_TIMESTAMP,\r\n  CREATEDBY VARCHAR(30) NULL DEFAULT NULL,\r\n  UPDATEDBY VARCHAR(30) NULL DEFAULT NULL,\r\n  CREATEDON TIMESTAMP NULL DEFAULT NULL,\r\n  UPDATEDON TIMESTAMP NULL DEFAULT NULL,\r\n  {{/AuditFields}}\r\n  PRIMARY KEY ({{PrimaryKeyName}})\r\n);\r\nCOMMIT;\r\n{{#Attributes}}{{^IsPrimaryKey}}ALTER TABLE {{RelationName}} ADD {{AttributeName}} {{FieldDataType}} {{#FieldLength}}({{FieldLength}}){{/FieldLength}} {{^AllowNull}}NOT NULL{{/AllowNull}};{{/IsPrimaryKey}}\r\n{{/Attributes}}\r\nCOMMIT;\r\n\r\n{{#ChildRelationsManyToMany}}\r\nCREATE TABLE {{AssociationName}}\r\n(\r\n {{AssociationName}}ID BIGINT(20) NOT NULL,\r\n  {{#ChildRelation}}{{PrimaryKeyName}}{{/ChildRelation}} BIGINT NOT NULL,\r\n  {{#ParentRelation}}{{PrimaryKeyName}}{{/ParentRelation}} BIGINT NOT NULL,\r\n  {{#AuditFields}}\r\n  VERSION TIMESTAMP,\r\n  CREATEDBY VARCHAR(30) NULL DEFAULT NULL,\r\n  UPDATEDBY VARCHAR(30) NULL DEFAULT NULL,\r\n  CREATEDON TIMESTAMP NULL DEFAULT NULL,\r\n  UPDATEDON TIMESTAMP NULL DEFAULT NULL\r\n  {{/AuditFields}}\r\n);\r\nCOMMIT;\r\n\r\nCREATE GENERATOR gen_{{AssociationName}};\r\nCOMMIT;\r\n{{/ChildRelationsManyToMany}}\r\n\r\n{{#ParentRelations}}\r\nALTER TABLE {{RelationName}}\r\n  ADD CONSTRAINT FK_{{AssociationName}}\r\n  FOREIGN KEY ({{AssociationName}}) references {{#ParentRelation}}{{RelationName}} ({{#Attributes}}{{#IsPrimaryKey}}{{AttributeName}}{{/IsPrimaryKey}}{{/Attributes}}){{/ParentRelation}}\r\n  ON DELETE CASCADE;\r\nCOMMIT;\r\n{{/ParentRelations}}\r\n\r\nINSERT IGNORE INTO `ID_GEN`\r\nSET SEQ_NAME = \'{{RelationName}}_GEN\',\r\n`SEQ_VALUE` = 1;\r\nCOMMIT;\r\n\r\n\r\n\r\n\r\n','2016-08-17 02:36:33',NULL,'2016-06-09',NULL,'2016-08-16'),(9,'DataSourceInterface','//data source interface\r\nfunction Get{{RelationName}}() : TSQLQuery;\r\nfunction Get{{RelationName}}DataSource(): TDataSource;\r\n\r\n//firebird data provider implementation\r\nfunction TFirebirdDataProvider.Get{{RelationName}}() : TSQLQuery;\r\nbegin\r\n     Result:=FFirebirdQueryMod.SQL{{RelationName}};\r\nend;\r\n\r\nfunction TFirebirdDataProvider.Get{{RelationName}}DataSource(): TDataSource;\r\nbegin\r\n   Result:=FFirebirdQueryMod.ds{{RelationName}};\r\nend;\r\n\r\n//mysql data provider implementation\r\nfunction TMySQLDataProvider.Get{{RelationName}}() : TSQLQuery;\r\nbegin\r\n     Result:=FMySqlQuery.SQL{{RelationName}};\r\nend;\r\n\r\nfunction TMySQLDataProvider.Get{{RelationName}}DataSource(): TDataSource;\r\nbegin\r\n   Result:=FMySqlQuery.ds{{RelationName}};\r\nend;\r\n\r\n','2016-07-01 21:30:50',NULL,'2016-06-09',NULL,'2016-07-01'),(10,'FirebirdQueryModuleUnit','	ds{{RelationName}}: TDataSource;\r\n\r\n	SQL{{RelationName}}: TSQLQuery;\r\n	{{#Attributes}}\r\n        SQL{{RelationName}}{{AttributeName}}: {{LazFieldClass}};\r\n	{{/Attributes}}\r\n\r\n	{{! QUERY PROCEDURES }}\r\n	procedure SQL{{RelationName}}AfterDelete(DataSet: TDataSet);\r\n        procedure SQL{{RelationName}}AfterInsert(DataSet: TDataSet);\r\n        procedure SQL{{RelationName}}AfterPost(DataSet: TDataSet);\r\n\r\n//firebird implementation\r\n\r\nprocedure TFirebirdQueryModule.SQL{{RelationName}}AfterPost(DataSet: TDataSet);\r\nbegin\r\n  self.SQL{{RelationName}}.ApplyUpdates(-1);\r\n  FTransaction.CommitRetaining;\r\nend;\r\n\r\nprocedure TFirebirdQueryModule.SQL{{RelationName}}AfterDelete(DataSet: TDataSet);\r\nbegin\r\n  self.SQL{{RelationName}}.ApplyUpdates(-1);\r\n  FTransaction.CommitRetaining;\r\nend;\r\n\r\nprocedure TFirebirdQueryModule.SQL{{RelationName}}AfterInsert(DataSet: TDataSet);\r\nbegin\r\n  DataSet.FieldByName(\'{{RelationName}}ID\').AsLargeInt:=self.GetNewPrimaryKeyValue(\'GEN_{{RelationName}}\');\r\n  {{#HasParents}}\r\n  {{#ParentRelations}}DataSet.FieldByName(\'{{AssociationName}}\').AsLargeInt:=SQL{{ParentName}}.FieldByName(\'{{ParentName}}ID\').AsLargeInt;{{/ParentRelations}} {{/HasParents}}\r\nend;\r\n\r\n//mysql implementation\r\nprocedure TMySQLQueryModule.SQL{{RelationName}}AfterPost(DataSet: TDataSet);\r\nbegin\r\n  self.SQL{{RelationName}}.ApplyUpdates(-1);\r\n  FTransaction.CommitRetaining;\r\nend;\r\n\r\nprocedure TMySQLQueryModule.SQL{{RelationName}}AfterDelete(DataSet: TDataSet);\r\nbegin\r\n  self.SQL{{RelationName}}.ApplyUpdates(-1);\r\n  FTransaction.CommitRetaining;\r\nend;\r\n\r\nprocedure TMySQLQueryModule.SQL{{RelationName}}AfterInsert(DataSet: TDataSet);\r\nbegin\r\n  DataSet.FieldByName(\'{{RelationName}}ID\').AsLargeInt:=self.GenerateSequentialKey(\'{{RelationName}}_GEN\');\r\n  {{#HasParents}}\r\n  {{#ParentRelations}}DataSet.FieldByName(\'{{AssociationName}}\').AsLargeInt:=SQL{{ParentName}}.FieldByName(\'{{ParentName}}ID\').AsLargeInt;{{/ParentRelations}} {{/HasParents}}\r\nend;\r\n\r\n\r\n','2016-06-09 15:47:31',NULL,'2016-06-09',NULL,'2016-06-09'),(11,'FirebirdQueryModuleForm','//firebird Query Module Form\r\n\r\n  object SQL{{RelationName}}: TSQLQuery\r\n    FieldDefs = <\r\n	{{#Attributes}}\r\n      item\r\n        Name = \'{{AttributeName}}\'\r\n        DataType = {{LazFieldType}}\r\n        Precision = -1\r\n        Size = {{AttributeLength}}\r\n      end\r\n	{{/Attributes}}\r\n	>\r\n    AfterDelete = SQL{{RelationName}}AfterDelete\r\n    AfterInsert = SQL{{RelationName}}AfterInsert\r\n    AfterPost = SQL{{RelationName}}AfterPost\r\n    Database = FirebirdDataModule.IBConnection1\r\n    Transaction = FirebirdDataModule.SQLTransaction1\r\n\r\n	SQL.Strings = (\r\n      \'SELECT {{#Attributes}} {{AttributeName}}{{^-last}},{{/-last}} {{/Attributes}} from {{RelationName}} {{#HasParents}}{{#ParentRelations}} {{#-first}}WHERE{{/-first}} {{^-first}}AND{{/-first}} ({{AssociationName}} = :{{ParentName}}Id {{#MultipleParents}} OR :{{ParentName}}Id IS NULL{{/MultipleParents}} ) {{/ParentRelations}} {{/HasParents}} ;\'\r\n    )\r\n    UpdateSQL.Strings = (\r\n      \'UPDATE {{RelationName}} SET {{#Attributes}}{{^IsPrimaryKey}}{{AttributeName}} = :{{AttributeName}} {{/IsPrimaryKey}} {{^-last}}{{^IsPrimaryKey}},{{/IsPrimaryKey}}{{/-last}}{{/Attributes}} \'\r\n	  \'WHERE {{RelationName}}.{{PrimaryKeyName}} = :{{PrimaryKeyName}};\'\r\n    )\r\n    InsertSQL.Strings = (\r\n      \'insert into {{RelationName}} ( {{#Attributes}} {{AttributeName}}{{^-last}},{{/-last}} {{/Attributes}} )\'\r\n      \'VALUES ( {{#Attributes}} :{{AttributeName}}{{^-last}},{{/-last}} {{/Attributes}});\'\r\n    )\r\n\r\n    DeleteSQL.Strings = (\r\n      \'DELETE FROM {{RelationName}} WHERE {{RelationName}}.{{PrimaryKeyName}} = :{{PrimaryKeyName}};\'\r\n    )\r\n    Params = <>\r\n    left = 45\r\n    top = 45\r\n\r\n	{{#Attributes}}\r\n	object SQL{{RelationName}}{{AttributeName}}: {{LazFieldClass}}\r\n		DisplayLabel = \'{{AttributeName}}\'\r\n		DisplayWidth = {{AttributeLength}}\r\n		FieldKind = fkData\r\n		FieldName = \'{{AttributeName}}\'\r\n		Index = {{-index}}\r\n		LookupCache = False\r\n		ProviderFlags = [pfInUpdate, pfInWhere]\r\n		ReadOnly = False\r\n		Required = {{AllowNull}}\r\n		Visible = {{Visible}}\r\n	end\r\n	{{/Attributes}}\r\n  end\r\n\r\n  object ds{{RelationName}}: TDataSource\r\n    AutoEdit = False\r\n    DataSet = SQL{{RelationName}}\r\n    Enabled = False\r\n    left = 45\r\n    top = 45\r\n  end\r\n\r\n\r\n\r\n\r\n//----------------------------------------------------------------------------\r\n//mysql Query Module Form\r\n\r\n  object SQL{{RelationName}}: TSQLQuery\r\n    FieldDefs = <\r\n	{{#Attributes}}\r\n      item\r\n        Name = \'{{AttributeName}}\'\r\n        DataType = {{LazFieldType}}\r\n        Precision = -1\r\n        Size = {{AttributeLength}}\r\n      end\r\n	{{/Attributes}}\r\n	>\r\n    AfterDelete = SQL{{RelationName}}AfterDelete\r\n    AfterInsert = SQL{{RelationName}}AfterInsert\r\n    AfterPost = SQL{{RelationName}}AfterPost\r\n    Database = MySQLDataModule.Connection\r\n    Transaction = MySQLDataModule.Transaction\r\n\r\n	SQL.Strings = (\r\n      \'SELECT {{#Attributes}} {{AttributeName}},{{/Attributes}} CreatedBy, UpdatedBy, CreatedOn, UpdatedOn, `Version` from {{RelationName}} {{#HasParents}}{{#ParentRelations}} {{#-first}}WHERE{{/-first}} {{^-first}}AND{{/-first}} ({{AssociationName}} = :{{ParentName}}Id {{#MultipleParents}} OR :{{ParentName}}Id IS NULL{{/MultipleParents}} ) {{/ParentRelations}} {{/HasParents}} ;\'\r\n    )\r\n    UpdateSQL.Strings = (\r\n      \'UPDATE {{RelationName}} SET {{#Attributes}}{{^IsPrimaryKey}}{{RelationName}}.{{AttributeName}} = :{{AttributeName}} {{/IsPrimaryKey}}{{^-last}}{{^IsPrimaryKey}},{{/IsPrimaryKey}}{{/-last}}{{/Attributes}} \'\r\n      \'{{RelationName}}.`VERSION`= CURRENT_TIMESTAMP, {{RelationName}}.UPDATEDBY = :UpdatedBy, {{RelationName}}.UPDATEDON = Now() \'\r\n      \'WHERE {{RelationName}}.{{PrimaryKeyName}} = :{{PrimaryKeyName}};\'\r\n    )\r\n    InsertSQL.Strings = (\r\n      \'insert into {{RelationName}} ( {{#Attributes}} {{AttributeName}},{{/Attributes}} `VERSION`, CREATEDBY, UPDATEDBY, CREATEDON, UPDATEDON )\'\r\n      \'VALUES ( {{#Attributes}} :{{AttributeName}},{{/Attributes}} CURRENT_TIMESTAMP, CreatedBy, CreatedBy, Now(), Now());\'\r\n    )\r\n\r\n    DeleteSQL.Strings = (\r\n      \'DELETE FROM {{RelationName}} WHERE {{RelationName}}.{{PrimaryKeyName}} = :{{PrimaryKeyName}};\'\r\n    )\r\n    Params = <>\r\n    left = 45\r\n    top = 45\r\n\r\n	{{#Attributes}}\r\n	object SQL{{RelationName}}{{AttributeName}}: {{LazFieldClass}}\r\n		DisplayLabel = \'{{AttributeName}}\'\r\n		DisplayWidth = {{AttributeLength}}\r\n		FieldKind = fkData\r\n		FieldName = \'{{AttributeName}}\'\r\n		Index = {{-index}}\r\n		LookupCache = False\r\n		ProviderFlags = [pfInUpdate, pfInWhere]\r\n		ReadOnly = False\r\n		Required = {{AllowNull}}\r\n		Visible = {{Visible}}\r\n	end\r\n	{{/Attributes}}\r\n  end\r\n\r\n  object ds{{RelationName}} : TDataSource\r\n    AutoEdit = True\r\n    DataSet = SQL{{RelationName}}\r\n    Enabled = True\r\n    left = 45\r\n    top = 45\r\n  end\r\n\r\n','2016-08-20 16:41:58',NULL,'2016-06-09',NULL,'2016-08-20'),(12,'NodeSQL',NULL,'2016-07-27 19:58:57',NULL,'2016-07-27',NULL,'2016-07-27'),(13,'MYSQLCrudProcedures','/*!50003 SET sql_mode              = @saved_sql_mode */ ;\r\n/*!50003 SET character_set_client  = @saved_cs_client */ ;\r\n/*!50003 SET character_set_results = @saved_cs_results */ ;\r\n/*!50003 SET collation_connection  = @saved_col_connection */ ;\r\n/*!50003 DROP PROCEDURE IF EXISTS `p{{RelationName}}Delete` */;\r\n/*!50003 DROP PROCEDURE IF EXISTS `p{{RelationName}}Update` */;\r\n/*!50003 DROP PROCEDURE IF EXISTS `p{{RelationName}}Insert` */;\r\n/*!50003 DROP PROCEDURE IF EXISTS `p{{RelationName}}Read` */;\r\n/*!50003 SET @saved_cs_client      = @@character_set_client */ ;\r\n/*!50003 SET @saved_cs_results     = @@character_set_results */ ;\r\n/*!50003 SET @saved_col_connection = @@collation_connection */ ;\r\n/*!50003 SET character_set_client  = utf8 */ ;\r\n/*!50003 SET character_set_results = utf8 */ ;\r\n/*!50003 SET collation_connection  = utf8_general_ci */ ;\r\n/*!50003 SET @saved_sql_mode       = @@sql_mode */ ;\r\n/*!50003 SET sql_mode              = \'STRICT_TRANS_TABLES,NO_AUTO_CREATE_USER,NO_ENGINE_SUBSTITUTION\' */ ;\r\n\r\nDELIMITER $$\r\n/* DELETE */\r\nCREATE PROCEDURE `p{{RelationName}}Delete`\r\n(\r\nIN {{PrimaryKeyName}} BIGINT\r\n)\r\nBEGIN\r\n     DELETE FROM {{RelationName}} WHERE {{RelationName}}.{{PrimaryKeyName}} = {{PrimaryKeyName}};\r\nEND$$\r\n\r\n\r\n/* CREATE */\r\nCREATE PROCEDURE `p{{RelationName}}Insert`\r\n(\r\n{{#Attributes}}{{^IsPrimaryKey}} IN {{AttributeName}} {{FieldDataType}} {{#FieldLength}}({{FieldLength}}){{/FieldLength}}{{/IsPrimaryKey}}{{^-last}}{{^IsPrimaryKey}},{{/IsPrimaryKey}}{{/-last}}\r\n{{/Attributes}}\r\n)\r\n\r\nBEGIN\r\n\r\n     DECLARE {{PrimaryKeyName}} bigint DEFAULT 0;\r\n     CALL pGenerateSequentialKey(\'{{RelationName}}_GEN\', {{PrimaryKeyName}});\r\n\r\n     INSERT INTO {{RelationName}} ( {{#Attributes}} {{AttributeName}} {{^-last}},{{/-last}}{{/Attributes}})\r\n     VALUES ( {{#Attributes}} {{AttributeName}}{{^-last}},{{/-last}}{{/Attributes}});\r\nEND$$\r\n\r\n/* UPDATE */\r\nCREATE PROCEDURE `p{{RelationName}}Update`\r\n(\r\n{{#Attributes}}IN {{AttributeName}} {{FieldDataType}} {{#FieldLength}}({{FieldLength}}){{/FieldLength}} {{^-last}},{{/-last}}\r\n{{/Attributes}}\r\n\r\n)\r\nBEGIN\r\n      UPDATE {{RelationName}} SET {{#Attributes}}{{^IsPrimaryKey}}{{RelationName}}.{{AttributeName}} = {{AttributeName}} {{/IsPrimaryKey}}{{^-last}}{{^IsPrimaryKey}},{{/IsPrimaryKey}}{{/-last}}\r\n      {{/Attributes}}\r\n      WHERE {{RelationName}}.{{PrimaryKeyName}} = {{PrimaryKeyName}};\r\nEND$$\r\n\r\n/* READ */\r\nCREATE PROCEDURE `p{{RelationName}}Read`\r\n(\r\n IN {{PrimaryKeyName}} bigint\r\n)\r\nBEGIN\r\n     SELECT {{#Attributes}} {{AttributeName}}{{^-last}},{{/-last}}\r\n     {{/Attributes}} FROM {{RelationName}} WHERE {{RelationName}}.{{PrimaryKeyName}} = {{PrimaryKeyName}};\r\nEND$$\r\nDELIMITER ;\r\n\r\n\r\n\r\n\r\n','2016-08-02 21:12:39',NULL,'2016-07-29',NULL,'2016-08-02'),(14,'NodeRestRoute','module.exports = {\r\n\r\n        call{{RelationName}}Routes: function (router, dbPool) {\r\n\r\n        router.get(\'/{{RelationName}}/:id\', function(req, mysql, res) {\r\n                var id = req.params.id;\r\n                var result = [];\r\n                dbPool.getConnection(function(err, connection){\r\n                var query = connection.query({sql:\'call p{{RelationName}}Read(?);\', values:[id]});\r\n                query\r\n                        .on(\'error\', function(err){\r\n                        })\r\n                        .on(\'fields\', function(fields){\r\n                        })\r\n                        .on(\'result\', function(row){\r\n                        result.push(row);\r\n                        })\r\n                        .on(\'end\', function(){\r\n                        res.json(result);\r\n                        connection.release();\r\n                        });\r\n\r\n\r\n                });\r\n\r\n        router.post(\'/{{RelationName}}\', function(req, res) {\r\n                {{#Attributes}} var {{AttributeName}}=req.body.{{AttributeName}};\r\n                {{/Attributes}}\r\n                //insert stored procedure\r\n                dbPool.getConnection(function(err, connection){\r\n                var query = connection.query({sql:\'call p{{RelationName}}Insert({{#Attributes}}?{{^-last}},{{/-last}}{{/Attributes}});\', values:[{{#Attributes}}{{AttributeName}}{{^-last}},{{/-last}}{{/Attributes}}]});\r\n                query\r\n                        .on(\'error\', function(err){\r\n                        })\r\n                        .on(\'fields\', function(fields){\r\n                        })\r\n                        .on(\'result\', function(row){\r\n                        result.push(row);\r\n                        })\r\n                        .on(\'end\', function(){\r\n                        res.json(result);\r\n                        connection.release();\r\n                        });\r\n                });\r\n\r\n        router.put(\'/{{RelationName}}/:id\', function(req, res) {\r\n                {{#Attributes}} var {{AttributeName}}=req.body.{{AttributeName}};\r\n                {{/Attributes}}\r\n                //update stored procedure\r\n                });\r\n\r\n        router.delete(\'/{{RelationName}}/:id\', function(req, res) {\r\n                //delete stored procedure\r\n                });\r\n\r\n        });\r\n\r\n\r\n}\r\n}\r\n\r\n','2016-08-03 04:04:18',NULL,'2016-08-02',NULL,'2016-08-02'),(16,'MYSQLView','CREATE OR REPLACE VIEW v{{RelationName}}\r\n(\r\n  {{#Attributes}} {{AttributeName}},\r\n  {{/Attributes}}\r\n  {{#AuditFields}}\r\n  VERSION,\r\n  CREATEDBY,\r\n  UPDATEDBY,\r\n  CREATEDON,\r\n  UPDATEDON\r\n  {{/AuditFields}}\r\n)\r\nAS\r\nSELECT\r\n  {{#Attributes}} {{ViewSelect}},\r\n  {{/Attributes}}\r\n  {{#AuditFields}}\r\n  VERSION,\r\n  CREATEDBY,\r\n  UPDATEDBY,\r\n  CREATEDON,\r\n  UPDATEDON\r\n  {{/AuditFields}}\r\nFROM {{RelationName}};\r\nCOMMIT;\r\n','2016-08-17 02:36:45',NULL,'2016-08-16',NULL,'2016-08-16'),(17,'LazarusEntityDataModule','unit udm{{RelationName}};\r\n\r\n{$mode objfpc}{$H+}\r\n\r\ninterface\r\n\r\nuses\r\n  Classes,\r\n  SysUtils,\r\n  sqldb,\r\n  IBConnection,\r\n  db,\r\n  FileUtil,\r\n  {{#ParentRelations}}\r\n  udm{{ParentName}},\r\n  {{/ParentRelations}}\r\n  udmbaseentity,\r\n  udmconnector;\r\n\r\ntype\r\n\r\n  { TDM{{RelationName}} }\r\n\r\n  TDM{{RelationName}} = class(TDMBaseEntity)\r\n    ds{{RelationName}}: TDataSource;\r\n    ds{{RelationName}}Lookup: TDataSource;\r\n    SQL{{RelationName}}: TSQLQuery;\r\n    SQL{{RelationName}}Lookup: TSQLQuery;\r\n    {{#Attributes}}\r\n    SQL{{RelationName}}{{AttributeName}}: {{LazFieldClass}};\r\n    {{/Attributes}}\r\n    SQLRelationCREATEDBY: TStringField;\r\n    SQLRelationCREATEDON: TDateTimeField;\r\n    SQLRelationUPDATEDBY: TStringField;\r\n    SQLRelationUPDATEDON: TDateTimeField;\r\n    SQLRelationVERSION: TDateTimeField;\r\n\r\n\r\n    procedure SQL{{RelationName}}AfterDelete(DataSet: TDataSet);\r\n    procedure SQL{{RelationName}}AfterInsert(DataSet: TDataSet);\r\n    procedure SQL{{RelationName}}AfterPost(DataSet: TDataSet);\r\n    procedure SQL{{RelationName}}BeforePost(DataSet: TDataSet);\r\n  private\r\n    { private declarations }\r\n    {{#ParentRelations}}FDM{{ParentName}}:TDM{{ParentName}};{{/ParentRelations}}\r\n  public\r\n    { public declarations }\r\n    constructor Create(AOwner: TComponent; var PConnector:TDMConnector; {{#ParentRelations}}var PDM{{ParentName}}:TDM{{ParentName}}{{/ParentRelations}} ); reintroduce; overload;\r\n    {{#ParentRelations}}property {{ParentName}}DM:TDM{{ParentName}} read FDM{{ParentName}};\r\n    {{/ParentRelations}}\r\n  end;\r\n\r\n\r\n\r\nimplementation\r\n\r\n{$R *.lfm}\r\n\r\nprocedure TDM{{RelationName}}.SQL{{RelationName}}AfterDelete(DataSet: TDataSet);\r\nbegin\r\n   AfterDelete(SQL{{RelationName}}, DataSet);\r\nend;\r\n\r\nprocedure TDM{{RelationName}}.SQL{{RelationName}}AfterInsert(DataSet: TDataSet);\r\nbegin\r\n     AfterInsert(SQL{{RelationName}}, DataSet, \'RelationID\', \'{{RelationName}}\');\r\n  {{#HasParents}}\r\n  {{#ParentRelations}}DataSet.FieldByName(\'{{AssociationName}}\').AsLargeInt:=FDM{{ParentName}}.SQL{{ParentName}}.FieldByName(\'{{ParentName}}ID\').AsLargeInt;{{/ParentRelations}} {{/HasParents}}\r\nend;\r\n\r\nprocedure TDM{{RelationName}}.SQL{{RelationName}}AfterPost(DataSet: TDataSet);\r\nbegin\r\n     AfterPost(SQL{{RelationName}}, DataSet);\r\nend;\r\n\r\n\r\nprocedure TDM{{RelationName}}.SQL{{RelationName}}BeforePost(DataSet: TDataSet);\r\nbegin\r\n     BeforePost(SQL{{RelationName}}, DataSet);\r\nend;\r\n\r\n\r\nconstructor TDM{{RelationName}}.Create(AOwner: TComponent; var PConnector:TDMConnector; {{#ParentRelations}}var PDM{{ParentName}}:TDM{{ParentName}}{{/ParentRelations}});\r\nbegin\r\n    {{#ParentRelations}}FDM{{ParentName}}:=PDM{{ParentName}};\r\n    {{/ParentRelations}}\r\n    inherited Create(AOwner, PConnector);\r\nend;\r\n\r\nend.\r\n\r\n\r\n','2016-08-17 21:44:42',NULL,'2016-08-16',NULL,'2016-08-17'),(18,'LazarusEntityDataModuleForm','inherited DM{{RelationName}}: TDM{{RelationName}}\r\n  left = 618\r\n  top = 370\r\n  Height = 302\r\n  HorizontalOffset = 273\r\n  VerticalOffset = 299\r\n  Width = 790\r\n  object SQL{{RelationName}}: TSQLQuery[0]\r\n    FieldDefs = <\r\n    {{#Attributes}}\r\n      item\r\n        Name = \'{{AttributeName}}\'\r\n        DataType = {{LazFieldType}}\r\n        Precision = -1\r\n        Size = {{AttributeLength}}\r\n      end\r\n    {{/Attributes}}\r\n      item\r\n        Name = \'CREATEDBY\'\r\n        DataType = ftString\r\n        Precision = -1\r\n        Size = 30\r\n      end\r\n      item\r\n        Name = \'UPDATEDBY\'\r\n        DataType = ftString\r\n        Precision = -1\r\n        Size = 30\r\n      end\r\n      item\r\n        Name = \'CREATEDON\'\r\n        DataType = ftDateTime\r\n        Precision = -1\r\n        Size = 0\r\n      end\r\n      item\r\n        Name = \'UPDATEDON\'\r\n        DataType = ftDateTime\r\n        Precision = -1\r\n        Size = 0\r\n      end\r\n      item\r\n        Name = \'VERSION\'\r\n        DataType = ftDateTime\r\n        Precision = -1\r\n        Size = 0\r\n      end>\r\n    AfterDelete = SQL{{RelationName}}AfterDelete\r\n    AfterInsert = SQL{{RelationName}}AfterInsert\r\n    AfterPost = SQL{{RelationName}}AfterPost\r\n    BeforePost = SQL{{RelationName}}BeforePost\r\n    Database = DMConnector.Connection\r\n    Transaction = DMConnector.Transaction\r\n    SQL.Strings = (\r\n      \'SELECT   {{#Attributes}}{{AttributeName}}, {{/Attributes}}\'\r\n      \'CreatedBy, UpdatedBy, CreatedOn, UpdatedOn, Version\'\r\n      \'from v{{RelationName}}{{^HasParents}};{{/HasParents}}\'\r\n      {{#HasParents}}\'WHERE {{#ParentRelations}}({{AssociationName}} = :{{#ParentRelation}}{{PrimaryKeyName}}{{/ParentRelation}}){{/ParentRelations}};\'{{/HasParents}}\r\n\r\n    )\r\n    UpdateSQL.Strings = (\r\n      \'UPDATE relation  SET\'\r\n      {{#Attributes}}\r\n      {{^IsPrimaryKey}}\'{{RelationName}}.{{AttributeName}} = :{{AttributeName}},\'{{/IsPrimaryKey}}\r\n      {{/Attributes}}\r\n      \'{{RelationName}}.VERSION= CURRENT_TIMESTAMP,\'\r\n      \'{{RelationName}}.UPDATEDBY = :UpdatedBy,\'\r\n      \'{{RelationName}}.UPDATEDON = CURRENT_TIMESTAMP\'\r\n      \'WHERE {{RelationName}}.{{PrimaryKeyName}} = :{{PrimaryKeyName}};\'\r\n    )\r\n    InsertSQL.Strings = (\r\n      \'insert into {{RelationName}} ({{#Attributes}}{{AttributeName}}, {{/Attributes}} VERSION, CREATEDBY, UPDATEDBY, CREATEDON, UPDATEDON )\'\r\n      \'VALUES ({{#Attributes}}:{{AttributeName}}, {{/Attributes}} CURRENT_TIMESTAMP, :CreatedBy, :CreatedBy, CURRENT_TIMESTAMP, CURRENT_TIMESTAMP);\'\r\n    )\r\n    DeleteSQL.Strings = (\r\n      \'DELETE FROM v{{RelationName}} WHERE v{{RelationName}}.{{PrimaryKeyName}} = :{{PrimaryKeyName}};\'\r\n    )\r\n    {{#HasParents}}\r\n    Params = <\r\n    {{#ParentRelations}}\r\n      item\r\n        DataType = ftLargeint\r\n        Name = \'{{#ParentRelation}}{{PrimaryKeyName}}{{/ParentRelation}}\'\r\n        ParamType = ptInput\r\n        Size = 8\r\n      end\r\n      {{/ParentRelations}}>\r\n    {{#ParentRelations}}\r\n    DataSource = DM{{ParentName}}.ds{{ParentName}}\r\n    {{/ParentRelations}}\r\n    {{/HasParents}}\r\n    left = 32\r\n    top = 16\r\n    {{#Attributes}}\r\n    object SQL{{RelationName}}{{AttributeName}}: {{LazFieldClass}}\r\n      DisplayWidth = 10\r\n      FieldKind = fkData\r\n      FieldName = \'{{AttributeName}}\'\r\n      Index = 0\r\n      LookupCache = False\r\n      ProviderFlags = [pfInUpdate, pfInWhere]\r\n      ReadOnly = False\r\n      Required = {{AllowNull}}\r\n      Visible = False\r\n    end\r\n    {{/Attributes}}\r\n    object SQLRelationVERSION: TDateTimeField\r\n      DisplayWidth = 10\r\n      FieldKind = fkData\r\n      FieldName = \'VERSION\'\r\n      Index = 6\r\n      LookupCache = False\r\n      ProviderFlags = [pfInUpdate, pfInWhere]\r\n      ReadOnly = False\r\n      Required = False\r\n      Visible = False\r\n    end\r\n    object SQLRelationCREATEDBY: TStringField\r\n      DisplayWidth = 30\r\n      FieldKind = fkData\r\n      FieldName = \'CREATEDBY\'\r\n      Index = 7\r\n      LookupCache = False\r\n      ProviderFlags = [pfInUpdate, pfInWhere]\r\n      ReadOnly = False\r\n      Required = False\r\n      Visible = False\r\n      Size = 30\r\n    end\r\n    object SQLRelationUPDATEDBY: TStringField\r\n      DisplayWidth = 30\r\n      FieldKind = fkData\r\n      FieldName = \'UPDATEDBY\'\r\n      Index = 8\r\n      LookupCache = False\r\n      ProviderFlags = [pfInUpdate, pfInWhere]\r\n      ReadOnly = False\r\n      Required = False\r\n      Visible = False\r\n      Size = 30\r\n    end\r\n    object SQLRelationCREATEDON: TDateTimeField\r\n      DisplayWidth = 10\r\n      FieldKind = fkData\r\n      FieldName = \'CREATEDON\'\r\n      Index = 9\r\n      LookupCache = False\r\n      ProviderFlags = [pfInUpdate, pfInWhere]\r\n      ReadOnly = False\r\n      Required = False\r\n      Visible = False\r\n    end\r\n    object SQLRelationUPDATEDON: TDateTimeField\r\n      DisplayWidth = 10\r\n      FieldKind = fkData\r\n      FieldName = \'UPDATEDON\'\r\n      Index = 10\r\n      LookupCache = False\r\n      ProviderFlags = [pfInUpdate, pfInWhere]\r\n      ReadOnly = False\r\n      Required = False\r\n      Visible = False\r\n    end\r\n  end\r\n  object ds{{RelationName}}: TDataSource[1]\r\n    DataSet = SQL{{RelationName}}\r\n    left = 144\r\n    top = 16\r\n  end\r\nend\r\n\r\n','2016-08-20 16:42:40',NULL,'2016-08-16',NULL,'2016-08-20');
/*!40000 ALTER TABLE `buildtemplate` ENABLE KEYS */;
UNLOCK TABLES;

--
-- Table structure for table `relationpropertyvalue`
--

DROP TABLE IF EXISTS `relationpropertyvalue`;
/*!40101 SET @saved_cs_client     = @@character_set_client */;
/*!40101 SET character_set_client = utf8 */;
CREATE TABLE `relationpropertyvalue` (
  `RelationPropertyValueId` bigint(20) NOT NULL,
  `VERSION` timestamp NOT NULL DEFAULT CURRENT_TIMESTAMP ON UPDATE CURRENT_TIMESTAMP,
  `CREATEDBY` varchar(30) DEFAULT NULL,
  `UPDATEDBY` varchar(30) DEFAULT NULL,
  `CREATEDON` timestamp NULL DEFAULT NULL,
  `UPDATEDON` timestamp NULL DEFAULT NULL,
  `RelationToPropertyValue` bigint(20) DEFAULT NULL,
  `MasterProperty` bigint(20) DEFAULT NULL,
  `PropertyValue` varchar(2000) DEFAULT NULL,
  PRIMARY KEY (`RelationPropertyValueId`),
  KEY `FK_RelationToPropertyValue` (`RelationToPropertyValue`),
  CONSTRAINT `FK_RelationToPropertyValue` FOREIGN KEY (`RelationToPropertyValue`) REFERENCES `relation` (`RELATIONID`) ON DELETE CASCADE
) ENGINE=InnoDB DEFAULT CHARSET=utf8;
/*!40101 SET character_set_client = @saved_cs_client */;

--
-- Dumping data for table `relationpropertyvalue`
--

LOCK TABLES `relationpropertyvalue` WRITE;
/*!40000 ALTER TABLE `relationpropertyvalue` DISABLE KEYS */;
INSERT INTO `relationpropertyvalue` VALUES (2,'2016-05-02 20:48:22',NULL,NULL,'2016-05-01 16:38:05','2016-05-02 20:48:22',125,12,'Identity');
/*!40000 ALTER TABLE `relationpropertyvalue` ENABLE KEYS */;
UNLOCK TABLES;

--
-- Table structure for table `mapping`
--

DROP TABLE IF EXISTS `mapping`;
/*!40101 SET @saved_cs_client     = @@character_set_client */;
/*!40101 SET character_set_client = utf8 */;
CREATE TABLE `mapping` (
  `MappingId` bigint(20) NOT NULL,
  `VERSION` timestamp NOT NULL DEFAULT CURRENT_TIMESTAMP ON UPDATE CURRENT_TIMESTAMP,
  `CREATEDBY` varchar(30) DEFAULT NULL,
  `UPDATEDBY` varchar(30) DEFAULT NULL,
  `CREATEDON` timestamp NULL DEFAULT NULL,
  `UPDATEDON` timestamp NULL DEFAULT NULL,
  `Category` int(11) DEFAULT NULL,
  `Notes` text,
  `FromDescription` varchar(30) NOT NULL,
  `ToDescription` varchar(30) NOT NULL,
  `SystemCode` varchar(30) DEFAULT NULL,
  PRIMARY KEY (`MappingId`)
) ENGINE=InnoDB DEFAULT CHARSET=utf8;
/*!40101 SET character_set_client = @saved_cs_client */;

--
-- Dumping data for table `mapping`
--

LOCK TABLES `mapping` WRITE;
/*!40000 ALTER TABLE `mapping` DISABLE KEYS */;
INSERT INTO `mapping` VALUES (3,'2016-07-12 04:02:17',NULL,NULL,'2016-07-08 16:14:49','2016-07-12 04:02:17',NULL,'used by model import to map mysql column to the correct entity attribute data type\r\n','MYSQL Column Type','Entity Attribute Type','MYSQLIMPORT'),(4,'2016-07-12 04:03:46',NULL,NULL,'2016-07-12 04:01:53','2016-07-12 04:03:46',NULL,'is used by the import system to map a database type enum to the system code of a column mapping record for that database, for example database enum for mysql should load column to entity mappings with a system code of MYSQLIMPORT','Database Type Enum','Mapping System Code','DBENUMSYSCODE'),(5,'2016-07-27 18:09:11',NULL,NULL,'2016-07-27 18:09:11','2016-07-27 18:09:11',NULL,NULL,'Firebird Column Type','Entity Attribute Type','FBIMPORT');
/*!40000 ALTER TABLE `mapping` ENABLE KEYS */;
UNLOCK TABLES;

--
-- Table structure for table `masterpropertyvaluelist`
--

DROP TABLE IF EXISTS `masterpropertyvaluelist`;
/*!40101 SET @saved_cs_client     = @@character_set_client */;
/*!40101 SET character_set_client = utf8 */;
CREATE TABLE `masterpropertyvaluelist` (
  `MASTERPROPERTYVALUELISTID` bigint(20) NOT NULL,
  `MASTERPROPERYTOVALUELIST` bigint(20) DEFAULT NULL,
  `NAME` varchar(40) NOT NULL,
  `CODE` varchar(10) NOT NULL,
  `DISPLAY` varchar(40) NOT NULL,
  `VERSION` timestamp NOT NULL DEFAULT CURRENT_TIMESTAMP ON UPDATE CURRENT_TIMESTAMP,
  `CREATEDBY` varchar(30) DEFAULT NULL,
  `UPDATEDBY` varchar(30) DEFAULT NULL,
  `CREATEDON` timestamp NULL DEFAULT NULL,
  `UPDATEDON` timestamp NULL DEFAULT NULL,
  PRIMARY KEY (`MASTERPROPERTYVALUELISTID`),
  KEY `fk_MasterProperty` (`MASTERPROPERYTOVALUELIST`),
  CONSTRAINT `fk_MasterProperty` FOREIGN KEY (`MASTERPROPERYTOVALUELIST`) REFERENCES `masterproperty` (`MASTERPROPERTYID`) ON DELETE CASCADE ON UPDATE NO ACTION
) ENGINE=InnoDB DEFAULT CHARSET=latin1;
/*!40101 SET character_set_client = @saved_cs_client */;

--
-- Dumping data for table `masterpropertyvaluelist`
--

LOCK TABLES `masterpropertyvaluelist` WRITE;
/*!40000 ALTER TABLE `masterpropertyvaluelist` DISABLE KEYS */;
INSERT INTO `masterpropertyvaluelist` VALUES (2,4,'TextBox','0','display as line editor','2016-01-16 04:09:08',NULL,NULL,NULL,'2016-01-16 04:09:08'),(3,4,'ComboBox','1','display as menu choice','2012-09-01 09:31:19',NULL,NULL,NULL,NULL),(4,4,'Checkbox','2','display as checkbox','2012-09-01 09:31:59',NULL,NULL,NULL,NULL),(8,12,'Identity','Identity','Identity','2016-05-01 16:32:38',NULL,NULL,'2016-05-01 16:32:38','2016-05-01 16:32:38'),(9,12,'Sequence','Sequence','Sequence','2016-05-01 16:32:48',NULL,NULL,'2016-05-01 16:32:48','2016-05-01 16:32:48'),(10,14,'MySQL','MYSQL','MySQL','2016-05-01 16:43:08',NULL,NULL,'2016-05-01 16:43:08','2016-05-01 16:43:08'),(11,14,'SQLServer','MSSQL','SQL Server','2016-05-01 16:43:27',NULL,NULL,'2016-05-01 16:43:27','2016-05-01 16:43:27');
/*!40000 ALTER TABLE `masterpropertyvaluelist` ENABLE KEYS */;
UNLOCK TABLES;

--
-- Table structure for table `columnimport`
--

DROP TABLE IF EXISTS `columnimport`;
/*!40101 SET @saved_cs_client     = @@character_set_client */;
/*!40101 SET character_set_client = utf8 */;
CREATE TABLE `columnimport` (
  `ColumnImportId` bigint(20) NOT NULL,
  `VERSION` timestamp NOT NULL DEFAULT CURRENT_TIMESTAMP ON UPDATE CURRENT_TIMESTAMP,
  `CREATEDBY` varchar(30) DEFAULT NULL,
  `UPDATEDBY` varchar(30) DEFAULT NULL,
  `CREATEDON` timestamp NULL DEFAULT NULL,
  `UPDATEDON` timestamp NULL DEFAULT NULL,
  `TableColumnImport` bigint(20) DEFAULT NULL,
  `ColumnAttributeLookup` bigint(20) DEFAULT NULL,
  `IsIgnored` tinyint(4) NOT NULL,
  PRIMARY KEY (`ColumnImportId`),
  KEY `FK_TableColumnImport` (`TableColumnImport`),
  CONSTRAINT `FK_TableColumnImport` FOREIGN KEY (`TableColumnImport`) REFERENCES `tableimport` (`TableImportId`) ON DELETE CASCADE
) ENGINE=InnoDB DEFAULT CHARSET=utf8;
/*!40101 SET character_set_client = @saved_cs_client */;

--
-- Dumping data for table `columnimport`
--

LOCK TABLES `columnimport` WRITE;
/*!40000 ALTER TABLE `columnimport` DISABLE KEYS */;
/*!40000 ALTER TABLE `columnimport` ENABLE KEYS */;
UNLOCK TABLES;

--
-- Table structure for table `mastercategory`
--

DROP TABLE IF EXISTS `mastercategory`;
/*!40101 SET @saved_cs_client     = @@character_set_client */;
/*!40101 SET character_set_client = utf8 */;
CREATE TABLE `mastercategory` (
  `MASTERCATEGORYID` bigint(20) NOT NULL,
  `NAME` varchar(40) NOT NULL,
  `VERSION` timestamp NOT NULL DEFAULT CURRENT_TIMESTAMP ON UPDATE CURRENT_TIMESTAMP,
  `CREATEDBY` varchar(30) DEFAULT NULL,
  `UPDATEDBY` varchar(30) DEFAULT NULL,
  `CREATEDON` timestamp NULL DEFAULT NULL,
  `UPDATEDON` timestamp NULL DEFAULT NULL,
  PRIMARY KEY (`MASTERCATEGORYID`)
) ENGINE=InnoDB DEFAULT CHARSET=latin1;
/*!40101 SET character_set_client = @saved_cs_client */;

--
-- Dumping data for table `mastercategory`
--

LOCK TABLES `mastercategory` WRITE;
/*!40000 ALTER TABLE `mastercategory` DISABLE KEYS */;
INSERT INTO `mastercategory` VALUES (1,'Relation','2013-01-11 21:07:47','paulm',NULL,'2013-01-11 21:07:47',NULL),(2,'Screen','2012-08-01 16:37:53',NULL,NULL,NULL,NULL),(3,'ScreenArtifact','2012-08-01 19:15:39',NULL,NULL,NULL,NULL),(4,'Attribute','2013-01-11 21:09:25','paulm','paulm','2013-01-11 21:08:30','2013-01-11 21:09:25'),(7,'Build','2016-05-01 16:41:49',NULL,NULL,'2016-05-01 16:41:49','2016-05-01 16:41:49'),(8,'Association','2016-05-01 16:41:58',NULL,NULL,'2016-05-01 16:41:58','2016-05-01 16:41:58');
/*!40000 ALTER TABLE `mastercategory` ENABLE KEYS */;
UNLOCK TABLES;

--
-- Table structure for table `user`
--

DROP TABLE IF EXISTS `user`;
/*!40101 SET @saved_cs_client     = @@character_set_client */;
/*!40101 SET character_set_client = utf8 */;
CREATE TABLE `user` (
  `USERID` bigint(20) NOT NULL,
  `USERNAME` varchar(30) NOT NULL,
  `APPID` int(11) DEFAULT NULL,
  `PASSWORD` varchar(64) NOT NULL,
  `EMAIL` varchar(254) DEFAULT NULL,
  `VERSION` timestamp NOT NULL DEFAULT CURRENT_TIMESTAMP ON UPDATE CURRENT_TIMESTAMP,
  `CREATEDBY` varchar(30) DEFAULT NULL,
  `UPDATEDBY` varchar(30) DEFAULT NULL,
  `CREATEDON` timestamp NULL DEFAULT NULL,
  `UPDATEDON` timestamp NULL DEFAULT NULL,
  PRIMARY KEY (`USERID`),
  UNIQUE KEY `ux_user_username_primary` (`USERNAME`)
) ENGINE=InnoDB DEFAULT CHARSET=latin1;
/*!40101 SET character_set_client = @saved_cs_client */;

--
-- Dumping data for table `user`
--

LOCK TABLES `user` WRITE;
/*!40000 ALTER TABLE `user` DISABLE KEYS */;
INSERT INTO `user` VALUES (1,'paulm',0,'reddingo','cogranpm@gmail.com','2013-01-07 22:05:13',NULL,NULL,NULL,NULL),(2,'guest',0,'guest','email@email.com','2013-01-08 17:53:12',NULL,NULL,NULL,NULL),(3,'fred',0,'reddingo','','2013-01-09 18:06:34',NULL,NULL,NULL,NULL),(4,'roger',0,'gormless','','2013-01-09 18:44:02',NULL,NULL,NULL,NULL),(5,'ian',0,'fandango','ian@gmail.com','2013-01-09 19:27:11',NULL,NULL,NULL,NULL),(6,'malcolm',0,'ian','','2013-01-09 19:28:36',NULL,NULL,NULL,NULL),(7,'reggie',0,'abab','','2013-01-09 19:29:54',NULL,NULL,NULL,NULL),(9,'trevor',0,'weener','','2013-01-09 19:39:08',NULL,NULL,NULL,NULL),(10,'brianni',0,'copouts','','2013-01-10 20:09:17',NULL,'paulm',NULL,'2013-01-10 20:09:17'),(11,'misty',0,'misty','','2013-01-09 19:52:52',NULL,NULL,NULL,NULL),(12,'pennysss1234567891123456789212',0,'crapshoot','','2013-01-09 22:55:15',NULL,NULL,NULL,NULL),(13,'jeeves',0,'crybaby','','2013-01-09 20:02:36',NULL,NULL,NULL,NULL),(14,'leiber',0,'strong','','2013-01-09 21:51:55',NULL,NULL,NULL,NULL),(16,'red',0,'red','','2013-01-09 22:32:02',NULL,NULL,NULL,NULL),(17,'ted',0,'ted','','2013-01-09 23:14:50',NULL,NULL,NULL,NULL),(18,'pony',0,'xone','','2013-01-10 18:31:12','paulm',NULL,'2013-01-10 18:31:12',NULL),(19,'tony',0,'tony','','2013-01-10 20:09:56','paulm',NULL,'2013-01-10 20:09:56',NULL),(21,'reginald',0,'tryhard','mack@email.com','2013-01-12 18:36:02','paulm',NULL,'2013-01-12 18:36:02',NULL);
/*!40000 ALTER TABLE `user` ENABLE KEYS */;
UNLOCK TABLES;

--
-- Table structure for table `screenfamily`
--

DROP TABLE IF EXISTS `screenfamily`;
/*!40101 SET @saved_cs_client     = @@character_set_client */;
/*!40101 SET character_set_client = utf8 */;
CREATE TABLE `screenfamily` (
  `SCREENFAMILYID` bigint(20) NOT NULL,
  `SCREENFAMILYTORELATION` bigint(20) DEFAULT NULL,
  `MODELTOSCREENFAMILY` bigint(20) DEFAULT NULL,
  `NAME` varchar(40) NOT NULL,
  `VERSION` timestamp NOT NULL DEFAULT CURRENT_TIMESTAMP ON UPDATE CURRENT_TIMESTAMP,
  `CREATEDBY` varchar(30) DEFAULT NULL,
  `UPDATEDBY` varchar(30) DEFAULT NULL,
  `CREATEDON` timestamp NULL DEFAULT NULL,
  `UPDATEDON` timestamp NULL DEFAULT NULL,
  PRIMARY KEY (`SCREENFAMILYID`),
  KEY `fk_MODELTOSCREENFAMILY` (`MODELTOSCREENFAMILY`),
  CONSTRAINT `fk_MODELTOSCREENFAMILY` FOREIGN KEY (`MODELTOSCREENFAMILY`) REFERENCES `model` (`MODELID`) ON DELETE CASCADE ON UPDATE NO ACTION
) ENGINE=InnoDB DEFAULT CHARSET=latin1;
/*!40101 SET character_set_client = @saved_cs_client */;

--
-- Dumping data for table `screenfamily`
--

LOCK TABLES `screenfamily` WRITE;
/*!40000 ALTER TABLE `screenfamily` DISABLE KEYS */;
INSERT INTO `screenfamily` VALUES (4,13,14,'jfam','2016-09-01 17:12:57',NULL,NULL,NULL,'2016-09-01 17:12:57'),(6,67,39,'Users','2013-01-07 21:51:27',NULL,NULL,NULL,NULL),(7,66,39,'Groups','2013-01-07 21:51:47',NULL,NULL,NULL,NULL),(8,NULL,16,'testing','2013-01-16 19:25:32','paulm',NULL,'2013-01-16 19:25:31',NULL),(9,36,26,'ModelInterface','2013-01-01 00:52:57',NULL,NULL,NULL,NULL),(10,69,26,'MasterProperty','2013-01-01 00:53:16',NULL,NULL,NULL,NULL),(12,70,26,'MasterCategory','2013-01-01 00:54:09',NULL,NULL,NULL,NULL),(13,76,26,'PropertyType','2013-01-01 00:54:23',NULL,NULL,NULL,NULL),(14,71,26,'PropertyGroup','2013-01-01 00:54:36',NULL,NULL,NULL,NULL),(17,103,26,'Lists','2012-12-30 20:20:36',NULL,NULL,NULL,NULL),(20,13,14,'jbam','2013-01-29 23:13:06','paulm',NULL,'2013-01-29 23:13:06',NULL),(23,125,50,'Main','2016-05-02 16:33:43',NULL,NULL,'2016-01-01 19:44:36','2016-05-02 16:33:43'),(24,126,50,'Secondary','2016-01-02 00:30:22',NULL,NULL,'2016-01-02 00:30:22','2016-01-02 00:30:22'),(25,127,50,'Thirdly','2016-01-02 00:32:02',NULL,NULL,'2016-01-02 00:32:02','2016-01-02 00:32:02'),(26,22,18,'TrapsForm','2016-01-05 17:33:09',NULL,NULL,'2016-01-05 17:33:09','2016-01-05 17:33:09'),(27,142,53,'Actor','2016-01-18 16:43:46',NULL,NULL,'2016-01-18 06:05:08','2016-01-18 16:43:46'),(28,143,53,'Address','2016-01-18 16:46:51',NULL,NULL,'2016-01-18 16:46:51','2016-01-18 16:46:51'),(29,144,53,'Category','2016-01-18 19:47:55',NULL,NULL,'2016-01-18 19:47:55','2016-01-18 19:47:55'),(30,99,42,'fred','2016-01-19 02:50:10',NULL,NULL,'2016-01-19 02:50:10','2016-01-19 02:50:10'),(31,100,42,'ian','2016-01-19 17:48:28',NULL,NULL,'2016-01-19 17:48:20','2016-01-19 17:48:28'),(32,160,42,'malcom','2016-01-20 22:04:26',NULL,NULL,'2016-01-20 22:04:26','2016-01-20 22:04:26'),(34,147,53,'Customer','2016-02-19 19:56:39',NULL,NULL,'2016-02-19 19:56:39','2016-02-19 19:56:39'),(35,130,50,'Zebra','2016-05-02 16:35:58',NULL,NULL,'2016-05-02 16:34:58','2016-05-02 16:35:58');
/*!40000 ALTER TABLE `screenfamily` ENABLE KEYS */;
UNLOCK TABLES;

--
-- Table structure for table `group`
--

DROP TABLE IF EXISTS `group`;
/*!40101 SET @saved_cs_client     = @@character_set_client */;
/*!40101 SET character_set_client = utf8 */;
CREATE TABLE `group` (
  `GROUPID` bigint(20) NOT NULL,
  `NAME` varchar(30) NOT NULL,
  `APPID` int(11) DEFAULT NULL,
  `VERSION` timestamp NOT NULL DEFAULT CURRENT_TIMESTAMP ON UPDATE CURRENT_TIMESTAMP,
  `CREATEDBY` varchar(30) DEFAULT NULL,
  `UPDATEDBY` varchar(30) DEFAULT NULL,
  `CREATEDON` timestamp NULL DEFAULT NULL,
  `UPDATEDON` timestamp NULL DEFAULT NULL,
  PRIMARY KEY (`GROUPID`)
) ENGINE=InnoDB DEFAULT CHARSET=latin1;
/*!40101 SET character_set_client = @saved_cs_client */;

--
-- Dumping data for table `group`
--

LOCK TABLES `group` WRITE;
/*!40000 ALTER TABLE `group` DISABLE KEYS */;
INSERT INTO `group` VALUES (1,'administrator',0,'2013-01-07 22:04:48',NULL,NULL,NULL,NULL),(2,'guest',0,'2013-01-12 18:36:02',NULL,NULL,NULL,NULL),(3,'test',0,'2013-01-10 20:02:58','paulm',NULL,'2013-01-10 20:02:58',NULL);
/*!40000 ALTER TABLE `group` ENABLE KEYS */;
UNLOCK TABLES;

--
-- Table structure for table `masterpropertytocategory`
--

DROP TABLE IF EXISTS `masterpropertytocategory`;
/*!40101 SET @saved_cs_client     = @@character_set_client */;
/*!40101 SET character_set_client = utf8 */;
CREATE TABLE `masterpropertytocategory` (
  `MASTERPROPERTYID` bigint(20) DEFAULT NULL,
  `MASTERCATEGORYID` bigint(20) DEFAULT NULL
) ENGINE=InnoDB DEFAULT CHARSET=latin1;
/*!40101 SET character_set_client = @saved_cs_client */;

--
-- Dumping data for table `masterpropertytocategory`
--

LOCK TABLES `masterpropertytocategory` WRITE;
/*!40000 ALTER TABLE `masterpropertytocategory` DISABLE KEYS */;
INSERT INTO `masterpropertytocategory` VALUES (2,2),(4,3),(2,3),(3,2),(3,3),(5,2),(5,3),(6,3),(7,3),(0,3),(11,3),(10,2),(10,3),(12,1),(13,4),(14,7),(15,8);
/*!40000 ALTER TABLE `masterpropertytocategory` ENABLE KEYS */;
UNLOCK TABLES;

--
-- Table structure for table `association`
--

DROP TABLE IF EXISTS `association`;
/*!40101 SET @saved_cs_client     = @@character_set_client */;
/*!40101 SET character_set_client = utf8 */;
CREATE TABLE `association` (
  `ASSOCIATIONID` bigint(20) NOT NULL,
  `OWNED` bigint(20) DEFAULT NULL,
  `OWNER` bigint(20) DEFAULT NULL,
  `MODELASSOCIATION` bigint(20) DEFAULT NULL,
  `NAME` varchar(30) NOT NULL,
  `TYPE` int(11) NOT NULL,
  `VERSION` timestamp NOT NULL DEFAULT CURRENT_TIMESTAMP ON UPDATE CURRENT_TIMESTAMP,
  `CREATEDBY` varchar(30) DEFAULT NULL,
  `UPDATEDBY` varchar(30) DEFAULT NULL,
  `CREATEDON` timestamp NULL DEFAULT NULL,
  `UPDATEDON` timestamp NULL DEFAULT NULL,
  `JunctionEntity` bigint(20) DEFAULT NULL,
  `ForeignKeyAttribute` bigint(20) DEFAULT NULL,
  PRIMARY KEY (`ASSOCIATIONID`),
  KEY `ModelAssociation_idx` (`MODELASSOCIATION`),
  CONSTRAINT `ModelAssociation` FOREIGN KEY (`MODELASSOCIATION`) REFERENCES `model` (`MODELID`) ON DELETE CASCADE ON UPDATE NO ACTION,
  CONSTRAINT `fk_MODELASSOCIATION` FOREIGN KEY (`MODELASSOCIATION`) REFERENCES `model` (`MODELID`) ON DELETE CASCADE ON UPDATE NO ACTION
) ENGINE=InnoDB DEFAULT CHARSET=latin1;
/*!40101 SET character_set_client = @saved_cs_client */;

--
-- Dumping data for table `association`
--

LOCK TABLES `association` WRITE;
/*!40000 ALTER TABLE `association` DISABLE KEYS */;
INSERT INTO `association` VALUES (2,15,13,14,'jbosstochild',0,'2012-12-23 15:32:49',NULL,NULL,NULL,NULL,NULL,NULL),(3,16,38,26,'RelationToPropertyValue',0,'2013-01-11 21:51:46',NULL,'paulm',NULL,'2013-01-11 21:51:46',NULL,NULL),(18,38,36,26,'ModelRelation',0,'2012-07-21 23:06:54',NULL,NULL,NULL,NULL,NULL,NULL),(19,37,36,26,'ModelAssociation',0,'2012-07-21 23:07:16',NULL,NULL,NULL,NULL,NULL,NULL),(20,39,38,26,'RelationAttribute',0,'2012-07-21 23:07:59',NULL,NULL,NULL,NULL,NULL,NULL),(37,66,67,39,'UsersGroups',2,'2012-07-25 19:48:15',NULL,NULL,NULL,NULL,NULL,NULL),(38,70,69,26,'MasterPropertyToCategory',2,'2012-07-26 15:17:33',NULL,NULL,NULL,NULL,NULL,NULL),(39,71,69,26,'MasterPropertyToGroup',3,'2012-11-15 16:13:47',NULL,NULL,NULL,NULL,NULL,NULL),(41,74,72,26,'ArtifactToPropertyValue',0,'2012-07-26 15:20:17',NULL,NULL,NULL,NULL,NULL,NULL),(42,69,73,26,'ScreenPropValueToProperty',1,'2012-07-26 15:47:19',NULL,NULL,NULL,NULL,NULL,NULL),(43,69,74,26,'ArtifactPropValueToProperty',1,'2012-07-26 15:50:59',NULL,NULL,NULL,NULL,NULL,NULL),(46,76,69,26,'MasterPropertyToType',3,'2012-11-15 16:14:19',NULL,NULL,NULL,NULL,NULL,NULL),(49,78,36,26,'ModelToBuild',0,'2012-08-01 17:57:24',NULL,NULL,NULL,NULL,NULL,NULL),(51,79,36,26,'ModelToScreenFamily',0,'2012-08-02 21:03:32',NULL,NULL,NULL,NULL,NULL,NULL),(52,80,79,26,'ScreenFamilyToScreenChild',0,'2012-08-02 21:04:12',NULL,NULL,NULL,NULL,NULL,NULL),(53,38,79,26,'ScreenFamilyToRelation',3,'2012-11-15 16:14:35',NULL,NULL,NULL,NULL,NULL,NULL),(55,37,80,26,'ScreenChildToAssociation',3,'2012-11-15 16:14:49',NULL,NULL,NULL,NULL,NULL,NULL),(56,80,80,26,'ScreenChildToSelf',0,'2012-08-03 01:54:48',NULL,NULL,NULL,NULL,NULL,NULL),(57,38,37,26,'Owned',3,'2012-11-15 16:15:12',NULL,NULL,NULL,NULL,NULL,NULL),(58,38,37,26,'Owner',3,'2012-11-15 16:15:24',NULL,NULL,NULL,NULL,NULL,NULL),(60,72,80,26,'ChildToArtifact',0,'2012-08-31 18:46:23',NULL,NULL,NULL,NULL,NULL,NULL),(61,73,79,26,'FamilyToScreenPropValue',0,'2012-08-31 18:43:15',NULL,NULL,NULL,NULL,NULL,NULL),(62,74,72,26,'ScreenArtifactToPropertyValue',0,'2012-08-31 12:18:07',NULL,NULL,NULL,NULL,NULL,NULL),(63,73,80,26,'ChildToScreenPropValue',0,'2012-08-31 18:44:04',NULL,NULL,NULL,NULL,NULL,NULL),(64,72,79,26,'FamilyToArtifact',0,'2012-08-31 18:49:07',NULL,NULL,NULL,NULL,NULL,NULL),(65,39,72,26,'ArtifactToAttribute',3,'2012-11-15 16:15:41',NULL,NULL,NULL,NULL,NULL,NULL),(66,102,69,26,'MasterProperyToValueList',0,'2012-09-01 09:17:13',NULL,NULL,NULL,NULL,NULL,NULL),(67,104,103,26,'ListHeaderToDetail',0,'2012-09-01 22:00:47',NULL,NULL,NULL,NULL,NULL,NULL),(68,121,120,48,'arsetobarse',0,'2015-11-15 00:26:12',NULL,NULL,'2015-11-15 00:26:12','2015-11-15 00:26:12',NULL,NULL),(70,145,143,53,'Address_City',3,'2016-01-18 16:48:02',NULL,NULL,'2016-01-18 02:41:03','2016-01-18 16:48:02',NULL,NULL),(71,146,145,53,'City_Country',3,'2016-01-18 02:41:40',NULL,NULL,'2016-01-18 02:41:40','2016-01-18 02:41:40',NULL,NULL),(72,155,147,53,'Customer_Store',3,'2016-01-18 02:42:31',NULL,NULL,'2016-01-18 02:42:31','2016-01-18 02:42:31',NULL,NULL),(73,143,147,53,'Customer_Address',1,'2016-01-18 02:43:08',NULL,NULL,'2016-01-18 02:43:08','2016-01-18 02:43:08',NULL,NULL),(74,151,148,53,'Film_Lanaguage',3,'2016-01-18 02:43:44',NULL,NULL,'2016-01-18 02:43:44','2016-01-18 02:43:44',NULL,NULL),(75,142,148,53,'Film_Actor',2,'2016-01-18 02:44:23',NULL,NULL,'2016-01-18 02:44:23','2016-01-18 02:44:23',NULL,NULL),(76,144,148,53,'Film_Category',2,'2016-01-18 02:45:00',NULL,NULL,'2016-01-18 02:45:00','2016-01-18 02:45:00',NULL,NULL),(77,152,147,53,'Customer_Payment',0,'2016-01-18 03:32:45',NULL,NULL,'2016-01-18 03:32:45','2016-01-18 03:32:45',NULL,NULL),(78,153,152,53,'Payment_Rental',1,'2016-01-18 03:33:46',NULL,NULL,'2016-01-18 03:33:46','2016-01-18 03:33:46',NULL,NULL),(79,153,147,53,'Customer_Rental',0,'2016-01-18 03:36:41',NULL,NULL,'2016-01-18 03:36:41','2016-01-18 03:36:41',NULL,NULL),(80,150,153,53,'Rental_Inventory',3,'2016-01-18 03:37:50',NULL,NULL,'2016-01-18 03:37:50','2016-01-18 03:37:50',NULL,NULL),(81,99,156,42,'test',2,'2016-01-19 02:38:06',NULL,NULL,'2016-01-19 02:38:06','2016-01-19 02:38:06',NULL,NULL),(82,100,99,42,'test2',0,'2016-01-19 02:38:39',NULL,NULL,'2016-01-19 02:38:39','2016-01-19 02:38:39',NULL,NULL),(83,158,157,42,'I am testing',2,'2016-01-20 22:04:02',NULL,NULL,'2016-01-20 22:04:02','2016-01-20 22:04:02',NULL,NULL),(84,132,130,50,'ZebraToYak',0,'2016-05-01 16:44:37',NULL,NULL,'2016-05-01 16:44:29','2016-05-01 16:44:37',NULL,NULL),(85,170,169,26,'ModelTableImport',0,'2016-06-13 20:47:24',NULL,NULL,'2016-06-13 20:47:24','2016-06-13 20:47:24',NULL,NULL),(86,171,170,26,'TableColumnImport',0,'2016-06-13 20:47:51',NULL,NULL,'2016-06-13 20:47:51','2016-06-13 20:47:51',NULL,NULL),(87,38,170,26,'TableRelationLookup',3,'2016-06-15 16:29:42',NULL,NULL,'2016-06-13 20:48:36','2016-06-15 16:29:42',NULL,NULL),(88,39,171,26,'ColumnAttributeLookup',3,'2016-06-13 20:49:05',NULL,NULL,'2016-06-13 20:49:05','2016-06-13 20:49:05',NULL,NULL),(89,167,169,26,'ModelConnectionImport',1,'2016-06-13 20:49:54',NULL,NULL,'2016-06-13 20:49:54','2016-06-13 20:49:54',NULL,NULL),(90,36,169,26,'ModelImportModel',3,'2016-06-15 16:30:30',NULL,NULL,'2016-06-15 16:30:30','2016-06-15 16:30:30',NULL,NULL),(91,177,178,26,'MappingToValue',0,'2016-06-24 16:00:28',NULL,NULL,'2016-06-24 16:00:28','2016-06-24 16:00:28',NULL,NULL),(92,104,177,26,'MapValueTargetLookup',3,'2016-06-26 20:51:53',NULL,NULL,'2016-06-26 20:51:53','2016-06-26 20:51:53',NULL,NULL),(93,104,177,26,'MapValueSourceLookup',3,'2016-06-26 20:52:13',NULL,NULL,'2016-06-26 20:52:13','2016-06-26 20:52:13',NULL,NULL),(94,38,37,26,'JunctionEntity',3,'2016-07-18 16:05:38',NULL,NULL,'2016-07-18 16:05:38','2016-07-18 16:05:38',NULL,NULL),(95,39,37,26,'ForeignKeyAttribute',3,'2016-07-18 16:06:02',NULL,NULL,'2016-07-18 16:06:02','2016-07-18 16:06:02',NULL,NULL),(96,356,185,50,'batchTobatchdetail',0,'2016-07-22 20:10:30',NULL,NULL,'2016-07-22 20:10:30','2016-07-22 20:10:30',NULL,3531),(97,358,487,62,'teamToparicipant',1,'2016-08-02 02:25:59',NULL,NULL,'2016-07-22 20:13:38','2016-08-02 02:25:59',NULL,3610),(98,359,372,62,'contactToadultprofile',0,'2016-07-22 20:13:38',NULL,NULL,'2016-07-22 20:13:38','2016-07-22 20:13:38',NULL,3614),(99,362,361,62,'batchTobatchdetail',0,'2016-07-22 20:13:39',NULL,NULL,'2016-07-22 20:13:39','2016-07-22 20:13:39',NULL,3646),(100,362,407,62,'itemTobatchdetail',0,'2016-07-22 20:13:39',NULL,NULL,'2016-07-22 20:13:39','2016-07-22 20:13:39',NULL,3647),(101,363,398,62,'fieldloadctrlToblackoutdate',0,'2016-07-22 20:13:39',NULL,NULL,'2016-07-22 20:13:39','2016-07-22 20:13:39',NULL,3654),(102,364,464,62,'serviceTobusinessrule',0,'2016-07-22 20:13:39',NULL,NULL,'2016-07-22 20:13:39','2016-07-22 20:13:39',NULL,3660),(103,366,389,62,'eventitemTocheckinout',0,'2016-07-22 20:13:39',NULL,NULL,'2016-07-22 20:13:39','2016-07-22 20:13:39',NULL,3678),(104,371,371,62,'connectionToconnection',0,'2016-07-22 20:13:39',NULL,NULL,'2016-07-22 20:13:39','2016-07-22 20:13:39',NULL,3711),(105,372,369,62,'companyTocontact',0,'2016-07-22 20:13:39',NULL,NULL,'2016-07-22 20:13:39','2016-07-22 20:13:39',NULL,3714),(106,372,404,62,'householdTocontact',0,'2016-07-22 20:13:39',NULL,NULL,'2016-07-22 20:13:39','2016-07-22 20:13:39',NULL,3724),(107,374,386,62,'eventTocoupon',0,'2016-07-22 20:13:39',NULL,NULL,'2016-07-22 20:13:39','2016-07-22 20:13:39',NULL,3760),(108,376,375,62,'documentTodocumenthist',0,'2016-07-22 20:13:40',NULL,NULL,'2016-07-22 20:13:40','2016-07-22 20:13:40',NULL,3771),(109,377,465,62,'serviceelementToelementsec',0,'2016-07-22 20:13:40',NULL,NULL,'2016-07-22 20:13:40','2016-07-22 20:13:40',NULL,3774),(110,378,379,62,'emailheaderToemaildetail',0,'2016-07-22 20:13:40',NULL,NULL,'2016-07-22 20:13:40','2016-07-22 20:13:40',NULL,3775),(111,382,382,62,'emailtempToemailtemp',0,'2016-07-22 20:13:40',NULL,NULL,'2016-07-22 20:13:40','2016-07-22 20:13:40',NULL,3794),(112,383,381,62,'emailsystemplateToemailtemplat',0,'2016-07-22 20:13:40',NULL,NULL,'2016-07-22 20:13:40','2016-07-22 20:13:40',NULL,3795),(113,383,461,62,'secroleToemailtemplatesec',0,'2016-07-22 20:13:40',NULL,NULL,'2016-07-22 20:13:40','2016-07-22 20:13:40',NULL,3796),(114,383,462,62,'secuserToemailtemplatesec',0,'2016-07-22 20:13:40',NULL,NULL,'2016-07-22 20:13:40','2016-07-22 20:13:40',NULL,3797),(115,384,385,62,'errormasterToerrordetail',0,'2016-07-22 20:13:40',NULL,NULL,'2016-07-22 20:13:40','2016-07-22 20:13:40',NULL,3799),(116,386,459,62,'seasonToevent',0,'2016-07-22 20:13:40',NULL,NULL,'2016-07-22 20:13:40','2016-07-22 20:13:40',NULL,3823),(117,391,425,62,'paymentdtlToeventreg',0,'2016-07-22 20:13:40',NULL,NULL,'2016-07-22 20:13:40','2016-07-22 20:13:40',NULL,3862),(118,394,394,62,'facilityavailableTofacilityava',0,'2016-07-22 20:13:40',NULL,NULL,'2016-07-22 20:13:40','2016-07-22 20:13:40',NULL,3888),(119,394,393,62,'facilityTofacilityavailable',0,'2016-07-22 20:13:40',NULL,NULL,'2016-07-22 20:13:40','2016-07-22 20:13:40',NULL,3889),(120,397,396,62,'fieldTofieldload',0,'2016-07-22 20:13:41',NULL,NULL,'2016-07-22 20:13:41','2016-07-22 20:13:41',NULL,3913),(121,403,402,62,'helpcategoryTohelptopic',0,'2016-07-22 20:13:41',NULL,NULL,'2016-07-22 20:13:41','2016-07-22 20:13:41',NULL,3943),(122,409,364,62,'businessruleToitemqn',0,'2016-07-22 20:13:41',NULL,NULL,'2016-07-22 20:13:41','2016-07-22 20:13:41',NULL,3978),(123,414,415,62,'lookupheaderTolookupdetail',0,'2016-07-22 20:13:41',NULL,NULL,'2016-07-22 20:13:41','2016-07-22 20:13:41',NULL,4019),(124,417,436,62,'preregheaderTomedicalprofile',0,'2016-07-22 20:13:41',NULL,NULL,'2016-07-22 20:13:41','2016-07-22 20:13:41',NULL,4053),(125,418,392,62,'externalTomemberimport',0,'2016-07-22 20:13:41',NULL,NULL,'2016-07-22 20:13:41','2016-07-22 20:13:41',NULL,4055),(126,420,423,62,'menutopsiteTomenugroupsite',0,'2016-07-22 20:13:41',NULL,NULL,'2016-07-22 20:13:41','2016-07-22 20:13:41',NULL,4063),(127,421,420,62,'menugroupsiteTomenuitemsite',0,'2016-07-22 20:13:41',NULL,NULL,'2016-07-22 20:13:41','2016-07-22 20:13:41',NULL,4065),(128,422,421,62,'menuitemsiteTomenuitemsites',0,'2016-07-22 20:13:42',NULL,NULL,'2016-07-22 20:13:42','2016-07-22 20:13:42',NULL,4088),(129,425,374,62,'couponTopaymentdtl',0,'2016-07-22 20:13:42',NULL,NULL,'2016-07-22 20:13:42','2016-07-22 20:13:42',NULL,4102),(130,425,426,62,'paymenthdrTopaymentdtl',0,'2016-07-22 20:13:42',NULL,NULL,'2016-07-22 20:13:42','2016-07-22 20:13:42',NULL,4106),(131,425,439,62,'preregpaydtlTopaymentdtl',0,'2016-07-22 20:13:42',NULL,NULL,'2016-07-22 20:13:42','2016-07-22 20:13:42',NULL,4108),(132,431,454,62,'scheduleToplayerstatistic',0,'2016-07-22 20:13:42',NULL,NULL,'2016-07-22 20:13:42','2016-07-22 20:13:42',NULL,4147),(133,435,408,62,'itemaddTopreregfacility',0,'2016-07-22 20:13:42',NULL,NULL,'2016-07-22 20:13:42','2016-07-22 20:13:42',NULL,4184),(134,435,411,62,'itemtimeslotTopreregfacility',0,'2016-07-22 20:13:42',NULL,NULL,'2016-07-22 20:13:42','2016-07-22 20:13:42',NULL,4185),(135,437,435,62,'preregfacilityTopreregistratio',0,'2016-07-22 20:13:42',NULL,NULL,'2016-07-22 20:13:42','2016-07-22 20:13:42',NULL,4211),(136,437,443,62,'preregteamTopreregistration',0,'2016-07-22 20:13:43',NULL,NULL,'2016-07-22 20:13:43','2016-07-22 20:13:43',NULL,4212),(137,438,409,62,'itemqnTopreregistrationq',0,'2016-07-22 20:13:43',NULL,NULL,'2016-07-22 20:13:43','2016-07-22 20:13:43',NULL,4214),(138,438,437,62,'preregistrationTopreregistrati',0,'2016-07-22 20:13:43',NULL,NULL,'2016-07-22 20:13:43','2016-07-22 20:13:43',NULL,4215),(139,438,440,62,'preregplayerTopreregistrationq',0,'2016-07-22 20:13:43',NULL,NULL,'2016-07-22 20:13:43','2016-07-22 20:13:43',NULL,4216),(140,445,445,62,'queryToquery',0,'2016-07-22 20:13:43',NULL,NULL,'2016-07-22 20:13:43','2016-07-22 20:13:43',NULL,4251),(141,448,510,62,'timeslotToregavail',0,'2016-07-22 20:13:43',NULL,NULL,'2016-07-22 20:13:43','2016-07-22 20:13:43',NULL,4282),(142,451,450,62,'reportheaderToreportheadersec',0,'2016-07-22 20:13:43',NULL,NULL,'2016-07-22 20:13:43','2016-07-22 20:13:43',NULL,4288),(143,453,413,62,'leagueToschedctrl',0,'2016-07-22 20:13:44',NULL,NULL,'2016-07-22 20:13:44','2016-07-22 20:13:44',NULL,4297),(144,468,467,62,'shoutoutToshoutoutbackup',0,'2016-07-22 20:13:44',NULL,NULL,'2016-07-22 20:13:44','2016-07-22 20:13:44',NULL,4372),(145,470,469,62,'shoutoutmediaToshoutoutsecurit',0,'2016-07-22 20:13:44',NULL,NULL,'2016-07-22 20:13:44','2016-07-22 20:13:44',NULL,4375),(146,475,458,62,'schoolTostudentevent',0,'2016-07-22 20:13:44',NULL,NULL,'2016-07-22 20:13:44','2016-07-22 20:13:44',NULL,4408),(147,478,483,62,'surveytemplateTosurveyctrl',0,'2016-07-22 20:13:44',NULL,NULL,'2016-07-22 20:13:44','2016-07-22 20:13:44',NULL,4419),(148,479,480,62,'surveyhdrTosurveydtl',0,'2016-07-22 20:13:44',NULL,NULL,'2016-07-22 20:13:44','2016-07-22 20:13:44',NULL,4425),(149,479,484,62,'surveytemplateqnTosurveydtl',0,'2016-07-22 20:13:44',NULL,NULL,'2016-07-22 20:13:44','2016-07-22 20:13:44',NULL,4426),(150,480,391,62,'eventregTosurveyhdr',0,'2016-07-22 20:13:44',NULL,NULL,'2016-07-22 20:13:44','2016-07-22 20:13:44',NULL,4427),(151,490,489,62,'teamctrlToteamctrladmin',0,'2016-07-22 20:13:45',NULL,NULL,'2016-07-22 20:13:45','2016-07-22 20:13:45',NULL,4494),(152,495,494,62,'teampaymentctrlToteampaymentdt',0,'2016-07-22 20:13:45',NULL,NULL,'2016-07-22 20:13:45','2016-07-22 20:13:45',NULL,4531),(153,500,414,62,'lookupdetailTotextresource',0,'2016-07-22 20:13:45',NULL,NULL,'2016-07-22 20:13:45','2016-07-22 20:13:45',NULL,4559),(154,515,518,62,'volunteertaskTovolunteermaster',0,'2016-07-22 20:13:45',NULL,NULL,'2016-07-22 20:13:45','2016-07-22 20:13:45',NULL,4609),(155,517,516,62,'volunteerschedTovolunteersched',0,'2016-07-22 20:13:46',NULL,NULL,'2016-07-22 20:13:46','2016-07-22 20:13:46',NULL,4616);
/*!40000 ALTER TABLE `association` ENABLE KEYS */;
UNLOCK TABLES;

--
-- Table structure for table `masterproperty`
--

DROP TABLE IF EXISTS `masterproperty`;
/*!40101 SET @saved_cs_client     = @@character_set_client */;
/*!40101 SET character_set_client = utf8 */;
CREATE TABLE `masterproperty` (
  `MASTERPROPERTYID` bigint(20) NOT NULL,
  `MASTERPROPERTYTOGROUP` bigint(20) DEFAULT NULL,
  `MASTERPROPERTYTOTYPE` bigint(20) DEFAULT NULL,
  `DEFAULTVALUE` varchar(40) DEFAULT NULL,
  `NAME` varchar(40) NOT NULL,
  `NOTES` varchar(999) DEFAULT NULL,
  `VERSION` timestamp NOT NULL DEFAULT CURRENT_TIMESTAMP ON UPDATE CURRENT_TIMESTAMP,
  `CREATEDBY` varchar(30) DEFAULT NULL,
  `UPDATEDBY` varchar(30) DEFAULT NULL,
  `CREATEDON` timestamp NULL DEFAULT NULL,
  `UPDATEDON` timestamp NULL DEFAULT NULL,
  PRIMARY KEY (`MASTERPROPERTYID`),
  KEY `fk_MASTERPROPERTYTOTYPE` (`MASTERPROPERTYTOTYPE`),
  KEY `fk_MASTERPROPERTYTOGROUP` (`MASTERPROPERTYTOGROUP`)
) ENGINE=InnoDB DEFAULT CHARSET=latin1;
/*!40101 SET character_set_client = @saved_cs_client */;

--
-- Dumping data for table `masterproperty`
--

LOCK TABLES `masterproperty` WRITE;
/*!40000 ALTER TABLE `masterproperty` DISABLE KEYS */;
INSERT INTO `masterproperty` VALUES (2,7,3,'','Caption','text that appears in user interface','2016-01-12 22:50:06',NULL,NULL,NULL,'2016-01-12 22:50:06'),(3,8,3,NULL,'Type',NULL,'2012-12-20 21:33:36',NULL,NULL,NULL,NULL),(4,7,4,'','ControlType','\"\r\n5,7,3,\"Sequenc','2016-01-13 17:12:52',NULL,NULL,NULL,'2016-01-13 17:12:52'),(5,7,3,NULL,'Sequence',NULL,'2012-12-20 22:36:29',NULL,NULL,NULL,NULL),(6,7,2,'true','AppearsInLists','\r','2016-01-14 21:03:24',NULL,'Fred',NULL,'2016-01-14 21:03:24'),(7,7,5,'','MasterList','\"A ListHeader entity\"\r\n','2012-09-01 23:14:36',NULL,NULL,NULL,NULL),(10,7,2,'1','Testing','just a test','2016-02-27 00:30:52',NULL,NULL,'2016-01-17 19:03:38','2016-02-27 00:30:52'),(11,7,2,'True','Visible','does the field show up on forms','2016-01-18 16:50:04',NULL,NULL,'2016-01-18 16:49:42','2016-01-18 16:50:04'),(12,8,4,NULL,'PrimaryKeyMethod',NULL,'2016-05-01 16:32:18',NULL,NULL,'2016-05-01 16:32:18','2016-05-01 16:32:18'),(13,8,2,NULL,'IsIndexed',NULL,'2016-05-01 16:33:17',NULL,NULL,'2016-05-01 16:33:17','2016-05-01 16:33:17'),(14,8,4,NULL,'DatabaseProvider',NULL,'2016-05-01 16:42:26',NULL,NULL,'2016-05-01 16:42:26','2016-05-01 16:42:26'),(15,8,3,NULL,'ManyToManyEntity',NULL,'2016-05-01 16:43:49',NULL,NULL,'2016-05-01 16:43:49','2016-05-01 16:43:49');
/*!40000 ALTER TABLE `masterproperty` ENABLE KEYS */;
UNLOCK TABLES;
/*!50003 SET @saved_cs_client      = @@character_set_client */ ;
/*!50003 SET @saved_cs_results     = @@character_set_results */ ;
/*!50003 SET @saved_col_connection = @@collation_connection */ ;
/*!50003 SET character_set_client  = utf8 */ ;
/*!50003 SET character_set_results = utf8 */ ;
/*!50003 SET collation_connection  = utf8_general_ci */ ;
/*!50003 SET @saved_sql_mode       = @@sql_mode */ ;
/*!50003 SET sql_mode              = 'STRICT_TRANS_TABLES,NO_AUTO_CREATE_USER,NO_ENGINE_SUBSTITUTION' */ ;
DELIMITER ;;
/*!50003 CREATE*/ /*!50017 DEFINER=`root`@`localhost`*/ /*!50003 TRIGGER trgMasterPropertyDelete
AFTER DELETE
   ON masterproperty FOR EACH ROW

BEGIN

   DELETE FROM masterpropertytocategory where masterpropertytocategory.MASTERPROPERTYID = old.masterpropertyid;

END */;;
DELIMITER ;
/*!50003 SET sql_mode              = @saved_sql_mode */ ;
/*!50003 SET character_set_client  = @saved_cs_client */ ;
/*!50003 SET character_set_results = @saved_cs_results */ ;
/*!50003 SET collation_connection  = @saved_col_connection */ ;

--
-- Table structure for table `mappingvalue`
--

DROP TABLE IF EXISTS `mappingvalue`;
/*!40101 SET @saved_cs_client     = @@character_set_client */;
/*!40101 SET character_set_client = utf8 */;
CREATE TABLE `mappingvalue` (
  `MappingValueId` bigint(20) NOT NULL,
  `VERSION` timestamp NOT NULL DEFAULT CURRENT_TIMESTAMP ON UPDATE CURRENT_TIMESTAMP,
  `CREATEDBY` varchar(30) DEFAULT NULL,
  `UPDATEDBY` varchar(30) DEFAULT NULL,
  `CREATEDON` timestamp NULL DEFAULT NULL,
  `UPDATEDON` timestamp NULL DEFAULT NULL,
  `MappingToValue` bigint(20) DEFAULT NULL,
  `MapValueTargetLookup` bigint(20) DEFAULT NULL,
  `MapValueSourceLookup` bigint(20) DEFAULT NULL,
  `SourceValue` varchar(999) DEFAULT NULL,
  `TargetValue` varchar(999) DEFAULT NULL,
  PRIMARY KEY (`MappingValueId`),
  KEY `FK_MappingToValue` (`MappingToValue`),
  CONSTRAINT `FK_MappingToValue` FOREIGN KEY (`MappingToValue`) REFERENCES `mapping` (`MappingId`) ON DELETE CASCADE
) ENGINE=InnoDB DEFAULT CHARSET=utf8;
/*!40101 SET character_set_client = @saved_cs_client */;

--
-- Dumping data for table `mappingvalue`
--

LOCK TABLES `mappingvalue` WRITE;
/*!40000 ALTER TABLE `mappingvalue` DISABLE KEYS */;
INSERT INTO `mappingvalue` VALUES (2,'2016-07-11 01:00:03',NULL,NULL,'2016-07-08 16:14:59','2016-07-11 01:00:03',3,10,38,NULL,NULL),(3,'2016-07-11 01:00:45',NULL,NULL,'2016-07-10 16:35:26','2016-07-11 01:00:45',3,13,49,NULL,NULL),(4,'2016-07-11 01:01:31',NULL,NULL,'2016-07-11 01:01:31','2016-07-11 01:01:31',3,9,35,NULL,NULL),(5,'2016-07-12 04:04:45',NULL,NULL,'2016-07-12 04:04:45','2016-07-12 04:04:45',4,NULL,NULL,'2','MYSQLIMPORT'),(6,'2016-07-14 01:34:19',NULL,NULL,'2016-07-14 01:33:54','2016-07-14 01:34:19',3,13,53,NULL,NULL),(7,'2016-07-14 01:35:25',NULL,NULL,'2016-07-14 01:35:25','2016-07-14 01:35:25',3,4,33,NULL,NULL),(8,'2016-07-14 01:35:49',NULL,NULL,'2016-07-14 01:35:49','2016-07-14 01:35:49',3,4,34,NULL,NULL),(9,'2016-07-14 01:36:17',NULL,NULL,'2016-07-14 01:36:17','2016-07-14 01:36:17',3,7,48,NULL,NULL),(10,'2016-07-14 01:36:54',NULL,NULL,'2016-07-14 01:36:54','2016-07-14 01:36:54',3,5,43,NULL,NULL),(11,'2016-07-14 01:37:31',NULL,NULL,'2016-07-14 01:37:31','2016-07-14 01:37:31',3,6,40,NULL,NULL),(13,'2016-07-14 01:39:09',NULL,NULL,'2016-07-14 01:39:09','2016-07-14 01:39:09',3,12,42,NULL,NULL),(14,'2016-07-14 01:42:47',NULL,NULL,'2016-07-14 01:42:47','2016-07-14 01:42:47',3,6,39,NULL,NULL),(15,'2016-07-14 02:01:57',NULL,NULL,'2016-07-14 02:01:57','2016-07-14 02:01:57',3,NULL,59,NULL,NULL),(16,'2016-07-14 02:02:47',NULL,NULL,'2016-07-14 02:02:47','2016-07-14 02:02:47',3,11,41,NULL,NULL),(17,'2016-07-14 02:03:30',NULL,NULL,'2016-07-14 02:03:30','2016-07-14 02:03:30',3,3,36,NULL,NULL),(18,'2016-07-14 02:04:11',NULL,NULL,'2016-07-14 02:04:11','2016-07-14 02:04:11',3,3,37,NULL,NULL),(19,'2016-07-14 02:04:46',NULL,NULL,'2016-07-14 02:04:46','2016-07-14 02:04:46',3,13,57,NULL,NULL),(20,'2016-07-14 02:05:10',NULL,NULL,'2016-07-14 02:05:10','2016-07-14 02:05:10',3,14,58,NULL,NULL),(21,'2016-07-14 02:05:28',NULL,NULL,'2016-07-14 02:05:28','2016-07-14 02:05:28',3,13,55,NULL,NULL),(22,'2016-07-14 02:05:54',NULL,NULL,'2016-07-14 02:05:54','2016-07-14 02:05:54',3,3,32,NULL,NULL),(23,'2016-07-14 02:06:18',NULL,NULL,'2016-07-14 02:06:18','2016-07-14 02:06:18',3,14,56,NULL,NULL),(24,'2016-07-14 02:06:38',NULL,NULL,'2016-07-14 02:06:38','2016-07-14 02:06:38',3,NULL,60,NULL,NULL),(25,'2016-07-14 02:06:55',NULL,NULL,'2016-07-14 02:06:55','2016-07-14 02:06:55',3,9,31,NULL,NULL),(26,'2016-07-14 02:07:14',NULL,NULL,'2016-07-14 02:07:14','2016-07-14 02:07:14',3,14,54,NULL,NULL),(27,'2016-07-14 02:07:38',NULL,NULL,'2016-07-14 02:07:38','2016-07-14 02:07:38',3,15,46,NULL,NULL),(28,'2016-07-14 02:07:56',NULL,NULL,'2016-07-14 02:07:56','2016-07-14 02:07:56',3,16,45,NULL,NULL),(29,'2016-07-14 02:08:19',NULL,NULL,'2016-07-14 02:08:19','2016-07-14 02:08:19',3,9,30,NULL,NULL),(30,'2016-07-14 02:08:36',NULL,NULL,'2016-07-14 02:08:36','2016-07-14 02:08:36',3,13,51,NULL,NULL),(31,'2016-07-14 02:08:53',NULL,NULL,'2016-07-14 02:08:53','2016-07-14 02:08:53',3,14,52,NULL,NULL),(32,'2016-07-14 02:09:13',NULL,NULL,'2016-07-14 02:09:13','2016-07-14 02:09:13',3,13,50,NULL,NULL),(33,'2016-07-14 02:09:32',NULL,NULL,'2016-07-14 02:09:32','2016-07-14 02:09:32',3,2,29,NULL,NULL),(34,'2016-07-14 02:09:54',NULL,NULL,'2016-07-14 02:09:54','2016-07-14 02:09:54',3,3,47,NULL,NULL),(35,'2016-07-16 02:34:04',NULL,NULL,'2016-07-16 02:34:04','2016-07-16 02:34:04',3,5,44,NULL,NULL),(36,'2016-07-27 18:08:35',NULL,NULL,'2016-07-27 18:08:35','2016-07-27 18:08:35',4,NULL,NULL,'1','FBIMPORT'),(37,'2016-07-27 18:09:36',NULL,NULL,'2016-07-27 18:09:36','2016-07-27 18:09:36',5,10,61,NULL,NULL),(38,'2016-07-27 18:09:54',NULL,NULL,'2016-07-27 18:09:54','2016-07-27 18:09:54',5,13,73,NULL,NULL),(39,'2016-07-27 18:10:59',NULL,NULL,'2016-07-27 18:10:59','2016-07-27 18:10:59',5,4,74,NULL,NULL),(40,'2016-07-27 18:11:13',NULL,NULL,'2016-07-27 18:11:13','2016-07-27 18:11:13',5,7,62,NULL,NULL),(41,'2016-07-27 18:11:40',NULL,NULL,'2016-07-27 18:11:40','2016-07-27 18:11:40',5,5,69,NULL,NULL),(42,'2016-07-27 18:11:58',NULL,NULL,'2016-07-27 18:11:58','2016-07-27 18:11:58',5,6,66,NULL,NULL),(43,'2016-07-27 18:12:20',NULL,NULL,'2016-07-27 18:12:20','2016-07-27 18:12:20',5,12,68,NULL,NULL),(44,'2016-07-27 18:12:34',NULL,NULL,'2016-07-27 18:12:34','2016-07-27 18:12:34',5,11,67,NULL,NULL),(45,'2016-07-27 18:12:49',NULL,NULL,'2016-07-27 18:12:49','2016-07-27 18:12:49',5,3,64,NULL,NULL),(46,'2016-07-27 18:13:54',NULL,NULL,'2016-07-27 18:13:54','2016-07-27 18:13:54',5,10,70,NULL,NULL),(47,'2016-07-27 18:14:14',NULL,NULL,'2016-07-27 18:14:14','2016-07-27 18:14:14',5,9,65,NULL,NULL),(48,'2016-07-27 18:14:37',NULL,NULL,'2016-07-27 18:14:37','2016-07-27 18:14:37',5,15,71,NULL,NULL),(49,'2016-07-27 18:14:52',NULL,NULL,'2016-07-27 18:14:52','2016-07-27 18:14:52',5,16,72,NULL,NULL),(50,'2016-07-27 18:15:12',NULL,NULL,'2016-07-27 18:15:12','2016-07-27 18:15:12',5,2,63,NULL,NULL),(52,'2016-07-27 18:24:23',NULL,NULL,'2016-07-27 18:24:23','2016-07-27 18:24:23',3,14,75,NULL,NULL),(53,'2016-08-08 16:47:23',NULL,NULL,'2016-08-08 16:47:23','2016-08-08 16:47:23',5,14,75,NULL,NULL);
/*!40000 ALTER TABLE `mappingvalue` ENABLE KEYS */;
UNLOCK TABLES;

--
-- Table structure for table `buildscriptparameter`
--

DROP TABLE IF EXISTS `buildscriptparameter`;
/*!40101 SET @saved_cs_client     = @@character_set_client */;
/*!40101 SET character_set_client = utf8 */;
CREATE TABLE `buildscriptparameter` (
  `BUILDSCRIPTPARAMETERID` bigint(20) NOT NULL,
  `NAME` varchar(999) NOT NULL,
  `VALUE` varchar(999) NOT NULL,
  `BUILDCONTROLLERSCRIPTID` bigint(20) NOT NULL,
  `VERSION` timestamp NOT NULL DEFAULT CURRENT_TIMESTAMP ON UPDATE CURRENT_TIMESTAMP,
  `CREATEDBY` varchar(40) DEFAULT NULL,
  `CREATEDON` date DEFAULT NULL,
  `UPDATEDBY` varchar(40) DEFAULT NULL,
  `UPDATEDON` date DEFAULT NULL,
  PRIMARY KEY (`BUILDSCRIPTPARAMETERID`)
) ENGINE=InnoDB DEFAULT CHARSET=utf8;
/*!40101 SET character_set_client = @saved_cs_client */;

--
-- Dumping data for table `buildscriptparameter`
--

LOCK TABLES `buildscriptparameter` WRITE;
/*!40000 ALTER TABLE `buildscriptparameter` DISABLE KEYS */;
INSERT INTO `buildscriptparameter` VALUES (0,'DatabaseType','MSSQL',2,'2016-05-27 03:33:27',NULL,'2016-05-13',NULL,'2016-05-26'),(1,'IsRelational','False',3,'2016-05-14 04:03:14',NULL,'2016-05-13',NULL,'2016-05-13'),(2,'DatabaseType','MYSQL',3,'2016-05-14 04:08:35',NULL,'2016-05-13',NULL,'2016-05-13'),(3,'AuditFields','False',4,'2016-07-29 16:50:11',NULL,'2016-07-29',NULL,'2016-07-29'),(4,'AuditFields','True',5,'2016-07-29 16:50:40',NULL,'2016-07-29',NULL,'2016-07-29');
/*!40000 ALTER TABLE `buildscriptparameter` ENABLE KEYS */;
UNLOCK TABLES;

--
-- Table structure for table `screenartifact`
--

DROP TABLE IF EXISTS `screenartifact`;
/*!40101 SET @saved_cs_client     = @@character_set_client */;
/*!40101 SET character_set_client = utf8 */;
CREATE TABLE `screenartifact` (
  `SCREENARTIFACTID` bigint(20) NOT NULL,
  `ARTIFACTTOATTRIBUTE` bigint(20) DEFAULT NULL,
  `FAMILYTOARTIFACT` bigint(20) DEFAULT NULL,
  `CHILDTOARTIFACT` bigint(20) DEFAULT NULL,
  `NAME` varchar(40) NOT NULL,
  `VERSION` timestamp NOT NULL DEFAULT CURRENT_TIMESTAMP ON UPDATE CURRENT_TIMESTAMP,
  `CREATEDBY` varchar(30) DEFAULT NULL,
  `UPDATEDBY` varchar(30) DEFAULT NULL,
  `CREATEDON` timestamp NULL DEFAULT NULL,
  `UPDATEDON` timestamp NULL DEFAULT NULL,
  PRIMARY KEY (`SCREENARTIFACTID`),
  KEY `fk_FAMILYTOARTIFACT` (`FAMILYTOARTIFACT`),
  KEY `fk_CHILDTOARTIFACT` (`CHILDTOARTIFACT`),
  CONSTRAINT `fk_CHILDTOARTIFACT` FOREIGN KEY (`CHILDTOARTIFACT`) REFERENCES `screenchild` (`SCREENCHILDID`) ON DELETE CASCADE ON UPDATE NO ACTION,
  CONSTRAINT `fk_FAMILYTOARTIFACT` FOREIGN KEY (`FAMILYTOARTIFACT`) REFERENCES `screenfamily` (`SCREENFAMILYID`) ON DELETE CASCADE ON UPDATE NO ACTION
) ENGINE=InnoDB DEFAULT CHARSET=latin1;
/*!40101 SET character_set_client = @saved_cs_client */;

--
-- Dumping data for table `screenartifact`
--

LOCK TABLES `screenartifact` WRITE;
/*!40000 ALTER TABLE `screenartifact` DISABLE KEYS */;
INSERT INTO `screenartifact` VALUES (42,204,NULL,15,'servicePort','2012-12-27 16:54:06',NULL,NULL,NULL,NULL),(43,203,NULL,15,'serviceHost','2012-12-27 16:54:06',NULL,NULL,NULL,NULL),(44,163,NULL,15,'packagecom','2012-12-27 16:54:06',NULL,NULL,NULL,NULL),(45,196,NULL,15,'hostplatform','2012-12-27 16:54:06',NULL,NULL,NULL,NULL),(46,162,NULL,15,'persistencename','2012-12-27 16:54:06',NULL,NULL,NULL,NULL),(47,161,NULL,15,'warname','2012-12-27 16:54:06',NULL,NULL,NULL,NULL),(48,198,NULL,15,'MembershipDatabase','2012-12-27 16:54:06',NULL,NULL,NULL,NULL),(49,160,NULL,15,'ebjname','2012-12-27 16:54:06',NULL,NULL,NULL,NULL),(50,193,NULL,15,'toolspath','2012-12-27 16:54:06',NULL,NULL,NULL,NULL),(51,192,NULL,15,'templatepath','2012-12-27 16:54:06',NULL,NULL,NULL,NULL),(52,195,NULL,15,'servertype','2012-12-27 16:54:06',NULL,NULL,NULL,NULL),(53,194,NULL,15,'libpath','2012-12-27 16:54:06',NULL,NULL,NULL,NULL),(54,164,NULL,15,'packagedot','2012-12-27 16:54:06',NULL,NULL,NULL,NULL),(55,187,NULL,15,'host','2012-12-27 16:54:06',NULL,NULL,NULL,NULL),(56,190,NULL,15,'databaseName','2012-12-27 16:54:06',NULL,NULL,NULL,NULL),(57,191,NULL,15,'membershipserver','2012-12-27 16:54:06',NULL,NULL,NULL,NULL),(58,158,NULL,15,'Name','2012-12-27 16:54:06',NULL,NULL,NULL,NULL),(59,188,NULL,15,'port','2012-12-27 16:54:06',NULL,NULL,NULL,NULL),(60,159,NULL,15,'ProjectPath','2012-12-27 16:54:06',NULL,NULL,NULL,NULL),(61,189,NULL,15,'databaseserver','2012-12-27 16:54:06',NULL,NULL,NULL,NULL),(63,64,9,NULL,'name','2013-04-07 15:53:53',NULL,'paulm',NULL,'2013-04-07 15:53:53'),(65,177,17,NULL,'Name','2012-12-30 20:20:36',NULL,NULL,NULL,NULL),(66,178,NULL,32,'Code','2012-12-30 20:21:01',NULL,NULL,NULL,NULL),(67,179,NULL,32,'Label','2012-12-30 20:21:01',NULL,NULL,NULL,NULL),(68,69,NULL,10,'name','2012-12-31 22:43:49',NULL,NULL,NULL,NULL),(69,70,NULL,10,'lastmodified','2012-12-31 22:43:49',NULL,NULL,NULL,NULL),(70,71,NULL,10,'lastbuilt','2012-12-31 22:43:49',NULL,NULL,NULL,NULL),(71,72,NULL,10,'frozen','2012-12-31 22:43:49',NULL,NULL,NULL,NULL),(72,76,NULL,9,'allownull','2012-12-31 23:23:42',NULL,NULL,NULL,NULL),(73,73,NULL,9,'name','2012-12-31 23:23:42',NULL,NULL,NULL,NULL),(74,74,NULL,9,'type','2012-12-31 23:23:42',NULL,NULL,NULL,NULL),(75,75,NULL,9,'attributelength','2012-12-31 23:23:42',NULL,NULL,NULL,NULL),(76,166,NULL,14,'Name','2012-12-31 23:25:03',NULL,NULL,NULL,NULL),(77,173,10,NULL,'Notes','2013-01-01 00:10:09',NULL,NULL,NULL,NULL),(78,172,10,NULL,'DefaultValue','2013-01-01 00:10:09',NULL,NULL,NULL,NULL),(79,146,10,NULL,'Name','2013-01-01 00:10:09',NULL,NULL,NULL,NULL),(80,175,NULL,30,'Code','2013-01-01 00:10:23',NULL,NULL,NULL,NULL),(81,174,NULL,30,'Name','2013-01-01 00:10:23',NULL,NULL,NULL,NULL),(82,176,NULL,30,'Display','2013-01-01 00:10:23',NULL,NULL,NULL,NULL),(83,147,12,NULL,'Name','2013-01-01 00:10:39',NULL,NULL,NULL,NULL),(84,152,13,NULL,'Name','2013-01-01 00:10:47',NULL,NULL,NULL,NULL),(85,153,13,NULL,'DisplayControl','2013-01-01 00:10:47',NULL,NULL,NULL,NULL),(86,154,13,NULL,'Notes','2013-01-01 00:10:47',NULL,NULL,NULL,NULL),(87,148,14,NULL,'Name','2013-01-01 00:11:03',NULL,NULL,NULL,NULL),(88,65,NULL,11,'Name','2013-01-01 00:11:38',NULL,NULL,NULL,NULL),(89,66,NULL,11,'type','2013-01-01 00:19:25',NULL,NULL,NULL,NULL),(90,165,NULL,13,'Name','2013-01-01 00:11:50',NULL,NULL,NULL,NULL),(91,150,NULL,25,'PropertyValue','2013-01-01 00:47:31',NULL,NULL,NULL,NULL),(92,157,NULL,26,'Name','2013-01-01 00:47:50',NULL,NULL,NULL,NULL),(93,166,NULL,17,'Name','2013-01-01 00:48:19',NULL,NULL,NULL,NULL),(94,150,NULL,29,'PropertyValue','2013-01-01 00:48:30',NULL,NULL,NULL,NULL),(95,157,NULL,28,'Name','2013-01-01 00:48:40',NULL,NULL,NULL,NULL),(96,150,NULL,36,'PropertyValue','2013-01-01 00:49:06',NULL,NULL,NULL,NULL),(97,157,NULL,37,'Name','2013-01-01 00:49:16',NULL,NULL,NULL,NULL),(102,141,6,NULL,'UserName','2013-01-07 21:51:27',NULL,NULL,NULL,NULL),(103,143,6,NULL,'AppID','2013-01-07 21:51:27',NULL,NULL,NULL,NULL),(104,142,6,NULL,'Password','2013-01-07 21:51:27',NULL,NULL,NULL,NULL),(105,144,6,NULL,'Email','2013-01-07 21:51:27',NULL,NULL,NULL,NULL),(106,139,7,NULL,'Name','2013-01-07 21:51:47',NULL,NULL,NULL,NULL),(107,140,7,NULL,'AppID','2013-01-07 21:51:47',NULL,NULL,NULL,NULL),(109,6,20,NULL,'myname','2013-01-29 23:13:06',NULL,NULL,NULL,NULL),(115,7,NULL,119,'PropertyValue','2015-12-18 19:49:19','system','system','2015-12-18 19:49:19','2015-12-18 19:49:19'),(122,149,NULL,31,'PropertyValue','2015-12-18 19:49:23','system','system','2015-12-18 19:49:23','2015-12-18 19:49:23'),(124,146,NULL,120,'Name','2015-12-18 19:59:26','system','system','2015-12-18 19:59:26','2015-12-18 19:59:26'),(125,172,NULL,120,'DefaultValue','2015-12-18 19:59:26','system','system','2015-12-18 19:59:26','2015-12-18 19:59:26'),(126,173,NULL,120,'Notes','2015-12-18 19:59:26','system','system','2015-12-18 19:59:26','2015-12-18 19:59:26'),(127,147,NULL,121,'Name','2015-12-18 19:59:26','system','system','2015-12-18 19:59:26','2015-12-18 19:59:26'),(128,174,NULL,122,'Name','2015-12-18 19:59:26','system','system','2015-12-18 19:59:26','2015-12-18 19:59:26'),(129,175,NULL,122,'Code','2015-12-18 19:59:26','system','system','2015-12-18 19:59:26','2015-12-18 19:59:26'),(130,176,NULL,122,'Display','2015-12-18 19:59:26','system','system','2015-12-18 19:59:26','2015-12-18 19:59:26'),(131,149,NULL,123,'PropertyValue','2015-12-18 19:59:26','system','system','2015-12-18 19:59:26','2015-12-18 19:59:26'),(132,146,NULL,124,'Name','2015-12-18 19:59:26','system','system','2015-12-18 19:59:26','2015-12-18 19:59:26'),(133,172,NULL,124,'DefaultValue','2015-12-18 19:59:26','system','system','2015-12-18 19:59:26','2015-12-18 19:59:26'),(134,173,NULL,124,'Notes','2015-12-18 19:59:26','system','system','2015-12-18 19:59:26','2015-12-18 19:59:26'),(135,147,NULL,125,'Name','2015-12-18 19:59:26','system','system','2015-12-18 19:59:26','2015-12-18 19:59:26'),(136,174,NULL,126,'Name','2015-12-18 19:59:26','system','system','2015-12-18 19:59:26','2015-12-18 19:59:26'),(137,175,NULL,126,'Code','2015-12-18 19:59:26','system','system','2015-12-18 19:59:26','2015-12-18 19:59:26'),(138,176,NULL,126,'Display','2015-12-18 19:59:26','system','system','2015-12-18 19:59:26','2015-12-18 19:59:26'),(139,146,NULL,127,'Name','2015-12-18 19:59:26','system','system','2015-12-18 19:59:26','2015-12-18 19:59:26'),(140,172,NULL,127,'DefaultValue','2015-12-18 19:59:26','system','system','2015-12-18 19:59:26','2015-12-18 19:59:26'),(141,173,NULL,127,'Notes','2015-12-18 19:59:26','system','system','2015-12-18 19:59:26','2015-12-18 19:59:26'),(142,147,NULL,128,'Name','2015-12-18 19:59:27','system','system','2015-12-18 19:59:27','2015-12-18 19:59:27'),(143,174,NULL,129,'Name','2015-12-18 19:59:27','system','system','2015-12-18 19:59:27','2015-12-18 19:59:27'),(144,175,NULL,129,'Code','2015-12-18 19:59:27','system','system','2015-12-18 19:59:27','2015-12-18 19:59:27'),(145,176,NULL,129,'Display','2015-12-18 19:59:27','system','system','2015-12-18 19:59:27','2015-12-18 19:59:27'),(146,146,NULL,130,'Name','2015-12-18 19:59:27','system','system','2015-12-18 19:59:27','2015-12-18 19:59:27'),(147,172,NULL,130,'DefaultValue','2015-12-18 19:59:27','system','system','2015-12-18 19:59:27','2015-12-18 19:59:27'),(148,173,NULL,130,'Notes','2015-12-18 19:59:27','system','system','2015-12-18 19:59:27','2015-12-18 19:59:27'),(149,147,NULL,131,'Name','2015-12-18 19:59:27','system','system','2015-12-18 19:59:27','2015-12-18 19:59:27'),(150,174,NULL,132,'Name','2015-12-18 19:59:27','system','system','2015-12-18 19:59:27','2015-12-18 19:59:27'),(151,175,NULL,132,'Code','2015-12-18 19:59:27','system','system','2015-12-18 19:59:27','2015-12-18 19:59:27'),(152,176,NULL,132,'Display','2015-12-18 19:59:27','system','system','2015-12-18 19:59:27','2015-12-18 19:59:27'),(153,149,NULL,133,'PropertyValue','2015-12-18 19:59:27','system','system','2015-12-18 19:59:27','2015-12-18 19:59:27'),(154,146,NULL,134,'Name','2015-12-18 19:59:27','system','system','2015-12-18 19:59:27','2015-12-18 19:59:27'),(155,172,NULL,134,'DefaultValue','2015-12-18 19:59:27','system','system','2015-12-18 19:59:27','2015-12-18 19:59:27'),(156,173,NULL,134,'Notes','2015-12-18 19:59:27','system','system','2015-12-18 19:59:27','2015-12-18 19:59:27'),(157,147,NULL,135,'Name','2015-12-18 19:59:27','system','system','2015-12-18 19:59:27','2015-12-18 19:59:27'),(158,174,NULL,136,'Name','2015-12-18 19:59:27','system','system','2015-12-18 19:59:27','2015-12-18 19:59:27'),(159,175,NULL,136,'Code','2015-12-18 19:59:27','system','system','2015-12-18 19:59:27','2015-12-18 19:59:27'),(160,176,NULL,136,'Display','2015-12-18 19:59:27','system','system','2015-12-18 19:59:27','2015-12-18 19:59:27'),(161,149,NULL,27,'PropertyValue','2015-12-18 19:59:27','system','system','2015-12-18 19:59:27','2015-12-18 19:59:27'),(162,146,NULL,137,'Name','2015-12-18 19:59:27','system','system','2015-12-18 19:59:27','2015-12-18 19:59:27'),(163,172,NULL,137,'DefaultValue','2015-12-18 19:59:27','system','system','2015-12-18 19:59:27','2015-12-18 19:59:27'),(164,173,NULL,137,'Notes','2015-12-18 19:59:27','system','system','2015-12-18 19:59:27','2015-12-18 19:59:27'),(165,147,NULL,138,'Name','2015-12-18 19:59:27','system','system','2015-12-18 19:59:27','2015-12-18 19:59:27'),(166,174,NULL,139,'Name','2015-12-18 19:59:27','system','system','2015-12-18 19:59:27','2015-12-18 19:59:27'),(167,175,NULL,139,'Code','2015-12-18 19:59:27','system','system','2015-12-18 19:59:27','2015-12-18 19:59:27'),(168,176,NULL,139,'Display','2015-12-18 19:59:27','system','system','2015-12-18 19:59:27','2015-12-18 19:59:27'),(170,147,NULL,141,'Name','2015-12-18 20:20:49','system','system','2015-12-18 20:20:49','2015-12-18 20:20:49'),(171,139,NULL,142,'Name','2015-12-22 04:34:39','system','system','2015-12-22 04:34:39','2015-12-22 04:34:39'),(172,140,NULL,142,'AppID','2015-12-22 04:34:39','system','system','2015-12-22 04:34:39','2015-12-22 04:34:39'),(173,6,4,NULL,'myname','2015-12-24 21:06:36','system','system','2015-12-24 21:06:36','2015-12-24 21:06:36'),(174,14,NULL,143,'test','2015-12-24 21:06:36','system','system','2015-12-24 21:06:36','2015-12-24 21:06:36'),(175,225,23,NULL,'FirstName','2016-01-01 19:44:58','system','system','2016-01-01 19:44:58','2016-01-01 19:44:58'),(176,226,23,NULL,'LastName','2016-01-01 19:44:58','system','system','2016-01-01 19:44:58','2016-01-01 19:44:58'),(178,227,24,NULL,'Name','2016-01-02 00:30:33','system','system','2016-01-02 00:30:33','2016-01-02 00:30:33'),(179,228,25,NULL,'FirstName','2016-01-02 00:32:04','system','system','2016-01-02 00:32:04','2016-01-02 00:32:04'),(180,15,26,NULL,'ImageName','2016-01-05 17:33:22','system','system','2016-01-05 17:33:22','2016-01-05 17:33:22'),(181,248,27,NULL,'first_name','2016-01-18 16:41:17','system','system','2016-01-18 16:41:17','2016-01-18 16:41:17'),(182,249,27,NULL,'last_name','2016-01-18 16:41:17','system','system','2016-01-18 16:41:17','2016-01-18 16:41:17'),(183,250,27,NULL,'last_update','2016-01-18 16:41:17','system','system','2016-01-18 16:41:17','2016-01-18 16:41:17'),(184,251,28,NULL,'address','2016-01-18 16:46:53','system','system','2016-01-18 16:46:53','2016-01-18 16:46:53'),(185,253,28,NULL,'address2','2016-01-18 16:46:53','system','system','2016-01-18 16:46:53','2016-01-18 16:46:53'),(186,254,28,NULL,'district','2016-01-18 16:46:53','system','system','2016-01-18 16:46:53','2016-01-18 16:46:53'),(187,255,28,NULL,'postal_code','2016-01-18 16:46:53','system','system','2016-01-18 16:46:53','2016-01-18 16:46:53'),(188,256,28,NULL,'phone','2016-01-18 16:46:53','system','system','2016-01-18 16:46:53','2016-01-18 16:46:53'),(189,258,NULL,144,'city','2016-01-18 16:46:54','system','system','2016-01-18 16:46:54','2016-01-18 16:46:54'),(190,257,29,NULL,'Name','2016-01-18 19:47:57','system','system','2016-01-18 19:47:57','2016-01-18 19:47:57'),(191,170,30,NULL,'testattribute','2016-01-19 02:50:11','system','system','2016-01-19 02:50:11','2016-01-19 02:50:11'),(192,215,NULL,145,'Second','2016-01-19 02:50:11','system','system','2016-01-19 02:50:11','2016-01-19 02:50:11'),(193,170,31,NULL,'testattribute','2016-01-19 17:48:22','system','system','2016-01-19 17:48:22','2016-01-19 17:48:22'),(194,215,NULL,146,'Second','2016-01-19 17:48:22','system','system','2016-01-19 17:48:22','2016-01-19 17:48:22'),(195,215,31,NULL,'Second','2016-01-19 17:48:30','system','system','2016-01-19 17:48:30','2016-01-19 17:48:30'),(196,278,32,NULL,'FirstName','2016-01-20 22:04:26','system','system','2016-01-20 22:04:26','2016-01-20 22:04:26'),(197,260,34,NULL,'first_name','2016-02-19 19:56:41','system','system','2016-02-19 19:56:41','2016-02-19 19:56:41'),(198,261,34,NULL,'last_name','2016-02-19 19:56:41','system','system','2016-02-19 19:56:41','2016-02-19 19:56:41'),(199,262,34,NULL,'email','2016-02-19 19:56:41','system','system','2016-02-19 19:56:41','2016-02-19 19:56:41'),(200,263,34,NULL,'active','2016-02-19 19:56:41','system','system','2016-02-19 19:56:41','2016-02-19 19:56:41'),(201,251,NULL,147,'address','2016-02-19 19:56:41','system','system','2016-02-19 19:56:41','2016-02-19 19:56:41'),(202,253,NULL,147,'address2','2016-02-19 19:56:41','system','system','2016-02-19 19:56:41','2016-02-19 19:56:41'),(203,254,NULL,147,'district','2016-02-19 19:56:41','system','system','2016-02-19 19:56:41','2016-02-19 19:56:41'),(204,255,NULL,147,'postal_code','2016-02-19 19:56:41','system','system','2016-02-19 19:56:41','2016-02-19 19:56:41'),(205,256,NULL,147,'phone','2016-02-19 19:56:41','system','system','2016-02-19 19:56:41','2016-02-19 19:56:41'),(206,230,35,NULL,'Abraham','2016-05-02 16:35:01','system','system','2016-05-02 16:35:01','2016-05-02 16:35:01');
/*!40000 ALTER TABLE `screenartifact` ENABLE KEYS */;
UNLOCK TABLES;

--
-- Table structure for table `screenpropertyvalue`
--

DROP TABLE IF EXISTS `screenpropertyvalue`;
/*!40101 SET @saved_cs_client     = @@character_set_client */;
/*!40101 SET character_set_client = utf8 */;
CREATE TABLE `screenpropertyvalue` (
  `SCREENPROPERTYVALUEID` bigint(20) NOT NULL,
  `SCREENPROPVALUETOPROPERTY` bigint(20) DEFAULT NULL,
  `FAMILYTOSCREENPROPVALUE` bigint(20) DEFAULT NULL,
  `CHILDTOSCREENPROPVALUE` bigint(20) DEFAULT NULL,
  `PROPERTYVALUE` varchar(2000) NOT NULL,
  `VERSION` timestamp NOT NULL DEFAULT CURRENT_TIMESTAMP ON UPDATE CURRENT_TIMESTAMP,
  `CREATEDBY` varchar(30) DEFAULT NULL,
  `UPDATEDBY` varchar(30) DEFAULT NULL,
  `CREATEDON` timestamp NULL DEFAULT NULL,
  `UPDATEDON` timestamp NULL DEFAULT NULL,
  PRIMARY KEY (`SCREENPROPERTYVALUEID`),
  KEY `fk_FAMILYTOSCREENPROPVALUE` (`FAMILYTOSCREENPROPVALUE`),
  KEY `fk_CHILDTOSCREENPROPVALUE` (`CHILDTOSCREENPROPVALUE`),
  CONSTRAINT `fk_CHILDTOSCREENPROPVALUE` FOREIGN KEY (`CHILDTOSCREENPROPVALUE`) REFERENCES `screenchild` (`SCREENCHILDID`) ON DELETE CASCADE ON UPDATE NO ACTION,
  CONSTRAINT `fk_FAMILYTOSCREENPROPVALUE` FOREIGN KEY (`FAMILYTOSCREENPROPVALUE`) REFERENCES `screenfamily` (`SCREENFAMILYID`) ON DELETE CASCADE ON UPDATE NO ACTION
) ENGINE=InnoDB DEFAULT CHARSET=latin1;
/*!40101 SET character_set_client = @saved_cs_client */;

--
-- Dumping data for table `screenpropertyvalue`
--

LOCK TABLES `screenpropertyvalue` WRITE;
/*!40000 ALTER TABLE `screenpropertyvalue` DISABLE KEYS */;
INSERT INTO `screenpropertyvalue` VALUES (1,5,9,NULL,'2','2015-12-24 19:21:33',NULL,NULL,NULL,'2015-12-24 19:21:33'),(2,5,NULL,10,'2','2012-12-31 22:58:21',NULL,NULL,NULL,NULL),(3,5,NULL,9,'1','2012-12-31 23:20:05',NULL,NULL,NULL,NULL),(4,5,NULL,14,'2','2012-12-31 23:26:34',NULL,NULL,NULL,NULL),(5,2,9,NULL,'Screen Family','2015-12-24 19:21:33',NULL,NULL,NULL,'2015-12-24 19:21:33'),(6,2,10,NULL,'Master Property','2015-12-08 21:15:39',NULL,NULL,NULL,'2015-12-08 21:15:39'),(7,2,12,NULL,'Master Category','2015-12-08 21:15:48',NULL,NULL,NULL,'2015-12-08 21:15:48'),(8,2,13,NULL,'Property Type','2015-12-08 21:15:51',NULL,NULL,NULL,'2015-12-08 21:15:51'),(9,2,14,NULL,'Property Group','2015-12-08 21:15:55',NULL,NULL,NULL,'2015-12-08 21:15:55'),(10,2,NULL,26,'Family Artifacts','2013-01-01 00:55:28',NULL,NULL,NULL,NULL),(11,2,NULL,25,'Screen Properties','2013-01-01 00:55:40',NULL,NULL,NULL,NULL),(12,2,NULL,14,'Screen Child','2013-01-01 00:55:53',NULL,NULL,NULL,NULL),(17,5,10,NULL,'1','2015-12-08 21:15:39','testing','testing','2015-12-08 21:15:39','2015-12-08 21:15:39'),(18,5,12,NULL,'1','2015-12-08 21:15:48','testing','testing','2015-12-08 21:15:48','2015-12-08 21:15:48'),(19,5,13,NULL,'1','2015-12-08 21:15:51','testing','testing','2015-12-08 21:15:51','2015-12-08 21:15:51'),(20,5,14,NULL,'1','2015-12-08 21:15:55','testing','testing','2015-12-08 21:15:55','2015-12-08 21:15:55'),(21,5,17,NULL,'1','2015-12-09 02:29:16','testing','testing','2015-12-09 02:29:16','2015-12-09 02:29:16'),(26,2,27,NULL,'Actor','2016-01-20 16:49:30','testing','testing','2016-01-20 16:49:16','2016-01-20 16:49:30'),(27,5,27,NULL,'1','2016-01-20 16:49:30','testing','testing','2016-01-20 16:49:30','2016-01-20 16:49:30'),(29,2,34,NULL,'Customer','2016-02-20 05:25:04',NULL,NULL,'2016-02-19 20:35:43','2016-02-20 05:25:04'),(30,5,34,NULL,'1','2016-02-20 05:25:04',NULL,NULL,'2016-02-19 20:35:57','2016-02-20 05:25:04'),(31,2,NULL,147,'Address','2016-02-20 05:25:20',NULL,NULL,'2016-02-20 05:25:20','2016-02-20 05:25:20'),(32,5,NULL,147,'1','2016-02-20 05:25:20',NULL,NULL,'2016-02-20 05:25:20','2016-02-20 05:25:20'),(33,2,NULL,148,'Payment','2016-02-20 05:26:23',NULL,NULL,'2016-02-20 05:26:23','2016-02-20 05:26:23'),(34,5,NULL,148,'2','2016-02-20 05:26:24',NULL,NULL,'2016-02-20 05:26:24','2016-02-20 05:26:24'),(35,2,NULL,150,'Rental','2016-02-20 05:26:39',NULL,NULL,'2016-02-20 05:26:39','2016-02-20 05:26:39'),(36,5,NULL,150,'3','2016-02-20 05:26:39',NULL,NULL,'2016-02-20 05:26:39','2016-02-20 05:26:39'),(37,2,23,NULL,'Contact','2016-05-02 16:33:43',NULL,NULL,'2016-05-02 16:11:06','2016-05-02 16:33:43'),(38,10,23,NULL,'1','2016-05-02 16:33:43',NULL,NULL,'2016-05-02 16:11:06','2016-05-02 16:33:43'),(39,3,23,NULL,'MudYard','2016-05-02 16:33:43',NULL,NULL,'2016-05-02 16:33:43','2016-05-02 16:33:43'),(40,10,35,NULL,'1','2016-05-02 16:35:13',NULL,NULL,'2016-05-02 16:35:13','2016-05-02 16:35:13'),(41,3,35,NULL,'ZebYard','2016-05-02 16:35:13',NULL,NULL,'2016-05-02 16:35:13','2016-05-02 16:35:13'),(42,10,NULL,151,'1','2016-05-02 16:35:58',NULL,NULL,'2016-05-02 16:35:26','2016-05-02 16:35:58'),(43,3,NULL,151,'YakYard','2016-05-02 16:35:58',NULL,NULL,'2016-05-02 16:35:26','2016-05-02 16:35:58'),(44,2,NULL,151,'Yak Crossing','2016-05-02 16:35:58',NULL,NULL,'2016-05-02 16:35:58','2016-05-02 16:35:58'),(45,5,NULL,151,'1','2016-05-02 16:35:58',NULL,NULL,'2016-05-02 16:35:58','2016-05-02 16:35:58');
/*!40000 ALTER TABLE `screenpropertyvalue` ENABLE KEYS */;
UNLOCK TABLES;

--
-- Table structure for table `artifactpropertyvalue`
--

DROP TABLE IF EXISTS `artifactpropertyvalue`;
/*!40101 SET @saved_cs_client     = @@character_set_client */;
/*!40101 SET character_set_client = utf8 */;
CREATE TABLE `artifactpropertyvalue` (
  `ARTIFACTPROPERTYVALUEID` bigint(20) NOT NULL,
  `ARTIFACTPROPVALUETOPROPERTY` bigint(20) DEFAULT NULL,
  `ARTIFACTTOPROPERTYVALUE` bigint(20) DEFAULT NULL,
  `SCREENARTIFACTTOPROPERTYVALUE` bigint(20) DEFAULT NULL,
  `PROPERTYVALUE` varchar(2000) NOT NULL,
  `VERSION` timestamp NOT NULL DEFAULT CURRENT_TIMESTAMP ON UPDATE CURRENT_TIMESTAMP,
  `CREATEDBY` varchar(30) DEFAULT NULL,
  `UPDATEDBY` varchar(30) DEFAULT NULL,
  `CREATEDON` timestamp NULL DEFAULT NULL,
  `UPDATEDON` timestamp NULL DEFAULT NULL,
  PRIMARY KEY (`ARTIFACTPROPERTYVALUEID`)
) ENGINE=InnoDB DEFAULT CHARSET=latin1;
/*!40101 SET character_set_client = @saved_cs_client */;

--
-- Dumping data for table `artifactpropertyvalue`
--

LOCK TABLES `artifactpropertyvalue` WRITE;
/*!40000 ALTER TABLE `artifactpropertyvalue` DISABLE KEYS */;
INSERT INTO `artifactpropertyvalue` VALUES (1,2,NULL,63,'Name','2012-12-31 23:10:58',NULL,NULL,NULL,NULL),(2,6,NULL,63,'true','2012-12-31 23:10:58',NULL,NULL,NULL,NULL),(3,7,NULL,63,'-1','2012-12-31 23:10:58',NULL,NULL,NULL,NULL),(4,6,89,NULL,'true','2013-01-01 00:19:25',NULL,NULL,NULL,NULL),(5,7,89,NULL,'4','2013-01-01 00:19:25',NULL,NULL,NULL,NULL),(6,4,63,NULL,'TextBox','2016-01-09 17:15:49','paulm',NULL,'2013-04-07 15:53:52','2016-01-09 17:15:49'),(7,2,63,NULL,'Name','2016-01-09 17:15:49','paulm',NULL,'2013-04-07 15:53:53','2016-01-09 17:15:49'),(8,5,63,NULL,'1','2016-01-09 17:15:49','paulm',NULL,'2013-04-07 15:53:53','2016-01-09 17:15:49'),(9,6,63,NULL,'True','2016-01-09 17:15:49','paulm',NULL,'2013-04-07 15:53:53','2016-01-09 17:15:49'),(10,7,63,NULL,'-1','2016-01-09 17:15:49','paulm',NULL,'2013-04-07 15:53:53','2016-01-09 17:15:49'),(16,6,175,NULL,'true','2016-05-02 16:11:22','testing','testing','2016-01-01 19:45:26','2016-05-02 16:11:22'),(17,2,175,NULL,'First Name','2016-05-02 16:11:23','testing','testing','2016-01-01 19:45:26','2016-05-02 16:11:23'),(18,4,175,NULL,'Checkbox','2016-05-02 16:11:23','testing','testing','2016-01-01 19:45:26','2016-05-02 16:11:23'),(19,5,175,NULL,'1','2016-05-02 16:11:23','testing','testing','2016-01-01 19:45:26','2016-05-02 16:11:23'),(20,6,176,NULL,'True','2016-01-04 01:14:44','testing','testing','2016-01-01 19:45:47','2016-01-04 01:14:44'),(21,2,176,NULL,'Last Name','2016-01-04 01:14:44','testing','testing','2016-01-01 19:45:47','2016-01-04 01:14:44'),(22,4,176,NULL,'TextBox','2016-01-04 01:14:44','testing','testing','2016-01-01 19:45:47','2016-01-04 01:14:44'),(23,5,176,NULL,'3','2016-01-04 01:14:44','testing','testing','2016-01-01 19:45:47','2016-01-04 01:14:44'),(24,6,179,NULL,'True','2016-01-02 00:37:57','testing','testing','2016-01-02 00:32:27','2016-01-02 00:37:57'),(25,2,179,NULL,'fred','2016-01-02 00:37:57','testing','testing','2016-01-02 00:32:27','2016-01-02 00:37:57'),(26,4,179,NULL,'TextBox','2016-01-02 00:37:57','testing','testing','2016-01-02 00:32:27','2016-01-02 00:37:57'),(27,6,178,NULL,'True','2016-01-02 17:57:04','testing','testing','2016-01-02 17:57:04','2016-01-02 17:57:04'),(28,4,178,NULL,'TextBox','2016-01-02 17:57:04','testing','testing','2016-01-02 17:57:04','2016-01-02 17:57:04'),(29,6,180,NULL,'True','2016-01-05 17:33:33','testing','testing','2016-01-05 17:33:33','2016-01-05 17:33:33'),(30,6,183,NULL,'true','2016-01-18 16:43:22','testing','testing','2016-01-18 16:43:22','2016-01-18 16:43:22'),(31,2,183,NULL,'Last Update','2016-01-18 16:43:22','testing','testing','2016-01-18 16:43:22','2016-01-18 16:43:22'),(32,4,183,NULL,'TextBox','2016-01-18 16:43:32','testing','testing','2016-01-18 16:43:32','2016-01-18 16:43:32'),(33,5,183,NULL,'3','2016-01-18 16:43:32','testing','testing','2016-01-18 16:43:32','2016-01-18 16:43:32'),(34,6,181,NULL,'true','2016-01-20 17:18:29','testing','testing','2016-01-20 17:18:29','2016-01-20 17:18:29'),(35,2,181,NULL,'First Name','2016-01-20 17:18:29','testing','testing','2016-01-20 17:18:29','2016-01-20 17:18:29'),(36,11,181,NULL,'True','2016-01-20 17:18:29','testing','testing','2016-01-20 17:18:29','2016-01-20 17:18:29'),(37,6,182,NULL,'true','2016-01-20 17:18:37','testing','testing','2016-01-20 17:18:37','2016-01-20 17:18:37'),(38,2,182,NULL,'Last Name','2016-01-20 17:18:37','testing','testing','2016-01-20 17:18:37','2016-01-20 17:18:37'),(39,11,182,NULL,'True','2016-01-20 17:18:37','testing','testing','2016-01-20 17:18:37','2016-01-20 17:18:37'),(40,6,200,NULL,'True','2016-02-19 22:32:46',NULL,NULL,'2016-02-19 22:32:46','2016-02-19 22:32:46'),(41,2,200,NULL,'Active','2016-02-19 22:32:46',NULL,NULL,'2016-02-19 22:32:46','2016-02-19 22:32:46'),(42,4,200,NULL,'TextBox','2016-02-19 22:32:46',NULL,NULL,'2016-02-19 22:32:46','2016-02-19 22:32:46'),(43,5,200,NULL,'1','2016-02-19 22:32:46',NULL,NULL,'2016-02-19 22:32:46','2016-02-19 22:32:46'),(44,11,200,NULL,'True','2016-02-19 22:32:46',NULL,NULL,'2016-02-19 22:32:46','2016-02-19 22:32:46'),(45,6,204,NULL,'False','2016-02-20 05:26:08',NULL,NULL,'2016-02-20 05:26:08','2016-02-20 05:26:08'),(46,2,204,NULL,'Zip','2016-02-20 05:26:09',NULL,NULL,'2016-02-20 05:26:09','2016-02-20 05:26:09'),(47,11,204,NULL,'True','2016-02-20 05:26:09',NULL,NULL,'2016-02-20 05:26:09','2016-02-20 05:26:09'),(48,10,175,NULL,'1','2016-05-02 16:11:23',NULL,NULL,'2016-05-02 16:11:23','2016-05-02 16:11:23'),(49,11,175,NULL,'True','2016-05-02 16:11:23',NULL,NULL,'2016-05-02 16:11:23','2016-05-02 16:11:23'),(50,6,173,NULL,'true','2016-09-01 17:12:57',NULL,NULL,'2016-09-01 17:12:57','2016-09-01 17:12:57'),(51,4,173,NULL,'TextBox','2016-09-01 17:12:57',NULL,NULL,'2016-09-01 17:12:57','2016-09-01 17:12:57'),(52,10,173,NULL,'1','2016-09-01 17:12:57',NULL,NULL,'2016-09-01 17:12:57','2016-09-01 17:12:57'),(53,11,173,NULL,'True','2016-09-01 17:12:57',NULL,NULL,'2016-09-01 17:12:57','2016-09-01 17:12:57');
/*!40000 ALTER TABLE `artifactpropertyvalue` ENABLE KEYS */;
UNLOCK TABLES;

--
-- Table structure for table `connection`
--

DROP TABLE IF EXISTS `connection`;
/*!40101 SET @saved_cs_client     = @@character_set_client */;
/*!40101 SET character_set_client = utf8 */;
CREATE TABLE `connection` (
  `ConnectionId` bigint(20) NOT NULL,
  `VERSION` timestamp NOT NULL DEFAULT CURRENT_TIMESTAMP ON UPDATE CURRENT_TIMESTAMP,
  `CREATEDBY` varchar(30) DEFAULT NULL,
  `UPDATEDBY` varchar(30) DEFAULT NULL,
  `CREATEDON` timestamp NULL DEFAULT NULL,
  `UPDATEDON` timestamp NULL DEFAULT NULL,
  `ServerName` varchar(256) NOT NULL,
  `Port` int(11) DEFAULT NULL,
  `UserName` varchar(256) DEFAULT NULL,
  `Password` varchar(256) DEFAULT NULL,
  `DateOfLastConnection` timestamp NOT NULL DEFAULT '0000-00-00 00:00:00',
  `DatabaseName` varchar(256) NOT NULL,
  `DatabaseType` int(11) NOT NULL,
  `ConnectionType` int(11) NOT NULL,
  PRIMARY KEY (`ConnectionId`)
) ENGINE=InnoDB DEFAULT CHARSET=utf8;
/*!40101 SET character_set_client = @saved_cs_client */;

--
-- Dumping data for table `connection`
--

LOCK TABLES `connection` WRITE;
/*!40000 ALTER TABLE `connection` DISABLE KEYS */;
/*!40000 ALTER TABLE `connection` ENABLE KEYS */;
UNLOCK TABLES;

--
-- Table structure for table `propertytype`
--

DROP TABLE IF EXISTS `propertytype`;
/*!40101 SET @saved_cs_client     = @@character_set_client */;
/*!40101 SET character_set_client = utf8 */;
CREATE TABLE `propertytype` (
  `PROPERTYTYPEID` bigint(20) NOT NULL,
  `NAME` varchar(40) NOT NULL,
  `DISPLAYCONTROL` int(11) NOT NULL,
  `NOTES` varchar(256) DEFAULT NULL,
  `VERSION` timestamp NOT NULL DEFAULT CURRENT_TIMESTAMP ON UPDATE CURRENT_TIMESTAMP,
  `CREATEDBY` varchar(30) DEFAULT NULL,
  `UPDATEDBY` varchar(30) DEFAULT NULL,
  `CREATEDON` timestamp NULL DEFAULT NULL,
  `UPDATEDON` timestamp NULL DEFAULT NULL,
  PRIMARY KEY (`PROPERTYTYPEID`)
) ENGINE=InnoDB DEFAULT CHARSET=latin1;
/*!40101 SET character_set_client = @saved_cs_client */;

--
-- Dumping data for table `propertytype`
--

LOCK TABLES `propertytype` WRITE;
/*!40000 ALTER TABLE `propertytype` DISABLE KEYS */;
INSERT INTO `propertytype` VALUES (2,'Boolean',0,'shows as a checkbox','2012-08-02 10:34:29',NULL,NULL,NULL,NULL),(3,'Text',1,'shows as a text box','2012-09-01 08:48:42',NULL,NULL,NULL,NULL),(4,'List',2,'shows as a combo','2012-09-01 08:48:53',NULL,NULL,NULL,NULL),(5,'Lookup',3,'combo bound to the ListHeader entity','2012-09-01 23:52:28',NULL,NULL,NULL,NULL);
/*!40000 ALTER TABLE `propertytype` ENABLE KEYS */;
UNLOCK TABLES;

--
-- Table structure for table `relation`
--

DROP TABLE IF EXISTS `relation`;
/*!40101 SET @saved_cs_client     = @@character_set_client */;
/*!40101 SET character_set_client = utf8 */;
CREATE TABLE `relation` (
  `RELATIONID` bigint(20) NOT NULL,
  `MODELRELATION` bigint(20) DEFAULT NULL,
  `NAME` varchar(30) NOT NULL,
  `LASTMODIFIED` bigint(20) DEFAULT NULL,
  `LASTBUILT` bigint(20) DEFAULT NULL,
  `FROZEN` tinyint(4) DEFAULT NULL,
  `VERSION` timestamp NOT NULL DEFAULT CURRENT_TIMESTAMP ON UPDATE CURRENT_TIMESTAMP,
  `CREATEDBY` varchar(30) DEFAULT NULL,
  `UPDATEDBY` varchar(30) DEFAULT NULL,
  `CREATEDON` timestamp NULL DEFAULT NULL,
  `UPDATEDON` timestamp NULL DEFAULT NULL,
  PRIMARY KEY (`RELATIONID`),
  KEY `ModelRelation_idx` (`MODELRELATION`),
  CONSTRAINT `ModelRelation` FOREIGN KEY (`MODELRELATION`) REFERENCES `model` (`MODELID`) ON DELETE CASCADE ON UPDATE NO ACTION
) ENGINE=InnoDB DEFAULT CHARSET=latin1;
/*!40101 SET character_set_client = @saved_cs_client */;

--
-- Dumping data for table `relation`
--

LOCK TABLES `relation` WRITE;
/*!40000 ALTER TABLE `relation` DISABLE KEYS */;
INSERT INTO `relation` VALUES (13,14,'jboss',0,0,1,'2012-12-23 15:31:42',NULL,NULL,NULL,NULL),(15,14,'jchild',0,0,0,'2013-01-29 23:12:52',NULL,'paulm',NULL,'2013-01-29 23:12:52'),(16,26,'RelationPropertyValue',0,0,0,'2013-01-11 22:06:02',NULL,'paulm',NULL,'2013-01-11 22:06:02'),(17,16,'Customer',0,0,0,'2013-01-16 21:22:33','paulm',NULL,'2013-01-16 21:22:33',NULL),(22,18,'ItemPost',0,0,0,'2013-03-31 18:07:39','paulm','paulm','2013-03-31 18:07:10','2013-03-31 18:07:39'),(36,26,'Model',0,0,1,'2016-08-13 03:11:58',NULL,NULL,NULL,'2016-08-13 03:11:58'),(37,26,'Association',0,0,1,'2016-08-13 03:11:55',NULL,NULL,NULL,'2016-08-13 03:11:55'),(38,26,'Relation',0,0,0,'2012-07-21 23:00:49',NULL,NULL,NULL,NULL),(39,26,'Attribute',0,0,0,'2012-07-21 23:04:17',NULL,NULL,NULL,NULL),(66,39,'Group',0,0,0,'2012-07-25 19:41:56',NULL,NULL,NULL,NULL),(67,39,'User',0,0,1,'2012-12-23 15:29:53',NULL,NULL,NULL,NULL),(69,26,'MasterProperty',0,0,0,'2012-07-26 15:08:44',NULL,NULL,NULL,NULL),(70,26,'MasterCategory',0,0,0,'2012-07-26 15:09:25',NULL,NULL,NULL,NULL),(71,26,'PropertyGroup',0,0,0,'2012-07-26 15:10:16',NULL,NULL,NULL,NULL),(72,26,'ScreenArtifact',0,0,0,'2012-07-26 15:12:14',NULL,NULL,NULL,NULL),(73,26,'ScreenPropertyValue',0,0,0,'2012-07-26 15:12:49',NULL,NULL,NULL,NULL),(74,26,'ArtifactPropertyValue',0,0,0,'2012-07-26 15:13:06',NULL,NULL,NULL,NULL),(75,26,'ScreenArtifactType',0,0,0,'2012-07-26 15:54:01',NULL,NULL,NULL,NULL),(76,26,'PropertyType',0,0,0,'2012-07-26 15:59:40',NULL,NULL,NULL,NULL),(78,26,'Build',0,0,0,'2012-08-01 17:54:38',NULL,NULL,NULL,NULL),(79,26,'ScreenFamily',0,0,0,'2012-08-02 21:01:08',NULL,NULL,NULL,NULL),(80,26,'ScreenChild',0,0,0,'2012-08-02 21:01:54',NULL,NULL,NULL,NULL),(99,42,'testing001',0,0,0,'2012-08-06 22:19:04',NULL,NULL,NULL,NULL),(100,42,'testing002',0,0,0,'2012-08-07 03:08:21',NULL,NULL,NULL,NULL),(102,26,'MasterPropertyValueList',0,0,0,'2012-09-01 09:13:22',NULL,NULL,NULL,NULL),(103,26,'ListHeader',0,0,0,'2012-09-01 21:57:10',NULL,NULL,NULL,NULL),(104,26,'ListDetail',0,0,0,'2012-09-01 21:57:52',NULL,NULL,NULL,NULL),(113,26,'Environment',0,0,0,'2012-11-25 02:42:12',NULL,NULL,NULL,NULL),(117,48,'Captain',0,0,0,'2015-12-08 21:26:41',NULL,NULL,'2015-11-13 20:52:39','2015-12-08 21:26:41'),(118,48,'Friedrich',0,0,0,'2015-11-27 01:46:50',NULL,NULL,'2015-11-13 20:52:55','2015-11-13 20:52:55'),(119,48,'Lart',0,0,0,'2015-11-27 01:46:50',NULL,NULL,'2015-11-14 23:35:12','2015-11-14 23:35:12'),(120,48,'Arskiss',0,0,0,'2015-11-27 01:46:50',NULL,NULL,'2015-11-15 00:17:06','2015-11-15 00:17:06'),(121,48,'BarsKiss',0,0,0,'2015-11-27 01:46:50',NULL,NULL,'2015-11-15 00:19:03','2015-11-15 00:19:03'),(122,49,'testclass',0,0,0,'2015-11-27 01:46:50',NULL,NULL,'2015-11-16 03:30:47','2015-11-16 03:30:47'),(123,49,'testchildclass',0,0,0,'2015-11-27 01:46:50',NULL,NULL,'2015-11-16 03:31:18','2015-11-16 03:31:18'),(124,48,'zarkov',0,0,0,'2015-11-27 01:46:50',NULL,NULL,'2015-11-17 00:34:25','2015-11-17 00:34:25'),(125,50,'Contact',NULL,NULL,0,'2016-05-02 20:48:22',NULL,NULL,'2015-12-26 23:10:30','2016-05-02 20:48:22'),(126,50,'Field',NULL,NULL,0,'2016-05-02 20:56:13',NULL,NULL,'2015-12-26 23:10:44','2016-05-02 20:56:13'),(127,50,'Referee',NULL,NULL,0,'2016-05-02 20:48:19',NULL,NULL,'2015-12-26 23:10:50','2016-05-02 20:48:19'),(130,50,'Zebra',NULL,NULL,0,'2016-05-02 20:48:18',NULL,NULL,'2016-01-01 19:43:39','2016-05-02 20:48:18'),(132,50,'Yak',NULL,NULL,0,'2016-05-02 20:48:13',NULL,NULL,'2016-01-02 00:20:44','2016-05-02 20:48:13'),(133,51,'Product',NULL,NULL,NULL,'2016-01-02 00:46:00',NULL,NULL,'2016-01-02 00:46:00','2016-01-02 00:46:00'),(134,51,'Location',NULL,NULL,NULL,'2016-01-02 00:46:07',NULL,NULL,'2016-01-02 00:46:07','2016-01-02 00:46:07'),(135,51,'Price',NULL,NULL,NULL,'2016-01-02 00:46:15',NULL,NULL,'2016-01-02 00:46:15','2016-01-02 00:46:15'),(136,51,'Order',NULL,NULL,NULL,'2016-01-02 00:46:25',NULL,NULL,'2016-01-02 00:46:25','2016-01-02 00:46:25'),(137,51,'OrderDetail',NULL,NULL,NULL,'2016-01-02 00:46:35',NULL,NULL,'2016-01-02 00:46:35','2016-01-02 00:46:35'),(138,51,'Invoice',NULL,NULL,NULL,'2016-01-02 00:46:46',NULL,NULL,'2016-01-02 00:46:46','2016-01-02 00:46:46'),(139,51,'InvoiceDetail',NULL,NULL,NULL,'2016-01-02 00:46:54',NULL,NULL,'2016-01-02 00:46:54','2016-01-02 00:46:54'),(140,52,'Departments',NULL,NULL,NULL,'2016-01-18 18:12:25',NULL,NULL,'2016-01-16 23:36:31','2016-01-18 18:12:25'),(141,52,'Employee',NULL,NULL,NULL,'2016-01-17 00:31:53',NULL,NULL,'2016-01-17 00:31:53','2016-01-17 00:31:53'),(142,53,'Actor',NULL,NULL,NULL,'2016-01-19 02:26:56',NULL,NULL,'2016-01-17 16:20:40','2016-01-19 02:26:56'),(143,53,'Address',NULL,NULL,NULL,'2016-01-17 16:22:24',NULL,NULL,'2016-01-17 16:22:24','2016-01-17 16:22:24'),(144,53,'Category',NULL,NULL,NULL,'2016-01-17 16:26:09',NULL,NULL,'2016-01-17 16:26:09','2016-01-17 16:26:09'),(145,53,'City',NULL,NULL,NULL,'2016-01-17 16:26:48',NULL,NULL,'2016-01-17 16:26:48','2016-01-17 16:26:48'),(146,53,'Country',NULL,NULL,NULL,'2016-01-17 16:40:12',NULL,NULL,'2016-01-17 16:40:12','2016-01-17 16:40:12'),(147,53,'Customer',NULL,NULL,NULL,'2016-01-17 23:26:18',NULL,NULL,'2016-01-17 23:26:18','2016-01-17 23:26:18'),(148,53,'Film',NULL,NULL,NULL,'2016-01-17 23:32:32',NULL,NULL,'2016-01-17 23:32:32','2016-01-17 23:32:32'),(149,53,'Film_Text',NULL,NULL,NULL,'2016-01-18 00:37:05',NULL,NULL,'2016-01-18 00:37:05','2016-01-18 00:37:05'),(150,53,'Inventory',NULL,NULL,NULL,'2016-01-18 01:42:00',NULL,NULL,'2016-01-18 01:42:00','2016-01-18 01:42:00'),(151,53,'Language',NULL,NULL,NULL,'2016-01-18 01:46:37',NULL,NULL,'2016-01-18 01:46:37','2016-01-18 01:46:37'),(152,53,'Payment',NULL,NULL,NULL,'2016-01-18 01:46:52',NULL,NULL,'2016-01-18 01:46:52','2016-01-18 01:46:52'),(153,53,'rental',NULL,NULL,NULL,'2016-01-18 01:47:03',NULL,NULL,'2016-01-18 01:47:03','2016-01-18 01:47:03'),(154,53,'staff',NULL,NULL,NULL,'2016-01-18 01:47:13',NULL,NULL,'2016-01-18 01:47:13','2016-01-18 01:47:13'),(155,53,'store',NULL,NULL,NULL,'2016-01-18 01:47:19',NULL,NULL,'2016-01-18 01:47:19','2016-01-18 01:47:19'),(156,42,'frederick',NULL,NULL,NULL,'2016-01-19 02:33:46',NULL,NULL,'2016-01-19 02:33:46','2016-01-19 02:33:46'),(157,42,'testing0032',NULL,NULL,NULL,'2016-01-19 02:47:55',NULL,NULL,'2016-01-19 02:41:05','2016-01-19 02:47:55'),(158,42,'testing009',NULL,NULL,NULL,'2016-01-19 03:07:56',NULL,NULL,'2016-01-19 03:07:56','2016-01-19 03:07:56'),(159,26,'AttributePropertyValue',NULL,NULL,0,'2016-01-20 18:06:34',NULL,NULL,'2016-01-20 18:06:27','2016-01-20 18:06:34'),(160,42,'Testing010',NULL,NULL,NULL,'2016-01-20 21:13:49',NULL,NULL,'2016-01-20 21:13:49','2016-01-20 21:13:49'),(161,42,'Test011',NULL,NULL,NULL,'2016-01-20 21:15:23',NULL,NULL,'2016-01-20 21:15:23','2016-01-20 21:15:23'),(162,42,'Testing011',NULL,NULL,NULL,'2016-01-20 21:46:23',NULL,NULL,'2016-01-20 21:46:23','2016-01-20 21:46:23'),(163,57,'Testing',NULL,NULL,NULL,'2016-01-27 00:22:47',NULL,NULL,'2016-01-27 00:22:47','2016-01-27 00:22:47'),(164,60,'ian',0,0,0,'2016-02-08 05:11:47',NULL,NULL,'2016-02-08 05:11:07','2016-02-08 05:11:47'),(166,60,'janis',0,0,0,'2016-02-15 18:12:23',NULL,NULL,'2016-02-15 18:12:23','2016-02-15 18:12:23'),(167,26,'Connection',NULL,NULL,0,'2016-06-13 20:35:47',NULL,NULL,'2016-06-13 20:15:23','2016-06-13 20:35:47'),(168,26,'Version',NULL,NULL,0,'2016-06-13 20:35:44',NULL,NULL,'2016-06-13 20:20:51','2016-06-13 20:35:44'),(169,26,'ModelImport',NULL,NULL,0,'2016-06-13 20:46:15',NULL,NULL,'2016-06-13 20:35:36','2016-06-13 20:46:15'),(170,26,'TableImport',NULL,NULL,0,'2016-06-13 20:40:21',NULL,NULL,'2016-06-13 20:39:47','2016-06-13 20:40:21'),(171,26,'ColumnImport',NULL,NULL,0,'2016-06-13 20:40:29',NULL,NULL,'2016-06-13 20:40:02','2016-06-13 20:40:29'),(177,26,'MappingValue',NULL,NULL,0,'2016-06-24 15:23:01',NULL,NULL,'2016-06-24 15:21:15','2016-06-24 15:23:01'),(178,26,'Mapping',NULL,NULL,0,'2016-06-24 15:23:10',NULL,NULL,'2016-06-24 15:23:10','2016-06-24 15:23:10'),(181,50,'Consumer',NULL,NULL,NULL,'2016-06-24 15:52:25',NULL,NULL,'2016-06-24 15:52:25','2016-06-24 15:52:25'),(185,50,'batch',NULL,NULL,0,'2016-07-16 02:34:34',NULL,NULL,'2016-07-16 02:34:34','2016-07-16 02:34:34'),(186,50,'agegroup',NULL,NULL,0,'2016-07-16 02:37:28',NULL,NULL,'2016-07-16 02:37:28','2016-07-16 02:37:28'),(187,50,'item',NULL,NULL,0,'2016-07-16 02:39:37',NULL,NULL,'2016-07-16 02:39:37','2016-07-16 02:39:37'),(188,50,'itemadd',NULL,NULL,0,'2016-07-16 02:42:41',NULL,NULL,'2016-07-16 02:42:41','2016-07-16 02:42:41'),(353,50,'volunteercredit',NULL,NULL,0,'2016-07-22 18:36:43',NULL,NULL,'2016-07-22 18:36:43','2016-07-22 18:36:43'),(354,50,'volunteermaster',NULL,NULL,0,'2016-07-22 18:38:41',NULL,NULL,'2016-07-22 18:38:41','2016-07-22 18:38:41'),(355,50,'document',NULL,NULL,0,'2016-07-22 18:54:56',NULL,NULL,'2016-07-22 18:54:56','2016-07-22 18:54:56'),(356,50,'batchdetail',NULL,NULL,0,'2016-07-22 19:37:16',NULL,NULL,'2016-07-22 19:37:16','2016-07-22 19:37:16'),(357,62,'cogran',NULL,NULL,0,'2016-07-22 20:12:12',NULL,NULL,'2016-07-22 20:12:12','2016-07-22 20:12:12'),(358,62,'paricipant',NULL,NULL,0,'2016-07-22 20:12:12',NULL,NULL,'2016-07-22 20:12:12','2016-07-22 20:12:12'),(359,62,'adultprofile',NULL,NULL,0,'2016-07-22 20:12:12',NULL,NULL,'2016-07-22 20:12:12','2016-07-22 20:12:12'),(360,62,'agegroup',NULL,NULL,0,'2016-07-22 20:12:12',NULL,NULL,'2016-07-22 20:12:12','2016-07-22 20:12:12'),(361,62,'batch',NULL,NULL,0,'2016-07-22 20:12:12',NULL,NULL,'2016-07-22 20:12:12','2016-07-22 20:12:12'),(362,62,'batchdetail',NULL,NULL,0,'2016-07-22 20:12:12',NULL,NULL,'2016-07-22 20:12:12','2016-07-22 20:12:12'),(363,62,'blackoutdate',NULL,NULL,0,'2016-07-22 20:12:12',NULL,NULL,'2016-07-22 20:12:12','2016-07-22 20:12:12'),(364,62,'businessrule',NULL,NULL,0,'2016-07-22 20:12:12',NULL,NULL,'2016-07-22 20:12:12','2016-07-22 20:12:12'),(365,62,'ccemail',NULL,NULL,0,'2016-07-22 20:12:12',NULL,NULL,'2016-07-22 20:12:12','2016-07-22 20:12:12'),(366,62,'checkinout',NULL,NULL,0,'2016-07-22 20:12:12',NULL,NULL,'2016-07-22 20:12:12','2016-07-22 20:12:12'),(367,62,'coachprofile',NULL,NULL,0,'2016-07-22 20:12:12',NULL,NULL,'2016-07-22 20:12:12','2016-07-22 20:12:12'),(368,62,'communityresume',NULL,NULL,0,'2016-07-22 20:12:12',NULL,NULL,'2016-07-22 20:12:12','2016-07-22 20:12:12'),(369,62,'company',NULL,NULL,0,'2016-07-22 20:12:13',NULL,NULL,'2016-07-22 20:12:13','2016-07-22 20:12:13'),(370,62,'config',NULL,NULL,0,'2016-07-22 20:12:13',NULL,NULL,'2016-07-22 20:12:13','2016-07-22 20:12:13'),(371,62,'connection',NULL,NULL,0,'2016-07-22 20:12:13',NULL,NULL,'2016-07-22 20:12:13','2016-07-22 20:12:13'),(372,62,'contact',NULL,NULL,0,'2016-07-22 20:12:13',NULL,NULL,'2016-07-22 20:12:13','2016-07-22 20:12:13'),(373,62,'contactnote',NULL,NULL,0,'2016-07-22 20:12:13',NULL,NULL,'2016-07-22 20:12:13','2016-07-22 20:12:13'),(374,62,'coupon',NULL,NULL,0,'2016-07-22 20:12:13',NULL,NULL,'2016-07-22 20:12:13','2016-07-22 20:12:13'),(375,62,'document',NULL,NULL,0,'2016-07-22 20:12:13',NULL,NULL,'2016-07-22 20:12:13','2016-07-22 20:12:13'),(376,62,'documenthist',NULL,NULL,0,'2016-07-22 20:12:13',NULL,NULL,'2016-07-22 20:12:13','2016-07-22 20:12:13'),(377,62,'elementsec',NULL,NULL,0,'2016-07-22 20:12:13',NULL,NULL,'2016-07-22 20:12:13','2016-07-22 20:12:13'),(378,62,'emaildetail',NULL,NULL,0,'2016-07-22 20:12:13',NULL,NULL,'2016-07-22 20:12:13','2016-07-22 20:12:13'),(379,62,'emailheader',NULL,NULL,0,'2016-07-22 20:12:13',NULL,NULL,'2016-07-22 20:12:13','2016-07-22 20:12:13'),(380,62,'emailregtext',NULL,NULL,0,'2016-07-22 20:12:13',NULL,NULL,'2016-07-22 20:12:13','2016-07-22 20:12:13'),(381,62,'emailsystemplate',NULL,NULL,0,'2016-07-22 20:12:13',NULL,NULL,'2016-07-22 20:12:13','2016-07-22 20:12:13'),(382,62,'emailtemp',NULL,NULL,0,'2016-07-22 20:12:13',NULL,NULL,'2016-07-22 20:12:13','2016-07-22 20:12:13'),(383,62,'emailtemplatesec',NULL,NULL,0,'2016-07-22 20:12:13',NULL,NULL,'2016-07-22 20:12:13','2016-07-22 20:12:13'),(384,62,'errordetail',NULL,NULL,0,'2016-07-22 20:12:13',NULL,NULL,'2016-07-22 20:12:13','2016-07-22 20:12:13'),(385,62,'errormaster',NULL,NULL,0,'2016-07-22 20:12:13',NULL,NULL,'2016-07-22 20:12:13','2016-07-22 20:12:13'),(386,62,'event',NULL,NULL,0,'2016-07-22 20:12:13',NULL,NULL,'2016-07-22 20:12:13','2016-07-22 20:12:13'),(387,62,'eventclass',NULL,NULL,0,'2016-07-22 20:12:13',NULL,NULL,'2016-07-22 20:12:13','2016-07-22 20:12:13'),(388,62,'eventcopy',NULL,NULL,0,'2016-07-22 20:12:13',NULL,NULL,'2016-07-22 20:12:13','2016-07-22 20:12:13'),(389,62,'eventitem',NULL,NULL,0,'2016-07-22 20:12:13',NULL,NULL,'2016-07-22 20:12:13','2016-07-22 20:12:13'),(390,62,'eventquick',NULL,NULL,0,'2016-07-22 20:12:13',NULL,NULL,'2016-07-22 20:12:13','2016-07-22 20:12:13'),(391,62,'eventreg',NULL,NULL,0,'2016-07-22 20:12:13',NULL,NULL,'2016-07-22 20:12:13','2016-07-22 20:12:13'),(392,62,'external',NULL,NULL,0,'2016-07-22 20:12:14',NULL,NULL,'2016-07-22 20:12:14','2016-07-22 20:12:14'),(393,62,'facility',NULL,NULL,0,'2016-07-22 20:12:15',NULL,NULL,'2016-07-22 20:12:15','2016-07-22 20:12:15'),(394,62,'facilityavailable',NULL,NULL,0,'2016-07-22 20:12:15',NULL,NULL,'2016-07-22 20:12:15','2016-07-22 20:12:15'),(395,62,'facilitydate',NULL,NULL,0,'2016-07-22 20:12:15',NULL,NULL,'2016-07-22 20:12:15','2016-07-22 20:12:15'),(396,62,'field',NULL,NULL,0,'2016-07-22 20:12:15',NULL,NULL,'2016-07-22 20:12:15','2016-07-22 20:12:15'),(397,62,'fieldload',NULL,NULL,0,'2016-07-22 20:12:15',NULL,NULL,'2016-07-22 20:12:15','2016-07-22 20:12:15'),(398,62,'fieldloadctrl',NULL,NULL,0,'2016-07-22 20:12:15',NULL,NULL,'2016-07-22 20:12:15','2016-07-22 20:12:15'),(399,62,'fieldloadgen',NULL,NULL,0,'2016-07-22 20:12:15',NULL,NULL,'2016-07-22 20:12:15','2016-07-22 20:12:15'),(400,62,'fieldreq',NULL,NULL,0,'2016-07-22 20:12:15',NULL,NULL,'2016-07-22 20:12:15','2016-07-22 20:12:15'),(401,62,'gameincident',NULL,NULL,0,'2016-07-22 20:12:15',NULL,NULL,'2016-07-22 20:12:15','2016-07-22 20:12:15'),(402,62,'helpcategory',NULL,NULL,0,'2016-07-22 20:12:15',NULL,NULL,'2016-07-22 20:12:15','2016-07-22 20:12:15'),(403,62,'helptopic',NULL,NULL,0,'2016-07-22 20:12:15',NULL,NULL,'2016-07-22 20:12:15','2016-07-22 20:12:15'),(404,62,'household',NULL,NULL,0,'2016-07-22 20:12:15',NULL,NULL,'2016-07-22 20:12:15','2016-07-22 20:12:15'),(405,62,'icalendar',NULL,NULL,0,'2016-07-22 20:12:15',NULL,NULL,'2016-07-22 20:12:15','2016-07-22 20:12:15'),(406,62,'import',NULL,NULL,0,'2016-07-22 20:12:15',NULL,NULL,'2016-07-22 20:12:15','2016-07-22 20:12:15'),(407,62,'item',NULL,NULL,0,'2016-07-22 20:12:15',NULL,NULL,'2016-07-22 20:12:15','2016-07-22 20:12:15'),(408,62,'itemadd',NULL,NULL,0,'2016-07-22 20:12:15',NULL,NULL,'2016-07-22 20:12:15','2016-07-22 20:12:15'),(409,62,'itemqn',NULL,NULL,0,'2016-07-22 20:12:15',NULL,NULL,'2016-07-22 20:12:15','2016-07-22 20:12:15'),(410,62,'itemrestrict',NULL,NULL,0,'2016-07-22 20:12:15',NULL,NULL,'2016-07-22 20:12:15','2016-07-22 20:12:15'),(411,62,'itemtimeslot',NULL,NULL,0,'2016-07-22 20:12:15',NULL,NULL,'2016-07-22 20:12:15','2016-07-22 20:12:15'),(412,62,'item_tempebsdk',NULL,NULL,0,'2016-07-22 20:12:15',NULL,NULL,'2016-07-22 20:12:15','2016-07-22 20:12:15'),(413,62,'league',NULL,NULL,0,'2016-07-22 20:12:15',NULL,NULL,'2016-07-22 20:12:15','2016-07-22 20:12:15'),(414,62,'lookupdetail',NULL,NULL,0,'2016-07-22 20:12:15',NULL,NULL,'2016-07-22 20:12:15','2016-07-22 20:12:15'),(415,62,'lookupheader',NULL,NULL,0,'2016-07-22 20:12:15',NULL,NULL,'2016-07-22 20:12:15','2016-07-22 20:12:15'),(416,62,'mandatedhour',NULL,NULL,0,'2016-07-22 20:12:15',NULL,NULL,'2016-07-22 20:12:15','2016-07-22 20:12:15'),(417,62,'medicalprofile',NULL,NULL,0,'2016-07-22 20:12:15',NULL,NULL,'2016-07-22 20:12:15','2016-07-22 20:12:15'),(418,62,'memberimport',NULL,NULL,0,'2016-07-22 20:12:16',NULL,NULL,'2016-07-22 20:12:16','2016-07-22 20:12:16'),(419,62,'memberprofile',NULL,NULL,0,'2016-07-22 20:12:16',NULL,NULL,'2016-07-22 20:12:16','2016-07-22 20:12:16'),(420,62,'menugroupsite',NULL,NULL,0,'2016-07-22 20:12:16',NULL,NULL,'2016-07-22 20:12:16','2016-07-22 20:12:16'),(421,62,'menuitemsite',NULL,NULL,0,'2016-07-22 20:12:16',NULL,NULL,'2016-07-22 20:12:16','2016-07-22 20:12:16'),(422,62,'menuitemsites',NULL,NULL,0,'2016-07-22 20:12:16',NULL,NULL,'2016-07-22 20:12:16','2016-07-22 20:12:16'),(423,62,'menutopsite',NULL,NULL,0,'2016-07-22 20:12:16',NULL,NULL,'2016-07-22 20:12:16','2016-07-22 20:12:16'),(424,62,'merchant',NULL,NULL,0,'2016-07-22 20:12:16',NULL,NULL,'2016-07-22 20:12:16','2016-07-22 20:12:16'),(425,62,'paymentdtl',NULL,NULL,0,'2016-07-22 20:12:16',NULL,NULL,'2016-07-22 20:12:16','2016-07-22 20:12:16'),(426,62,'paymenthdr',NULL,NULL,0,'2016-07-22 20:12:16',NULL,NULL,'2016-07-22 20:12:16','2016-07-22 20:12:16'),(427,62,'paymentoption',NULL,NULL,0,'2016-07-22 20:12:16',NULL,NULL,'2016-07-22 20:12:16','2016-07-22 20:12:16'),(428,62,'paypallog',NULL,NULL,0,'2016-07-22 20:12:16',NULL,NULL,'2016-07-22 20:12:16','2016-07-22 20:12:16'),(429,62,'playercontract',NULL,NULL,0,'2016-07-22 20:12:16',NULL,NULL,'2016-07-22 20:12:16','2016-07-22 20:12:16'),(430,62,'playerprofile',NULL,NULL,0,'2016-07-22 20:12:16',NULL,NULL,'2016-07-22 20:12:16','2016-07-22 20:12:16'),(431,62,'playerstatistic',NULL,NULL,0,'2016-07-22 20:12:16',NULL,NULL,'2016-07-22 20:12:16','2016-07-22 20:12:16'),(432,62,'postalcode',NULL,NULL,0,'2016-07-22 20:12:16',NULL,NULL,'2016-07-22 20:12:16','2016-07-22 20:12:16'),(433,62,'precoachprofile',NULL,NULL,0,'2016-07-22 20:12:16',NULL,NULL,'2016-07-22 20:12:16','2016-07-22 20:12:16'),(434,62,'prerefprofile',NULL,NULL,0,'2016-07-22 20:12:16',NULL,NULL,'2016-07-22 20:12:16','2016-07-22 20:12:16'),(435,62,'preregfacility',NULL,NULL,0,'2016-07-22 20:12:16',NULL,NULL,'2016-07-22 20:12:16','2016-07-22 20:12:16'),(436,62,'preregheader',NULL,NULL,0,'2016-07-22 20:12:16',NULL,NULL,'2016-07-22 20:12:16','2016-07-22 20:12:16'),(437,62,'preregistration',NULL,NULL,0,'2016-07-22 20:12:16',NULL,NULL,'2016-07-22 20:12:16','2016-07-22 20:12:16'),(438,62,'preregistrationq',NULL,NULL,0,'2016-07-22 20:12:16',NULL,NULL,'2016-07-22 20:12:16','2016-07-22 20:12:16'),(439,62,'preregpaydtl',NULL,NULL,0,'2016-07-22 20:12:16',NULL,NULL,'2016-07-22 20:12:16','2016-07-22 20:12:16'),(440,62,'preregplayer',NULL,NULL,0,'2016-07-22 20:12:16',NULL,NULL,'2016-07-22 20:12:16','2016-07-22 20:12:16'),(441,62,'preregplayer_tempebsdk',NULL,NULL,0,'2016-07-22 20:12:16',NULL,NULL,'2016-07-22 20:12:16','2016-07-22 20:12:16'),(442,62,'preregsponsor',NULL,NULL,0,'2016-07-22 20:12:16',NULL,NULL,'2016-07-22 20:12:16','2016-07-22 20:12:16'),(443,62,'preregteam',NULL,NULL,0,'2016-07-22 20:12:16',NULL,NULL,'2016-07-22 20:12:16','2016-07-22 20:12:16'),(444,62,'preregteamplayer',NULL,NULL,0,'2016-07-22 20:12:16',NULL,NULL,'2016-07-22 20:12:16','2016-07-22 20:12:16'),(445,62,'query',NULL,NULL,0,'2016-07-22 20:12:16',NULL,NULL,'2016-07-22 20:12:16','2016-07-22 20:12:16'),(446,62,'refpayrate',NULL,NULL,0,'2016-07-22 20:12:16',NULL,NULL,'2016-07-22 20:12:16','2016-07-22 20:12:16'),(447,62,'refprofile',NULL,NULL,0,'2016-07-22 20:12:16',NULL,NULL,'2016-07-22 20:12:16','2016-07-22 20:12:16'),(448,62,'regavail',NULL,NULL,0,'2016-07-22 20:12:16',NULL,NULL,'2016-07-22 20:12:16','2016-07-22 20:12:16'),(449,62,'regunavail',NULL,NULL,0,'2016-07-22 20:12:16',NULL,NULL,'2016-07-22 20:12:16','2016-07-22 20:12:16'),(450,62,'reportheader',NULL,NULL,0,'2016-07-22 20:12:16',NULL,NULL,'2016-07-22 20:12:16','2016-07-22 20:12:16'),(451,62,'reportheadersec',NULL,NULL,0,'2016-07-22 20:12:16',NULL,NULL,'2016-07-22 20:12:16','2016-07-22 20:12:16'),(452,62,'reportsearch',NULL,NULL,0,'2016-07-22 20:12:16',NULL,NULL,'2016-07-22 20:12:16','2016-07-22 20:12:16'),(453,62,'schedctrl',NULL,NULL,0,'2016-07-22 20:12:16',NULL,NULL,'2016-07-22 20:12:16','2016-07-22 20:12:16'),(454,62,'schedule',NULL,NULL,0,'2016-07-22 20:12:16',NULL,NULL,'2016-07-22 20:12:16','2016-07-22 20:12:16'),(455,62,'schedulefacility',NULL,NULL,0,'2016-07-22 20:12:17',NULL,NULL,'2016-07-22 20:12:17','2016-07-22 20:12:17'),(456,62,'scheduleimport',NULL,NULL,0,'2016-07-22 20:12:17',NULL,NULL,'2016-07-22 20:12:17','2016-07-22 20:12:17'),(457,62,'scheduletype',NULL,NULL,0,'2016-07-22 20:12:17',NULL,NULL,'2016-07-22 20:12:17','2016-07-22 20:12:17'),(458,62,'school',NULL,NULL,0,'2016-07-22 20:12:17',NULL,NULL,'2016-07-22 20:12:17','2016-07-22 20:12:17'),(459,62,'season',NULL,NULL,0,'2016-07-22 20:12:17',NULL,NULL,'2016-07-22 20:12:17','2016-07-22 20:12:17'),(460,62,'secauthlog',NULL,NULL,0,'2016-07-22 20:12:17',NULL,NULL,'2016-07-22 20:12:17','2016-07-22 20:12:17'),(461,62,'secrole',NULL,NULL,0,'2016-07-22 20:12:17',NULL,NULL,'2016-07-22 20:12:17','2016-07-22 20:12:17'),(462,62,'secuser',NULL,NULL,0,'2016-07-22 20:12:17',NULL,NULL,'2016-07-22 20:12:17','2016-07-22 20:12:17'),(463,62,'secuserrole',NULL,NULL,0,'2016-07-22 20:12:17',NULL,NULL,'2016-07-22 20:12:17','2016-07-22 20:12:17'),(464,62,'service',NULL,NULL,0,'2016-07-22 20:12:17',NULL,NULL,'2016-07-22 20:12:17','2016-07-22 20:12:17'),(465,62,'serviceelement',NULL,NULL,0,'2016-07-22 20:12:17',NULL,NULL,'2016-07-22 20:12:17','2016-07-22 20:12:17'),(466,62,'servicesec',NULL,NULL,0,'2016-07-22 20:12:17',NULL,NULL,'2016-07-22 20:12:17','2016-07-22 20:12:17'),(467,62,'shoutout',NULL,NULL,0,'2016-07-22 20:12:17',NULL,NULL,'2016-07-22 20:12:17','2016-07-22 20:12:17'),(468,62,'shoutoutbackup',NULL,NULL,0,'2016-07-22 20:12:17',NULL,NULL,'2016-07-22 20:12:17','2016-07-22 20:12:17'),(469,62,'shoutoutmedia',NULL,NULL,0,'2016-07-22 20:12:17',NULL,NULL,'2016-07-22 20:12:17','2016-07-22 20:12:17'),(470,62,'shoutoutsecurity',NULL,NULL,0,'2016-07-22 20:12:17',NULL,NULL,'2016-07-22 20:12:17','2016-07-22 20:12:17'),(471,62,'siteprofile',NULL,NULL,0,'2016-07-22 20:12:17',NULL,NULL,'2016-07-22 20:12:17','2016-07-22 20:12:17'),(472,62,'smscarrier',NULL,NULL,0,'2016-07-22 20:12:17',NULL,NULL,'2016-07-22 20:12:17','2016-07-22 20:12:17'),(473,62,'sponsoroppty',NULL,NULL,0,'2016-07-22 20:12:17',NULL,NULL,'2016-07-22 20:12:17','2016-07-22 20:12:17'),(474,62,'sponsorprofile',NULL,NULL,0,'2016-07-22 20:12:17',NULL,NULL,'2016-07-22 20:12:17','2016-07-22 20:12:17'),(475,62,'studentevent',NULL,NULL,0,'2016-07-22 20:12:17',NULL,NULL,'2016-07-22 20:12:17','2016-07-22 20:12:17'),(476,62,'studentteacher',NULL,NULL,0,'2016-07-22 20:12:17',NULL,NULL,'2016-07-22 20:12:17','2016-07-22 20:12:17'),(477,62,'studentteacherimport',NULL,NULL,0,'2016-07-22 20:12:17',NULL,NULL,'2016-07-22 20:12:17','2016-07-22 20:12:17'),(478,62,'surveyctrl',NULL,NULL,0,'2016-07-22 20:12:17',NULL,NULL,'2016-07-22 20:12:17','2016-07-22 20:12:17'),(479,62,'surveydtl',NULL,NULL,0,'2016-07-22 20:12:17',NULL,NULL,'2016-07-22 20:12:17','2016-07-22 20:12:17'),(480,62,'surveyhdr',NULL,NULL,0,'2016-07-22 20:12:17',NULL,NULL,'2016-07-22 20:12:17','2016-07-22 20:12:17'),(481,62,'surveyoption',NULL,NULL,0,'2016-07-22 20:12:17',NULL,NULL,'2016-07-22 20:12:17','2016-07-22 20:12:17'),(482,62,'surveytarget',NULL,NULL,0,'2016-07-22 20:12:17',NULL,NULL,'2016-07-22 20:12:17','2016-07-22 20:12:17'),(483,62,'surveytemplate',NULL,NULL,0,'2016-07-22 20:12:17',NULL,NULL,'2016-07-22 20:12:17','2016-07-22 20:12:17'),(484,62,'surveytemplateqn',NULL,NULL,0,'2016-07-22 20:12:17',NULL,NULL,'2016-07-22 20:12:17','2016-07-22 20:12:17'),(485,62,'systemconfig',NULL,NULL,0,'2016-07-22 20:12:17',NULL,NULL,'2016-07-22 20:12:17','2016-07-22 20:12:17'),(486,62,'systemmessage',NULL,NULL,0,'2016-07-22 20:12:17',NULL,NULL,'2016-07-22 20:12:17','2016-07-22 20:12:17'),(487,62,'team',NULL,NULL,0,'2016-07-22 20:12:17',NULL,NULL,'2016-07-22 20:12:17','2016-07-22 20:12:17'),(488,62,'teamcopyctrl',NULL,NULL,0,'2016-07-22 20:12:17',NULL,NULL,'2016-07-22 20:12:17','2016-07-22 20:12:17'),(489,62,'teamctrl',NULL,NULL,0,'2016-07-22 20:12:18',NULL,NULL,'2016-07-22 20:12:18','2016-07-22 20:12:18'),(490,62,'teamctrladmin',NULL,NULL,0,'2016-07-22 20:12:18',NULL,NULL,'2016-07-22 20:12:18','2016-07-22 20:12:18'),(491,62,'teampage',NULL,NULL,0,'2016-07-22 20:12:18',NULL,NULL,'2016-07-22 20:12:18','2016-07-22 20:12:18'),(492,62,'teampagectrl',NULL,NULL,0,'2016-07-22 20:12:18',NULL,NULL,'2016-07-22 20:12:18','2016-07-22 20:12:18'),(493,62,'teampair',NULL,NULL,0,'2016-07-22 20:12:18',NULL,NULL,'2016-07-22 20:12:18','2016-07-22 20:12:18'),(494,62,'teampaymentctrl',NULL,NULL,0,'2016-07-22 20:12:18',NULL,NULL,'2016-07-22 20:12:18','2016-07-22 20:12:18'),(495,62,'teampaymentdtl',NULL,NULL,0,'2016-07-22 20:12:18',NULL,NULL,'2016-07-22 20:12:18','2016-07-22 20:12:18'),(496,62,'teampaymentgen',NULL,NULL,0,'2016-07-22 20:12:18',NULL,NULL,'2016-07-22 20:12:18','2016-07-22 20:12:18'),(497,62,'teamplayoff',NULL,NULL,0,'2016-07-22 20:12:18',NULL,NULL,'2016-07-22 20:12:18','2016-07-22 20:12:18'),(498,62,'teamsnapaccess',NULL,NULL,0,'2016-07-22 20:12:18',NULL,NULL,'2016-07-22 20:12:18','2016-07-22 20:12:18'),(499,62,'teamsnaplog',NULL,NULL,0,'2016-07-22 20:12:18',NULL,NULL,'2016-07-22 20:12:18','2016-07-22 20:12:18'),(500,62,'textresource',NULL,NULL,0,'2016-07-22 20:12:18',NULL,NULL,'2016-07-22 20:12:18','2016-07-22 20:12:18'),(501,62,'textresourcemap',NULL,NULL,0,'2016-07-22 20:12:18',NULL,NULL,'2016-07-22 20:12:18','2016-07-22 20:12:18'),(502,62,'textresource_de',NULL,NULL,0,'2016-07-22 20:12:18',NULL,NULL,'2016-07-22 20:12:18','2016-07-22 20:12:18'),(503,62,'textresource_en',NULL,NULL,0,'2016-07-22 20:12:18',NULL,NULL,'2016-07-22 20:12:18','2016-07-22 20:12:18'),(504,62,'textresource_es',NULL,NULL,0,'2016-07-22 20:12:18',NULL,NULL,'2016-07-22 20:12:18','2016-07-22 20:12:18'),(505,62,'textresource_fr',NULL,NULL,0,'2016-07-22 20:12:18',NULL,NULL,'2016-07-22 20:12:18','2016-07-22 20:12:18'),(506,62,'textresource_hi',NULL,NULL,0,'2016-07-22 20:12:18',NULL,NULL,'2016-07-22 20:12:18','2016-07-22 20:12:18'),(507,62,'textresource_it',NULL,NULL,0,'2016-07-22 20:12:18',NULL,NULL,'2016-07-22 20:12:18','2016-07-22 20:12:18'),(508,62,'textresource_pt',NULL,NULL,0,'2016-07-22 20:12:18',NULL,NULL,'2016-07-22 20:12:18','2016-07-22 20:12:18'),(509,62,'textresource_sp',NULL,NULL,0,'2016-07-22 20:12:18',NULL,NULL,'2016-07-22 20:12:18','2016-07-22 20:12:18'),(510,62,'timeslot',NULL,NULL,0,'2016-07-22 20:12:18',NULL,NULL,'2016-07-22 20:12:18','2016-07-22 20:12:18'),(511,62,'timezone',NULL,NULL,0,'2016-07-22 20:12:18',NULL,NULL,'2016-07-22 20:12:18','2016-07-22 20:12:18'),(512,62,'tournhistory',NULL,NULL,0,'2016-07-22 20:12:18',NULL,NULL,'2016-07-22 20:12:18','2016-07-22 20:12:18'),(513,62,'volunteer',NULL,NULL,0,'2016-07-22 20:12:18',NULL,NULL,'2016-07-22 20:12:18','2016-07-22 20:12:18'),(514,62,'volunteercredit',NULL,NULL,0,'2016-07-22 20:12:18',NULL,NULL,'2016-07-22 20:12:18','2016-07-22 20:12:18'),(515,62,'volunteermaster',NULL,NULL,0,'2016-07-22 20:12:18',NULL,NULL,'2016-07-22 20:12:18','2016-07-22 20:12:18'),(516,62,'volunteersched',NULL,NULL,0,'2016-07-22 20:12:18',NULL,NULL,'2016-07-22 20:12:18','2016-07-22 20:12:18'),(517,62,'volunteersched_tempebsdk',NULL,NULL,0,'2016-07-22 20:12:18',NULL,NULL,'2016-07-22 20:12:18','2016-07-22 20:12:18'),(518,62,'volunteertask',NULL,NULL,0,'2016-07-22 20:12:18',NULL,NULL,'2016-07-22 20:12:18','2016-07-22 20:12:18'),(519,62,'volunteerutil',NULL,NULL,0,'2016-07-22 20:12:18',NULL,NULL,'2016-07-22 20:12:18','2016-07-22 20:12:18'),(536,65,'TestingFrozen',NULL,NULL,1,'2016-08-13 03:12:57',NULL,NULL,'2016-08-13 03:12:57','2016-08-13 03:12:57'),(537,69,'TestRelation001',NULL,NULL,0,'2016-08-15 03:02:03','root','root','2016-08-13 04:26:51','2016-08-15 03:02:03'),(538,69,'TestRelation002',NULL,NULL,0,'2016-08-15 03:02:06','root','root','2016-08-13 04:27:26','2016-08-15 03:02:06'),(539,69,'TestingFroze',NULL,NULL,0,'2016-08-15 03:02:04','root','root','2016-08-13 04:32:36','2016-08-15 03:02:04'),(540,69,'RetestingFrozen',NULL,NULL,0,'2016-08-15 04:27:42','root','root','2016-08-13 05:17:28','2016-08-15 04:27:42');
/*!40000 ALTER TABLE `relation` ENABLE KEYS */;
UNLOCK TABLES;

--
-- Table structure for table `model`
--

DROP TABLE IF EXISTS `model`;
/*!40101 SET @saved_cs_client     = @@character_set_client */;
/*!40101 SET character_set_client = utf8 */;
CREATE TABLE `model` (
  `MODELID` bigint(20) NOT NULL,
  `NAME` varchar(40) NOT NULL,
  `VERSION` timestamp NOT NULL DEFAULT CURRENT_TIMESTAMP ON UPDATE CURRENT_TIMESTAMP,
  `CREATEDBY` varchar(30) DEFAULT NULL,
  `UPDATEDBY` varchar(30) DEFAULT NULL,
  `CREATEDON` timestamp NULL DEFAULT NULL,
  `UPDATEDON` timestamp NULL DEFAULT NULL,
  PRIMARY KEY (`MODELID`)
) ENGINE=InnoDB DEFAULT CHARSET=latin1;
/*!40101 SET character_set_client = @saved_cs_client */;

--
-- Dumping data for table `model`
--

LOCK TABLES `model` WRITE;
/*!40000 ALTER TABLE `model` DISABLE KEYS */;
INSERT INTO `model` VALUES (14,'JBOSS','2013-01-29 23:13:06',NULL,'paulm',NULL,'2013-01-29 23:13:06'),(16,'MadeByPaul','2013-01-16 21:22:33','paulm','paulm','2013-01-14 04:28:10','2013-01-16 21:22:33'),(17,'madeByGuest','2013-01-14 04:30:40','guest',NULL,'2013-01-14 04:30:40',NULL),(18,'RabbitTraps','2013-03-31 18:07:10','paulm','paulm','2013-03-31 18:06:47','2013-03-31 18:07:10'),(26,'DOTCONNECT','2015-03-08 05:38:48',NULL,'paulm',NULL,'2015-03-08 05:38:48'),(39,'SECURITY','2013-01-07 21:51:44',NULL,NULL,NULL,NULL),(42,'testing001','2016-01-06 16:12:18',NULL,NULL,NULL,'2016-01-06 16:12:18'),(48,'Freddies','2016-01-06 18:04:42','','','2015-11-13 20:28:09','2016-01-06 18:04:42'),(49,'TestModel','2016-01-06 16:13:23','','','2015-11-16 03:28:54','2016-01-06 16:13:23'),(50,'Cogran','2015-12-26 23:07:02','','','2015-12-26 23:07:02','2015-12-26 23:07:02'),(51,'Inventory','2016-01-02 00:45:47','','','2016-01-02 00:45:47','2016-01-02 00:45:47'),(52,'AdventureWorks','2016-01-16 23:35:41','','','2016-01-16 23:35:41','2016-01-16 23:35:41'),(53,'Sakila','2016-01-17 16:20:03','','','2016-01-17 16:20:03','2016-01-17 16:20:03'),(54,'TestModel002','2016-01-19 21:07:19','','','2016-01-19 21:07:19','2016-01-19 21:07:19'),(55,'New Model','2016-01-19 21:08:45','','','2016-01-19 21:08:45','2016-01-19 21:08:45'),(56,'TestModel003','2016-01-19 21:13:20','','','2016-01-19 21:13:20','2016-01-19 21:13:20'),(57,'TestModel004','2016-01-19 21:19:22','','','2016-01-19 21:19:22','2016-01-19 21:19:22'),(60,'BuildTest','2016-01-20 21:55:28','','','2016-01-20 21:55:28','2016-01-20 21:55:28'),(62,'CogranII','2016-07-22 20:12:12',NULL,NULL,'2016-07-22 20:12:12','2016-07-22 20:12:12'),(64,'TestModel006','2016-08-12 04:21:05',NULL,NULL,'2016-08-12 04:21:05','2016-08-12 04:21:05'),(65,'TestModel007','2016-08-12 04:27:46',NULL,NULL,'2016-08-12 04:27:46','2016-08-12 04:27:46'),(68,'TestModel008','2016-08-13 03:21:14','root','root','2016-08-13 03:21:14','2016-08-13 03:21:14'),(69,'TestModel009','2016-08-13 03:37:31','root','root','2016-08-13 03:37:31','2016-08-13 03:37:31');
/*!40000 ALTER TABLE `model` ENABLE KEYS */;
UNLOCK TABLES;

--
-- Table structure for table `modelimport`
--

DROP TABLE IF EXISTS `modelimport`;
/*!40101 SET @saved_cs_client     = @@character_set_client */;
/*!40101 SET character_set_client = utf8 */;
CREATE TABLE `modelimport` (
  `ModelImportId` bigint(20) NOT NULL,
  `VERSION` timestamp NOT NULL DEFAULT CURRENT_TIMESTAMP ON UPDATE CURRENT_TIMESTAMP,
  `CREATEDBY` varchar(30) DEFAULT NULL,
  `UPDATEDBY` varchar(30) DEFAULT NULL,
  `CREATEDON` timestamp NULL DEFAULT NULL,
  `UPDATEDON` timestamp NULL DEFAULT NULL,
  `ModelConnectionImport` bigint(20) DEFAULT NULL,
  `ModelImportModel` bigint(20) DEFAULT NULL,
  `DateOfImport` timestamp NOT NULL DEFAULT '0000-00-00 00:00:00',
  `RemoveTablePrefix` tinyint(4) NOT NULL,
  `TablePrefixPattern` varchar(30) DEFAULT NULL,
  `ExcludePrimaryKeys` tinyint(4) NOT NULL,
  PRIMARY KEY (`ModelImportId`)
) ENGINE=InnoDB DEFAULT CHARSET=utf8;
/*!40101 SET character_set_client = @saved_cs_client */;

--
-- Dumping data for table `modelimport`
--

LOCK TABLES `modelimport` WRITE;
/*!40000 ALTER TABLE `modelimport` DISABLE KEYS */;
/*!40000 ALTER TABLE `modelimport` ENABLE KEYS */;
UNLOCK TABLES;

--
-- Dumping routines for database 'woosterizer_dev'
--
/*!50003 DROP FUNCTION IF EXISTS `fGenerateSequentialKey` */;
/*!50003 SET @saved_cs_client      = @@character_set_client */ ;
/*!50003 SET @saved_cs_results     = @@character_set_results */ ;
/*!50003 SET @saved_col_connection = @@collation_connection */ ;
/*!50003 SET character_set_client  = utf8 */ ;
/*!50003 SET character_set_results = utf8 */ ;
/*!50003 SET collation_connection  = utf8_general_ci */ ;
/*!50003 SET @saved_sql_mode       = @@sql_mode */ ;
/*!50003 SET sql_mode              = 'STRICT_TRANS_TABLES,NO_AUTO_CREATE_USER,NO_ENGINE_SUBSTITUTION' */ ;
DELIMITER ;;
CREATE DEFINER=`root`@`localhost` FUNCTION `fGenerateSequentialKey`(
	sequenceName CHAR(50)
) RETURNS bigint(20)
BEGIN
DECLARE sequenceValue BIGINT;

IF (SELECT 1 = 1 FROM woosterizer_dev.id_gen WHERE SEQ_NAME = sequenceName) THEN
BEGIN
    UPDATE woosterizer_dev.id_gen SET SEQ_VALUE = SEQ_VALUE + 1 WHERE SEQ_NAME =  sequenceName;
END;
ELSE
BEGIN
    INSERT INTO woosterizer_dev.id_gen (SEQ_NAME, SEQ_VALUE) VALUES(sequenceName, 0);
END;
END IF;

SELECT SEQ_VALUE FROM woosterizer_dev.id_gen WHERE SEQ_NAME =  sequenceName INTO sequenceValue;

RETURN sequenceValue;
END ;;
DELIMITER ;
/*!50003 SET sql_mode              = @saved_sql_mode */ ;
/*!50003 SET character_set_client  = @saved_cs_client */ ;
/*!50003 SET character_set_results = @saved_cs_results */ ;
/*!50003 SET collation_connection  = @saved_col_connection */ ;
/*!50003 DROP PROCEDURE IF EXISTS `pArtifactPropertyValueDelete` */;
/*!50003 SET @saved_cs_client      = @@character_set_client */ ;
/*!50003 SET @saved_cs_results     = @@character_set_results */ ;
/*!50003 SET @saved_col_connection = @@collation_connection */ ;
/*!50003 SET character_set_client  = utf8 */ ;
/*!50003 SET character_set_results = utf8 */ ;
/*!50003 SET collation_connection  = utf8_general_ci */ ;
/*!50003 SET @saved_sql_mode       = @@sql_mode */ ;
/*!50003 SET sql_mode              = 'STRICT_TRANS_TABLES,NO_AUTO_CREATE_USER,NO_ENGINE_SUBSTITUTION' */ ;
DELIMITER ;;
CREATE DEFINER=`root`@`localhost` PROCEDURE `pArtifactPropertyValueDelete`(
in ArtifactPropertyValueId bigint
)
BEGIN
	DELETE FROM ArtifactPropertyValue where ArtifactPropertyValue.ArtifactPropertyValueId = ArtifactPropertyValueId;
END ;;
DELIMITER ;
/*!50003 SET sql_mode              = @saved_sql_mode */ ;
/*!50003 SET character_set_client  = @saved_cs_client */ ;
/*!50003 SET character_set_results = @saved_cs_results */ ;
/*!50003 SET collation_connection  = @saved_col_connection */ ;
/*!50003 DROP PROCEDURE IF EXISTS `pArtifactPropertyValueInsert` */;
/*!50003 SET @saved_cs_client      = @@character_set_client */ ;
/*!50003 SET @saved_cs_results     = @@character_set_results */ ;
/*!50003 SET @saved_col_connection = @@collation_connection */ ;
/*!50003 SET character_set_client  = utf8 */ ;
/*!50003 SET character_set_results = utf8 */ ;
/*!50003 SET collation_connection  = utf8_general_ci */ ;
/*!50003 SET @saved_sql_mode       = @@sql_mode */ ;
/*!50003 SET sql_mode              = 'STRICT_TRANS_TABLES,NO_AUTO_CREATE_USER,NO_ENGINE_SUBSTITUTION' */ ;
DELIMITER ;;
CREATE DEFINER=`root`@`localhost` PROCEDURE `pArtifactPropertyValueInsert`(
in ARTIFACTPROPVALUETOPROPERTY bigint,
in ARTIFACTTOPROPERTYVALUE bigint,
in PROPERTYVALUE varchar(2000),
in CREATEDBY varchar(30)
)
BEGIN

DECLARE artifactPropertyValueId bigint DEFAULT 0;

CALL pGenerateSequentialKey('ARTIFACTPROPERTYVALUE_GEN', artifactPropertyValueId);

INSERT INTO ArtifactPropertyValue (ARTIFACTPROPERTYVALUEID, ARTIFACTPROPVALUETOPROPERTY, ARTIFACTTOPROPERTYVALUE, PROPERTYVALUE, VERSION, CREATEDBY, UPDATEDBY, CREATEDON, UPDATEDON)
VALUES (artifactPropertyValueId, ARTIFACTPROPVALUETOPROPERTY, ARTIFACTTOPROPERTYVALUE, PROPERTYVALUE, CURRENT_TIMESTAMP, CreatedBy, CreatedBy, NOW(), NOW());


END ;;
DELIMITER ;
/*!50003 SET sql_mode              = @saved_sql_mode */ ;
/*!50003 SET character_set_client  = @saved_cs_client */ ;
/*!50003 SET character_set_results = @saved_cs_results */ ;
/*!50003 SET collation_connection  = @saved_col_connection */ ;
/*!50003 DROP PROCEDURE IF EXISTS `pArtifactPropertyValueUpdate` */;
/*!50003 SET @saved_cs_client      = @@character_set_client */ ;
/*!50003 SET @saved_cs_results     = @@character_set_results */ ;
/*!50003 SET @saved_col_connection = @@collation_connection */ ;
/*!50003 SET character_set_client  = utf8 */ ;
/*!50003 SET character_set_results = utf8 */ ;
/*!50003 SET collation_connection  = utf8_general_ci */ ;
/*!50003 SET @saved_sql_mode       = @@sql_mode */ ;
/*!50003 SET sql_mode              = 'STRICT_TRANS_TABLES,NO_AUTO_CREATE_USER,NO_ENGINE_SUBSTITUTION' */ ;
DELIMITER ;;
CREATE DEFINER=`root`@`localhost` PROCEDURE `pArtifactPropertyValueUpdate`(
in ARTIFACTPROPERTYVALUEID bigint,
in ARTIFACTPROPVALUETOPROPERTY bigint,
in ARTIFACTTOPROPERTYVALUE bigint,
in PROPERTYVALUE varchar(2000),
in UPDATEDBY varchar(30)
)
BEGIN
UPDATE ARTIFACTPROPERTYVALUE
SET ARTIFACTPROPERTYVALUE.ARTIFACTPROPVALUETOPROPERTY = ARTIFACTPROPVALUETOPROPERTY,
ARTIFACTPROPERTYVALUE.ARTIFACTTOPROPERTYVALUE = ARTIFACTTOPROPERTYVALUE,
ARTIFACTPROPERTYVALUE.PROPERTYVALUE = PROPERTYVALUE,
ARTIFACTPROPERTYVALUE.UPDATEDBY = UPDATEDBY,
ARTIFACTPROPERTYVALUE.UpdatedOn = Now()
WHERE ARTIFACTPROPERTYVALUE.ARTIFACTPROPERTYVALUEID = ARTIFACTPROPERTYVALUEID;
END ;;
DELIMITER ;
/*!50003 SET sql_mode              = @saved_sql_mode */ ;
/*!50003 SET character_set_client  = @saved_cs_client */ ;
/*!50003 SET character_set_results = @saved_cs_results */ ;
/*!50003 SET collation_connection  = @saved_col_connection */ ;
/*!50003 DROP PROCEDURE IF EXISTS `pAssociationDelete` */;
/*!50003 SET @saved_cs_client      = @@character_set_client */ ;
/*!50003 SET @saved_cs_results     = @@character_set_results */ ;
/*!50003 SET @saved_col_connection = @@collation_connection */ ;
/*!50003 SET character_set_client  = utf8 */ ;
/*!50003 SET character_set_results = utf8 */ ;
/*!50003 SET collation_connection  = utf8_general_ci */ ;
/*!50003 SET @saved_sql_mode       = @@sql_mode */ ;
/*!50003 SET sql_mode              = 'STRICT_TRANS_TABLES,NO_AUTO_CREATE_USER,NO_ENGINE_SUBSTITUTION' */ ;
DELIMITER ;;
CREATE DEFINER=`root`@`localhost` PROCEDURE `pAssociationDelete`(in associationId bigint)
BEGIN
	DELETE FROM Association where Association.AssociationId = associationId;
END ;;
DELIMITER ;
/*!50003 SET sql_mode              = @saved_sql_mode */ ;
/*!50003 SET character_set_client  = @saved_cs_client */ ;
/*!50003 SET character_set_results = @saved_cs_results */ ;
/*!50003 SET collation_connection  = @saved_col_connection */ ;
/*!50003 DROP PROCEDURE IF EXISTS `pAssociationInsert` */;
/*!50003 SET @saved_cs_client      = @@character_set_client */ ;
/*!50003 SET @saved_cs_results     = @@character_set_results */ ;
/*!50003 SET @saved_col_connection = @@collation_connection */ ;
/*!50003 SET character_set_client  = utf8 */ ;
/*!50003 SET character_set_results = utf8 */ ;
/*!50003 SET collation_connection  = utf8_general_ci */ ;
/*!50003 SET @saved_sql_mode       = @@sql_mode */ ;
/*!50003 SET sql_mode              = 'STRICT_TRANS_TABLES,NO_AUTO_CREATE_USER,NO_ENGINE_SUBSTITUTION' */ ;
DELIMITER ;;
CREATE DEFINER=`root`@`localhost` PROCEDURE `pAssociationInsert`(
in associationId bigint,
in owned bigint, 
in `owner` bigint,
in modelAssociation bigint,
in `name` varchar(30),
in `type` int,
in createdBy varchar(30)
)
BEGIN

/*
DECLARE associationId bigint DEFAULT 0;
CALL pGenerateSequentialKey('ASSOCIATION_GEN', associationId);
*/

INSERT INTO Association (ASSOCIATIONID, OWNED, `OWNER`, MODELASSOCIATION, `NAME`, `TYPE`, VERSION, CREATEDBY, UPDATEDBY, CREATEDON, UPDATEDON)
VALUES (associationId, owned, `owner`, modelAssociation, `Name`, `type`, CURRENT_TIMESTAMP, CreatedBy, CreatedBy, NOW(), NOW());

END ;;
DELIMITER ;
/*!50003 SET sql_mode              = @saved_sql_mode */ ;
/*!50003 SET character_set_client  = @saved_cs_client */ ;
/*!50003 SET character_set_results = @saved_cs_results */ ;
/*!50003 SET collation_connection  = @saved_col_connection */ ;
/*!50003 DROP PROCEDURE IF EXISTS `pAssociationUpdate` */;
/*!50003 SET @saved_cs_client      = @@character_set_client */ ;
/*!50003 SET @saved_cs_results     = @@character_set_results */ ;
/*!50003 SET @saved_col_connection = @@collation_connection */ ;
/*!50003 SET character_set_client  = utf8 */ ;
/*!50003 SET character_set_results = utf8 */ ;
/*!50003 SET collation_connection  = utf8_general_ci */ ;
/*!50003 SET @saved_sql_mode       = @@sql_mode */ ;
/*!50003 SET sql_mode              = 'STRICT_TRANS_TABLES,NO_AUTO_CREATE_USER,NO_ENGINE_SUBSTITUTION' */ ;
DELIMITER ;;
CREATE DEFINER=`root`@`localhost` PROCEDURE `pAssociationUpdate`(
in associationId bigint,
in owned bigint,
in `owner` bigint,
in modelAssociation bigint,
in `Name` varchar(30),
in `Type` int,
in UpdatedBy varchar(30)
)
BEGIN
UPDATE `association`
SET
association.owned = owned,
association.`owner` = `owner`,
association.`ModelAssociation` = modelAssociation,
association.`NAME` = `Name`,
association.`TYPE` = `Type`,
association.`VERSION` = CURRENT_TIMESTAMP,
association.`UPDATEDBY` = UpdatedBy,
association.`UPDATEDON` = Now()
WHERE association.AssociationId = associationId;

END ;;
DELIMITER ;
/*!50003 SET sql_mode              = @saved_sql_mode */ ;
/*!50003 SET character_set_client  = @saved_cs_client */ ;
/*!50003 SET character_set_results = @saved_cs_results */ ;
/*!50003 SET collation_connection  = @saved_col_connection */ ;
/*!50003 DROP PROCEDURE IF EXISTS `pAttributeDelete` */;
/*!50003 SET @saved_cs_client      = @@character_set_client */ ;
/*!50003 SET @saved_cs_results     = @@character_set_results */ ;
/*!50003 SET @saved_col_connection = @@collation_connection */ ;
/*!50003 SET character_set_client  = utf8 */ ;
/*!50003 SET character_set_results = utf8 */ ;
/*!50003 SET collation_connection  = utf8_general_ci */ ;
/*!50003 SET @saved_sql_mode       = @@sql_mode */ ;
/*!50003 SET sql_mode              = 'STRICT_TRANS_TABLES,NO_AUTO_CREATE_USER,NO_ENGINE_SUBSTITUTION' */ ;
DELIMITER ;;
CREATE DEFINER=`root`@`localhost` PROCEDURE `pAttributeDelete`(in AttributeId bigint)
BEGIN
	DELETE FROM Attribute where Attribute.AttributeId = AttributeId;
END ;;
DELIMITER ;
/*!50003 SET sql_mode              = @saved_sql_mode */ ;
/*!50003 SET character_set_client  = @saved_cs_client */ ;
/*!50003 SET character_set_results = @saved_cs_results */ ;
/*!50003 SET collation_connection  = @saved_col_connection */ ;
/*!50003 DROP PROCEDURE IF EXISTS `pAttributeInsert` */;
/*!50003 SET @saved_cs_client      = @@character_set_client */ ;
/*!50003 SET @saved_cs_results     = @@character_set_results */ ;
/*!50003 SET @saved_col_connection = @@collation_connection */ ;
/*!50003 SET character_set_client  = utf8 */ ;
/*!50003 SET character_set_results = utf8 */ ;
/*!50003 SET collation_connection  = utf8_general_ci */ ;
/*!50003 SET @saved_sql_mode       = @@sql_mode */ ;
/*!50003 SET sql_mode              = 'STRICT_TRANS_TABLES,NO_AUTO_CREATE_USER,NO_ENGINE_SUBSTITUTION' */ ;
DELIMITER ;;
CREATE DEFINER=`root`@`localhost` PROCEDURE `pAttributeInsert`(
in attributeId bigint,
in RelationAttribute bigint,
in `Name` varchar(30),
in `Type` int,
in AttributeLength int,
in AllowNull bit,
in CreatedBy varchar(30)
)
BEGIN

/*
DECLARE attributeId bigint DEFAULT 0;
CALL pGenerateSequentialKey('ATTRIBUTE_GEN', attributeId) ;
*/

INSERT INTO `attribute`
(`ATTRIBUTEID`,
`RELATIONATTRIBUTE`,
`NAME`,
`TYPE`,
`ATTRIBUTELENGTH`,
`ALLOWNULL`,
`VERSION`,
`CREATEDBY`,
`UPDATEDBY`,
`CREATEDON`,
`UPDATEDON`)
VALUES
(
attributeId,
RelationAttribute,
`Name`,
`Type`,
AttributeLength,
AllowNull,
CURRENT_TIMESTAMP,
CreatedBy,
CreatedBy,
Now(),
Now()
);



END ;;
DELIMITER ;
/*!50003 SET sql_mode              = @saved_sql_mode */ ;
/*!50003 SET character_set_client  = @saved_cs_client */ ;
/*!50003 SET character_set_results = @saved_cs_results */ ;
/*!50003 SET collation_connection  = @saved_col_connection */ ;
/*!50003 DROP PROCEDURE IF EXISTS `pAttributeUpdate` */;
/*!50003 SET @saved_cs_client      = @@character_set_client */ ;
/*!50003 SET @saved_cs_results     = @@character_set_results */ ;
/*!50003 SET @saved_col_connection = @@collation_connection */ ;
/*!50003 SET character_set_client  = utf8 */ ;
/*!50003 SET character_set_results = utf8 */ ;
/*!50003 SET collation_connection  = utf8_general_ci */ ;
/*!50003 SET @saved_sql_mode       = @@sql_mode */ ;
/*!50003 SET sql_mode              = 'STRICT_TRANS_TABLES,NO_AUTO_CREATE_USER,NO_ENGINE_SUBSTITUTION' */ ;
DELIMITER ;;
CREATE DEFINER=`root`@`localhost` PROCEDURE `pAttributeUpdate`(
in AttributeId bigint,
in RelationAttribute bigint,
in `Name` varchar(30),
in `Type` int,
in AttributeLength int,
in AllowNull bit,
in UpdatedBy varchar(30)
)
BEGIN
UPDATE `attribute`
SET
attribute.`ATTRIBUTEID` = AttributeId,
attribute.`RELATIONATTRIBUTE` = RelationAttribute,
attribute.`NAME` = `Name`,
attribute.`TYPE` = `Type`,
attribute.`ATTRIBUTELENGTH` = AttributeLength,
attribute.`ALLOWNULL` = AllowNull,
attribute.`VERSION` = CURRENT_TIMESTAMP,
attribute.`UPDATEDBY` = UpdatedBy,
attribute.`UPDATEDON` = Now()
WHERE attribute.AttributeId = AttributeId;
END ;;
DELIMITER ;
/*!50003 SET sql_mode              = @saved_sql_mode */ ;
/*!50003 SET character_set_client  = @saved_cs_client */ ;
/*!50003 SET character_set_results = @saved_cs_results */ ;
/*!50003 SET collation_connection  = @saved_col_connection */ ;
/*!50003 DROP PROCEDURE IF EXISTS `pBuildDelete` */;
/*!50003 SET @saved_cs_client      = @@character_set_client */ ;
/*!50003 SET @saved_cs_results     = @@character_set_results */ ;
/*!50003 SET @saved_col_connection = @@collation_connection */ ;
/*!50003 SET character_set_client  = utf8 */ ;
/*!50003 SET character_set_results = utf8 */ ;
/*!50003 SET collation_connection  = utf8_general_ci */ ;
/*!50003 SET @saved_sql_mode       = @@sql_mode */ ;
/*!50003 SET sql_mode              = 'STRICT_TRANS_TABLES,NO_AUTO_CREATE_USER,NO_ENGINE_SUBSTITUTION' */ ;
DELIMITER ;;
CREATE DEFINER=`root`@`localhost` PROCEDURE `pBuildDelete`(BuildId BIGINT)
BEGIN
DELETE FROM Build where Build.BuildId = BuildId;
END ;;
DELIMITER ;
/*!50003 SET sql_mode              = @saved_sql_mode */ ;
/*!50003 SET character_set_client  = @saved_cs_client */ ;
/*!50003 SET character_set_results = @saved_cs_results */ ;
/*!50003 SET collation_connection  = @saved_col_connection */ ;
/*!50003 DROP PROCEDURE IF EXISTS `pBuildInsert` */;
/*!50003 SET @saved_cs_client      = @@character_set_client */ ;
/*!50003 SET @saved_cs_results     = @@character_set_results */ ;
/*!50003 SET @saved_col_connection = @@collation_connection */ ;
/*!50003 SET character_set_client  = utf8 */ ;
/*!50003 SET character_set_results = utf8 */ ;
/*!50003 SET collation_connection  = utf8_general_ci */ ;
/*!50003 SET @saved_sql_mode       = @@sql_mode */ ;
/*!50003 SET sql_mode              = 'STRICT_TRANS_TABLES,NO_AUTO_CREATE_USER,NO_ENGINE_SUBSTITUTION' */ ;
DELIMITER ;;
CREATE DEFINER=`root`@`localhost` PROCEDURE `pBuildInsert`(
	in BuildId bigint,
  in `MODELTOBUILD` bigint(20) ,
  in `HOST` varchar(256),
  in `PORT` int(11) ,
  in `DATABASESERVER` varchar(256) ,
  in `NAME` varchar(40) ,
  in `PROJECTPATH` varchar(256) ,
  in `EBJNAME` varchar(40) ,
  in `WARNAME` varchar(40) ,
  in `PERSISTENCENAME` varchar(999) ,
  in `PACKAGECOM` varchar(40) ,
  in `PACKAGEDOT` varchar(40) ,
  in `DATABASENAME` varchar(256) ,
  in `MEMBERSHIPSERVER` varchar(256) ,
  in `TEMPLATEPATH` varchar(260) ,
  in `TOOLSPATH` varchar(260) ,
  in `LIBPATH` varchar(260) ,
  in `SERVERTYPE` int(11) ,
  in `HOSTPLATFORM` int(11) ,
  in `MEMBERSHIPDATABASE` varchar(256) ,
  in `SERVICEHOST` varchar(256) ,
  in `SERVICEPORT` int(11) ,
   in `CREATEDBY` varchar(30)
)
BEGIN

/*
DECLARE buildId bigint DEFAULT 0;
CALL pGenerateSequentialKey('BUILD_GEN', buildId);
*/

INSERT INTO `build`
(`BUILDID`,
`MODELTOBUILD`,
`HOST`,
`PORT`,
`DATABASESERVER`,
`NAME`,
`PROJECTPATH`,
`EBJNAME`,
`WARNAME`,
`PERSISTENCENAME`,
`PACKAGECOM`,
`PACKAGEDOT`,
`DATABASENAME`,
`MEMBERSHIPSERVER`,
`TEMPLATEPATH`,
`TOOLSPATH`,
`LIBPATH`,
`SERVERTYPE`,
`HOSTPLATFORM`,
`MEMBERSHIPDATABASE`,
`SERVICEHOST`,
`SERVICEPORT`,
`VERSION`,
`CREATEDBY`,
`UPDATEDBY`,
`CREATEDON`,
`UPDATEDON`)
VALUES
(
BuildId,
MODELTOBUILD,
HOST,
PORT,
DATABASESERVER,
NAME,
PROJECTPATH,
EBJNAME,
WARNAME,
PERSISTENCENAME,
PACKAGECOM,
PACKAGEDOT,
DATABASENAME,
MEMBERSHIPSERVER,
TEMPLATEPATH,
TOOLSPATH,
LIBPATH,
SERVERTYPE,
HOSTPLATFORM,
MEMBERSHIPDATABASE,
SERVICEHOST,
SERVICEPORT,
CURRENT_TIMESTAMP,
CREATEDBY,
CREATEDBY,
NOW(),
NOW()
);


END ;;
DELIMITER ;
/*!50003 SET sql_mode              = @saved_sql_mode */ ;
/*!50003 SET character_set_client  = @saved_cs_client */ ;
/*!50003 SET character_set_results = @saved_cs_results */ ;
/*!50003 SET collation_connection  = @saved_col_connection */ ;
/*!50003 DROP PROCEDURE IF EXISTS `pBuildUpdate` */;
/*!50003 SET @saved_cs_client      = @@character_set_client */ ;
/*!50003 SET @saved_cs_results     = @@character_set_results */ ;
/*!50003 SET @saved_col_connection = @@collation_connection */ ;
/*!50003 SET character_set_client  = utf8 */ ;
/*!50003 SET character_set_results = utf8 */ ;
/*!50003 SET collation_connection  = utf8_general_ci */ ;
/*!50003 SET @saved_sql_mode       = @@sql_mode */ ;
/*!50003 SET sql_mode              = 'STRICT_TRANS_TABLES,NO_AUTO_CREATE_USER,NO_ENGINE_SUBSTITUTION' */ ;
DELIMITER ;;
CREATE DEFINER=`root`@`localhost` PROCEDURE `pBuildUpdate`(
`BUILDID` bigint(20),
`MODELTOBUILD` bigint(20) ,
  `HOST` varchar(256),
  `PORT` int(11) ,
  `DATABASESERVER` varchar(256) ,
  `NAME` varchar(40) ,
  `PROJECTPATH` varchar(256) ,
  `EBJNAME` varchar(40) ,
  `WARNAME` varchar(40) ,
  `PERSISTENCENAME` varchar(999) ,
  `PACKAGECOM` varchar(40) ,
  `PACKAGEDOT` varchar(40) ,
  `DATABASENAME` varchar(256) ,
  `MEMBERSHIPSERVER` varchar(256) ,
  `TEMPLATEPATH` varchar(260) ,
  `TOOLSPATH` varchar(260) ,
  `LIBPATH` varchar(260) ,
  `SERVERTYPE` int(11) ,
  `HOSTPLATFORM` int(11) ,
  `MEMBERSHIPDATABASE` varchar(256) ,
  `SERVICEHOST` varchar(256) ,
  `SERVICEPORT` int(11) ,
   `UPDATEDBY` varchar(30)
)
BEGIN

UPDATE `build`
SET
 build.`MODELTOBUILD` = MODELTOBUILD,
 build.`HOST` = HOST,
 build.`PORT` = PORT,
 build.`DATABASESERVER` = DATABASESERVER,
 build.`NAME` = NAME,
 build.`PROJECTPATH` = PROJECTPATH,
 build.`EBJNAME` = EBJNAME,
 build.`WARNAME` = WARNAME,
 build.`PERSISTENCENAME` = PERSISTENCENAME,
 build.`PACKAGECOM` = PACKAGECOM,
 build.`PACKAGEDOT` = PACKAGEDOT,
 build.`DATABASENAME` = DATABASENAME,
 build.`MEMBERSHIPSERVER` = MEMBERSHIPSERVER,
 build.`TEMPLATEPATH` = TEMPLATEPATH,
 build.`TOOLSPATH` = TOOLSPATH,
 build.`LIBPATH` = LIBPATH,
 build.`SERVERTYPE` = SERVERTYPE,
 build.`HOSTPLATFORM` = HOSTPLATFORM,
 build.`MEMBERSHIPDATABASE` = MEMBERSHIPDATABASE,
 build.`SERVICEHOST` = SERVICEHOST,
 build.`SERVICEPORT` = SERVICEPORT,
  build.`UPDATEDBY` = UPDATEDBY,
 build.`UPDATEDON` = Now()
WHERE build.`BUILDID` = BUILDID;


END ;;
DELIMITER ;
/*!50003 SET sql_mode              = @saved_sql_mode */ ;
/*!50003 SET character_set_client  = @saved_cs_client */ ;
/*!50003 SET character_set_results = @saved_cs_results */ ;
/*!50003 SET collation_connection  = @saved_col_connection */ ;
/*!50003 DROP PROCEDURE IF EXISTS `pGenerateSequentialKey` */;
/*!50003 SET @saved_cs_client      = @@character_set_client */ ;
/*!50003 SET @saved_cs_results     = @@character_set_results */ ;
/*!50003 SET @saved_col_connection = @@collation_connection */ ;
/*!50003 SET character_set_client  = utf8 */ ;
/*!50003 SET character_set_results = utf8 */ ;
/*!50003 SET collation_connection  = utf8_general_ci */ ;
/*!50003 SET @saved_sql_mode       = @@sql_mode */ ;
/*!50003 SET sql_mode              = 'STRICT_TRANS_TABLES,NO_AUTO_CREATE_USER,NO_ENGINE_SUBSTITUTION' */ ;
DELIMITER ;;
CREATE DEFINER=`root`@`localhost` PROCEDURE `pGenerateSequentialKey`(IN sequenceName CHAR(50), out sequenceValue BIGINT)
BEGIN

IF (SELECT 1 = 1 FROM woosterizer_dev.id_gen WHERE SEQ_NAME = sequenceName) THEN
BEGIN
    UPDATE woosterizer_dev.id_gen SET SEQ_VALUE = SEQ_VALUE + 1 WHERE SEQ_NAME =  sequenceName;
END;
ELSE
BEGIN
    INSERT INTO woosterizer_dev.id_gen (SEQ_NAME, SEQ_VALUE) VALUES(sequenceName, 0);
END;
END IF;

SELECT SEQ_VALUE FROM woosterizer_dev.id_gen WHERE SEQ_NAME =  sequenceName INTO sequenceValue;
END ;;
DELIMITER ;
/*!50003 SET sql_mode              = @saved_sql_mode */ ;
/*!50003 SET character_set_client  = @saved_cs_client */ ;
/*!50003 SET character_set_results = @saved_cs_results */ ;
/*!50003 SET collation_connection  = @saved_col_connection */ ;
/*!50003 DROP PROCEDURE IF EXISTS `pListDetailDelete` */;
/*!50003 SET @saved_cs_client      = @@character_set_client */ ;
/*!50003 SET @saved_cs_results     = @@character_set_results */ ;
/*!50003 SET @saved_col_connection = @@collation_connection */ ;
/*!50003 SET character_set_client  = utf8 */ ;
/*!50003 SET character_set_results = utf8 */ ;
/*!50003 SET collation_connection  = utf8_general_ci */ ;
/*!50003 SET @saved_sql_mode       = @@sql_mode */ ;
/*!50003 SET sql_mode              = 'STRICT_TRANS_TABLES,NO_AUTO_CREATE_USER,NO_ENGINE_SUBSTITUTION' */ ;
DELIMITER ;;
CREATE DEFINER=`root`@`localhost` PROCEDURE `pListDetailDelete`(
in LISTDETAILId bigint
)
BEGIN
	DELETE FROM LISTDETAIL where LISTDETAIL.LISTDETAILId = LISTDETAILId;
END ;;
DELIMITER ;
/*!50003 SET sql_mode              = @saved_sql_mode */ ;
/*!50003 SET character_set_client  = @saved_cs_client */ ;
/*!50003 SET character_set_results = @saved_cs_results */ ;
/*!50003 SET collation_connection  = @saved_col_connection */ ;
/*!50003 DROP PROCEDURE IF EXISTS `pListDetailInsert` */;
/*!50003 SET @saved_cs_client      = @@character_set_client */ ;
/*!50003 SET @saved_cs_results     = @@character_set_results */ ;
/*!50003 SET @saved_col_connection = @@collation_connection */ ;
/*!50003 SET character_set_client  = utf8 */ ;
/*!50003 SET character_set_results = utf8 */ ;
/*!50003 SET collation_connection  = utf8_general_ci */ ;
/*!50003 SET @saved_sql_mode       = @@sql_mode */ ;
/*!50003 SET sql_mode              = 'STRICT_TRANS_TABLES,NO_AUTO_CREATE_USER,NO_ENGINE_SUBSTITUTION' */ ;
DELIMITER ;;
CREATE DEFINER=`root`@`localhost` PROCEDURE `pListDetailInsert`(
in `LISTHEADERTODETAIL` BIGINT (20),

in `CODE` NVARCHAR(5)
,in `LABEL` NVARCHAR(40)

,in CREATEDBY varchar(30)
)
BEGIN
DECLARE LISTDETAILID bigint DEFAULT 0;
CALL pGenerateSequentialKey('LISTDETAIL_GEN', LISTDETAILID);
INSERT INTO LISTDETAIL (LISTDETAILID,  `LISTHEADERTODETAIL`, `CODE`,`LABEL` ,VERSION, CREATEDBY, UPDATEDBY, CREATEDON, UPDATEDON)
VALUES (LISTDETAILID,  `LISTHEADERTODETAIL`, `CODE`,`LABEL` ,CURRENT_TIMESTAMP, CREATEDBY, CREATEDBY, NOW(), NOW());
END ;;
DELIMITER ;
/*!50003 SET sql_mode              = @saved_sql_mode */ ;
/*!50003 SET character_set_client  = @saved_cs_client */ ;
/*!50003 SET character_set_results = @saved_cs_results */ ;
/*!50003 SET collation_connection  = @saved_col_connection */ ;
/*!50003 DROP PROCEDURE IF EXISTS `pListDetailUpdate` */;
/*!50003 SET @saved_cs_client      = @@character_set_client */ ;
/*!50003 SET @saved_cs_results     = @@character_set_results */ ;
/*!50003 SET @saved_col_connection = @@collation_connection */ ;
/*!50003 SET character_set_client  = utf8 */ ;
/*!50003 SET character_set_results = utf8 */ ;
/*!50003 SET collation_connection  = utf8_general_ci */ ;
/*!50003 SET @saved_sql_mode       = @@sql_mode */ ;
/*!50003 SET sql_mode              = 'STRICT_TRANS_TABLES,NO_AUTO_CREATE_USER,NO_ENGINE_SUBSTITUTION' */ ;
DELIMITER ;;
CREATE DEFINER=`root`@`localhost` PROCEDURE `pListDetailUpdate`(
in LISTDETAILId bigint,
in `LISTHEADERTODETAIL` BIGINT (20),

in `CODE` NVARCHAR(5)
,in `LABEL` NVARCHAR(40)

,in UPDATEDBY varchar(30)
)
BEGIN

UPDATE LISTDETAIL SET
LISTDETAIL.`LISTHEADERTODETAIL` = `LISTHEADERTODETAIL`,

LISTDETAIL.`CODE` = `CODE`
,LISTDETAIL.`LABEL` = `LABEL`
,
LISTDETAIL.VERSION = CURRENT_TIMESTAMP,
LISTDETAIL.UPDATEDBY = UPDATEDBY, 
LISTDETAIL.UPDATEDON = Now()
WHERE LISTDETAIL.LISTDETAILID =  LISTDETAILId;
END ;;
DELIMITER ;
/*!50003 SET sql_mode              = @saved_sql_mode */ ;
/*!50003 SET character_set_client  = @saved_cs_client */ ;
/*!50003 SET character_set_results = @saved_cs_results */ ;
/*!50003 SET collation_connection  = @saved_col_connection */ ;
/*!50003 DROP PROCEDURE IF EXISTS `pListHeaderDelete` */;
/*!50003 SET @saved_cs_client      = @@character_set_client */ ;
/*!50003 SET @saved_cs_results     = @@character_set_results */ ;
/*!50003 SET @saved_col_connection = @@collation_connection */ ;
/*!50003 SET character_set_client  = utf8 */ ;
/*!50003 SET character_set_results = utf8 */ ;
/*!50003 SET collation_connection  = utf8_general_ci */ ;
/*!50003 SET @saved_sql_mode       = @@sql_mode */ ;
/*!50003 SET sql_mode              = 'STRICT_TRANS_TABLES,NO_AUTO_CREATE_USER,NO_ENGINE_SUBSTITUTION' */ ;
DELIMITER ;;
CREATE DEFINER=`root`@`localhost` PROCEDURE `pListHeaderDelete`(
in LISTHEADERId bigint
)
BEGIN
	DELETE FROM LISTHEADER where LISTHEADER.LISTHEADERId = LISTHEADERId;
END ;;
DELIMITER ;
/*!50003 SET sql_mode              = @saved_sql_mode */ ;
/*!50003 SET character_set_client  = @saved_cs_client */ ;
/*!50003 SET character_set_results = @saved_cs_results */ ;
/*!50003 SET collation_connection  = @saved_col_connection */ ;
/*!50003 DROP PROCEDURE IF EXISTS `pListHeaderInsert` */;
/*!50003 SET @saved_cs_client      = @@character_set_client */ ;
/*!50003 SET @saved_cs_results     = @@character_set_results */ ;
/*!50003 SET @saved_col_connection = @@collation_connection */ ;
/*!50003 SET character_set_client  = utf8 */ ;
/*!50003 SET character_set_results = utf8 */ ;
/*!50003 SET collation_connection  = utf8_general_ci */ ;
/*!50003 SET @saved_sql_mode       = @@sql_mode */ ;
/*!50003 SET sql_mode              = 'STRICT_TRANS_TABLES,NO_AUTO_CREATE_USER,NO_ENGINE_SUBSTITUTION' */ ;
DELIMITER ;;
CREATE DEFINER=`root`@`localhost` PROCEDURE `pListHeaderInsert`(
in `NAME` NVARCHAR(40)

,in CREATEDBY varchar(30)
)
BEGIN
DECLARE LISTHEADERID bigint DEFAULT 0;
CALL pGenerateSequentialKey('LISTHEADER_GEN', LISTHEADERID);
INSERT INTO LISTHEADER (LISTHEADERID,   `NAME` ,VERSION, CREATEDBY, UPDATEDBY, CREATEDON, UPDATEDON)
VALUES (LISTHEADERID,   `NAME` ,CURRENT_TIMESTAMP, CREATEDBY, CREATEDBY, NOW(), NOW());
END ;;
DELIMITER ;
/*!50003 SET sql_mode              = @saved_sql_mode */ ;
/*!50003 SET character_set_client  = @saved_cs_client */ ;
/*!50003 SET character_set_results = @saved_cs_results */ ;
/*!50003 SET collation_connection  = @saved_col_connection */ ;
/*!50003 DROP PROCEDURE IF EXISTS `pListHeaderUpdate` */;
/*!50003 SET @saved_cs_client      = @@character_set_client */ ;
/*!50003 SET @saved_cs_results     = @@character_set_results */ ;
/*!50003 SET @saved_col_connection = @@collation_connection */ ;
/*!50003 SET character_set_client  = utf8 */ ;
/*!50003 SET character_set_results = utf8 */ ;
/*!50003 SET collation_connection  = utf8_general_ci */ ;
/*!50003 SET @saved_sql_mode       = @@sql_mode */ ;
/*!50003 SET sql_mode              = 'STRICT_TRANS_TABLES,NO_AUTO_CREATE_USER,NO_ENGINE_SUBSTITUTION' */ ;
DELIMITER ;;
CREATE DEFINER=`root`@`localhost` PROCEDURE `pListHeaderUpdate`(
in LISTHEADERId bigint,
in `NAME` NVARCHAR(40)

,in UPDATEDBY varchar(30)
)
BEGIN

UPDATE LISTHEADER SET
LISTHEADER.`NAME` = `NAME`
,
LISTHEADER.VERSION = CURRENT_TIMESTAMP,
LISTHEADER.UPDATEDBY = UPDATEDBY, 
LISTHEADER.UPDATEDON = Now()
WHERE LISTHEADER.LISTHEADERID =  LISTHEADERId;
END ;;
DELIMITER ;
/*!50003 SET sql_mode              = @saved_sql_mode */ ;
/*!50003 SET character_set_client  = @saved_cs_client */ ;
/*!50003 SET character_set_results = @saved_cs_results */ ;
/*!50003 SET collation_connection  = @saved_col_connection */ ;
/*!50003 DROP PROCEDURE IF EXISTS `pMasterCategoryDelete` */;
/*!50003 SET @saved_cs_client      = @@character_set_client */ ;
/*!50003 SET @saved_cs_results     = @@character_set_results */ ;
/*!50003 SET @saved_col_connection = @@collation_connection */ ;
/*!50003 SET character_set_client  = utf8 */ ;
/*!50003 SET character_set_results = utf8 */ ;
/*!50003 SET collation_connection  = utf8_general_ci */ ;
/*!50003 SET @saved_sql_mode       = @@sql_mode */ ;
/*!50003 SET sql_mode              = 'STRICT_TRANS_TABLES,NO_AUTO_CREATE_USER,NO_ENGINE_SUBSTITUTION' */ ;
DELIMITER ;;
CREATE DEFINER=`root`@`localhost` PROCEDURE `pMasterCategoryDelete`(
in MASTERCATEGORYId bigint
)
BEGIN
	DELETE FROM MASTERCATEGORY where MASTERCATEGORY.MASTERCATEGORYId = MASTERCATEGORYId;
END ;;
DELIMITER ;
/*!50003 SET sql_mode              = @saved_sql_mode */ ;
/*!50003 SET character_set_client  = @saved_cs_client */ ;
/*!50003 SET character_set_results = @saved_cs_results */ ;
/*!50003 SET collation_connection  = @saved_col_connection */ ;
/*!50003 DROP PROCEDURE IF EXISTS `pMasterCategoryInsert` */;
/*!50003 SET @saved_cs_client      = @@character_set_client */ ;
/*!50003 SET @saved_cs_results     = @@character_set_results */ ;
/*!50003 SET @saved_col_connection = @@collation_connection */ ;
/*!50003 SET character_set_client  = utf8 */ ;
/*!50003 SET character_set_results = utf8 */ ;
/*!50003 SET collation_connection  = utf8_general_ci */ ;
/*!50003 SET @saved_sql_mode       = @@sql_mode */ ;
/*!50003 SET sql_mode              = 'STRICT_TRANS_TABLES,NO_AUTO_CREATE_USER,NO_ENGINE_SUBSTITUTION' */ ;
DELIMITER ;;
CREATE DEFINER=`root`@`localhost` PROCEDURE `pMasterCategoryInsert`(
in `NAME` NVARCHAR(40)

,in CREATEDBY varchar(30)
)
BEGIN
DECLARE MASTERCATEGORYID bigint DEFAULT 0;
CALL pGenerateSequentialKey('MASTERCATEGORY_GEN', MASTERCATEGORYID);
INSERT INTO MASTERCATEGORY (MASTERCATEGORYID,   `NAME` ,VERSION, CREATEDBY, UPDATEDBY, CREATEDON, UPDATEDON)
VALUES (MASTERCATEGORYID,   `NAME` ,CURRENT_TIMESTAMP, CREATEDBY, CREATEDBY, NOW(), NOW());
END ;;
DELIMITER ;
/*!50003 SET sql_mode              = @saved_sql_mode */ ;
/*!50003 SET character_set_client  = @saved_cs_client */ ;
/*!50003 SET character_set_results = @saved_cs_results */ ;
/*!50003 SET collation_connection  = @saved_col_connection */ ;
/*!50003 DROP PROCEDURE IF EXISTS `pMasterCategoryUpdate` */;
/*!50003 SET @saved_cs_client      = @@character_set_client */ ;
/*!50003 SET @saved_cs_results     = @@character_set_results */ ;
/*!50003 SET @saved_col_connection = @@collation_connection */ ;
/*!50003 SET character_set_client  = utf8 */ ;
/*!50003 SET character_set_results = utf8 */ ;
/*!50003 SET collation_connection  = utf8_general_ci */ ;
/*!50003 SET @saved_sql_mode       = @@sql_mode */ ;
/*!50003 SET sql_mode              = 'STRICT_TRANS_TABLES,NO_AUTO_CREATE_USER,NO_ENGINE_SUBSTITUTION' */ ;
DELIMITER ;;
CREATE DEFINER=`root`@`localhost` PROCEDURE `pMasterCategoryUpdate`(
in MASTERCATEGORYId bigint,
in `NAME` NVARCHAR(40)

,in UPDATEDBY varchar(30)
)
BEGIN

UPDATE MASTERCATEGORY SET
 
 
MASTERCATEGORY.`NAME` = `NAME`
,
MASTERCATEGORY.VERSION = CURRENT_TIMESTAMP,
MASTERCATEGORY.UPDATEDBY = UPDATEDBY, 
MASTERCATEGORY.UPDATEDON = Now()
WHERE MASTERCATEGORY.MASTERCATEGORYID =  MASTERCATEGORYId;
END ;;
DELIMITER ;
/*!50003 SET sql_mode              = @saved_sql_mode */ ;
/*!50003 SET character_set_client  = @saved_cs_client */ ;
/*!50003 SET character_set_results = @saved_cs_results */ ;
/*!50003 SET collation_connection  = @saved_col_connection */ ;
/*!50003 DROP PROCEDURE IF EXISTS `pMasterPropertyDelete` */;
/*!50003 SET @saved_cs_client      = @@character_set_client */ ;
/*!50003 SET @saved_cs_results     = @@character_set_results */ ;
/*!50003 SET @saved_col_connection = @@collation_connection */ ;
/*!50003 SET character_set_client  = utf8 */ ;
/*!50003 SET character_set_results = utf8 */ ;
/*!50003 SET collation_connection  = utf8_general_ci */ ;
/*!50003 SET @saved_sql_mode       = @@sql_mode */ ;
/*!50003 SET sql_mode              = 'STRICT_TRANS_TABLES,NO_AUTO_CREATE_USER,NO_ENGINE_SUBSTITUTION' */ ;
DELIMITER ;;
CREATE DEFINER=`root`@`localhost` PROCEDURE `pMasterPropertyDelete`(
in MASTERPROPERTYId bigint
)
BEGIN
	DELETE FROM MASTERPROPERTY where MASTERPROPERTY.MASTERPROPERTYId = MASTERPROPERTYId;
END ;;
DELIMITER ;
/*!50003 SET sql_mode              = @saved_sql_mode */ ;
/*!50003 SET character_set_client  = @saved_cs_client */ ;
/*!50003 SET character_set_results = @saved_cs_results */ ;
/*!50003 SET collation_connection  = @saved_col_connection */ ;
/*!50003 DROP PROCEDURE IF EXISTS `pMasterPropertyInsert` */;
/*!50003 SET @saved_cs_client      = @@character_set_client */ ;
/*!50003 SET @saved_cs_results     = @@character_set_results */ ;
/*!50003 SET @saved_col_connection = @@collation_connection */ ;
/*!50003 SET character_set_client  = utf8 */ ;
/*!50003 SET character_set_results = utf8 */ ;
/*!50003 SET collation_connection  = utf8_general_ci */ ;
/*!50003 SET @saved_sql_mode       = @@sql_mode */ ;
/*!50003 SET sql_mode              = 'STRICT_TRANS_TABLES,NO_AUTO_CREATE_USER,NO_ENGINE_SUBSTITUTION' */ ;
DELIMITER ;;
CREATE DEFINER=`root`@`localhost` PROCEDURE `pMasterPropertyInsert`(
in `MASTERPROPERTYTOGROUP` BIGINT (20),
in `MASTERPROPERTYTOTYPE` BIGINT (20),
in `NAME` NVARCHAR(40)
,in `DEFAULTVALUE` NVARCHAR(40)
,in `NOTES` NVARCHAR(999)

,in CREATEDBY varchar(30)
)
BEGIN
DECLARE MASTERPROPERTYID bigint DEFAULT 0;
CALL pGenerateSequentialKey('MASTERPROPERTY_GEN', MASTERPROPERTYID);
INSERT INTO MASTERPROPERTY (MASTERPROPERTYID, `MASTERPROPERTYTOGROUP`,`MASTERPROPERTYTOTYPE`,  `NAME`,`DEFAULTVALUE`,`NOTES` ,VERSION, CREATEDBY, UPDATEDBY, CREATEDON, UPDATEDON)
VALUES (MASTERPROPERTYID, `MASTERPROPERTYTOGROUP`,`MASTERPROPERTYTOTYPE`,  `NAME`,`DEFAULTVALUE`,`NOTES` ,CURRENT_TIMESTAMP, CREATEDBY, CREATEDBY, NOW(), NOW());
END ;;
DELIMITER ;
/*!50003 SET sql_mode              = @saved_sql_mode */ ;
/*!50003 SET character_set_client  = @saved_cs_client */ ;
/*!50003 SET character_set_results = @saved_cs_results */ ;
/*!50003 SET collation_connection  = @saved_col_connection */ ;
/*!50003 DROP PROCEDURE IF EXISTS `pMasterPropertyUpdate` */;
/*!50003 SET @saved_cs_client      = @@character_set_client */ ;
/*!50003 SET @saved_cs_results     = @@character_set_results */ ;
/*!50003 SET @saved_col_connection = @@collation_connection */ ;
/*!50003 SET character_set_client  = utf8 */ ;
/*!50003 SET character_set_results = utf8 */ ;
/*!50003 SET collation_connection  = utf8_general_ci */ ;
/*!50003 SET @saved_sql_mode       = @@sql_mode */ ;
/*!50003 SET sql_mode              = 'STRICT_TRANS_TABLES,NO_AUTO_CREATE_USER,NO_ENGINE_SUBSTITUTION' */ ;
DELIMITER ;;
CREATE DEFINER=`root`@`localhost` PROCEDURE `pMasterPropertyUpdate`(
in MASTERPROPERTYId bigint,
in `MASTERPROPERTYTOGROUP` BIGINT (20),
in `MASTERPROPERTYTOTYPE` BIGINT (20),
in `NAME` NVARCHAR(40)
,in `DEFAULTVALUE` NVARCHAR(40)
,in `NOTES` NVARCHAR(999)

,in UPDATEDBY varchar(30)
)
BEGIN

UPDATE MASTERPROPERTY SET
MASTERPROPERTY.`MASTERPROPERTYTOGROUP` = `MASTERPROPERTYTOGROUP`,
MASTERPROPERTY.`MASTERPROPERTYTOTYPE` = `MASTERPROPERTYTOTYPE`,
 
 
MASTERPROPERTY.`NAME` = `NAME`
,MASTERPROPERTY.`DEFAULTVALUE` = `DEFAULTVALUE`
,MASTERPROPERTY.`NOTES` = `NOTES`
,
MASTERPROPERTY.VERSION = CURRENT_TIMESTAMP,
MASTERPROPERTY.UPDATEDBY = UPDATEDBY, 
MASTERPROPERTY.UPDATEDON = Now()
WHERE MASTERPROPERTY.MASTERPROPERTYID =  MASTERPROPERTYId;
END ;;
DELIMITER ;
/*!50003 SET sql_mode              = @saved_sql_mode */ ;
/*!50003 SET character_set_client  = @saved_cs_client */ ;
/*!50003 SET character_set_results = @saved_cs_results */ ;
/*!50003 SET collation_connection  = @saved_col_connection */ ;
/*!50003 DROP PROCEDURE IF EXISTS `pMasterPropertyValueListDelete` */;
/*!50003 SET @saved_cs_client      = @@character_set_client */ ;
/*!50003 SET @saved_cs_results     = @@character_set_results */ ;
/*!50003 SET @saved_col_connection = @@collation_connection */ ;
/*!50003 SET character_set_client  = utf8 */ ;
/*!50003 SET character_set_results = utf8 */ ;
/*!50003 SET collation_connection  = utf8_general_ci */ ;
/*!50003 SET @saved_sql_mode       = @@sql_mode */ ;
/*!50003 SET sql_mode              = 'STRICT_TRANS_TABLES,NO_AUTO_CREATE_USER,NO_ENGINE_SUBSTITUTION' */ ;
DELIMITER ;;
CREATE DEFINER=`root`@`localhost` PROCEDURE `pMasterPropertyValueListDelete`(
in MASTERPROPERTYVALUELISTId bigint
)
BEGIN
	DELETE FROM MASTERPROPERTYVALUELIST where MASTERPROPERTYVALUELIST.MASTERPROPERTYVALUELISTId = MASTERPROPERTYVALUELISTId;
END ;;
DELIMITER ;
/*!50003 SET sql_mode              = @saved_sql_mode */ ;
/*!50003 SET character_set_client  = @saved_cs_client */ ;
/*!50003 SET character_set_results = @saved_cs_results */ ;
/*!50003 SET collation_connection  = @saved_col_connection */ ;
/*!50003 DROP PROCEDURE IF EXISTS `pMasterPropertyValueListInsert` */;
/*!50003 SET @saved_cs_client      = @@character_set_client */ ;
/*!50003 SET @saved_cs_results     = @@character_set_results */ ;
/*!50003 SET @saved_col_connection = @@collation_connection */ ;
/*!50003 SET character_set_client  = utf8 */ ;
/*!50003 SET character_set_results = utf8 */ ;
/*!50003 SET collation_connection  = utf8_general_ci */ ;
/*!50003 SET @saved_sql_mode       = @@sql_mode */ ;
/*!50003 SET sql_mode              = 'STRICT_TRANS_TABLES,NO_AUTO_CREATE_USER,NO_ENGINE_SUBSTITUTION' */ ;
DELIMITER ;;
CREATE DEFINER=`root`@`localhost` PROCEDURE `pMasterPropertyValueListInsert`(
in `MASTERPROPERYTOVALUELIST` BIGINT (20),

in `DISPLAY` NVARCHAR(40)
,in `NAME` NVARCHAR(40)
,in `CODE` NVARCHAR(10)

,in CREATEDBY varchar(30)
)
BEGIN
DECLARE MASTERPROPERTYVALUELISTID bigint DEFAULT 0;
CALL pGenerateSequentialKey('MASTERPROPERTYVALUELIST_GEN', MASTERPROPERTYVALUELISTID);
INSERT INTO MASTERPROPERTYVALUELIST (MASTERPROPERTYVALUELISTID,  `MASTERPROPERYTOVALUELIST`, `DISPLAY`,`NAME`,`CODE` ,VERSION, CREATEDBY, UPDATEDBY, CREATEDON, UPDATEDON)
VALUES (MASTERPROPERTYVALUELISTID,  `MASTERPROPERYTOVALUELIST`, `DISPLAY`,`NAME`,`CODE` ,CURRENT_TIMESTAMP, CREATEDBY, CREATEDBY, NOW(), NOW());
END ;;
DELIMITER ;
/*!50003 SET sql_mode              = @saved_sql_mode */ ;
/*!50003 SET character_set_client  = @saved_cs_client */ ;
/*!50003 SET character_set_results = @saved_cs_results */ ;
/*!50003 SET collation_connection  = @saved_col_connection */ ;
/*!50003 DROP PROCEDURE IF EXISTS `pMasterPropertyValueListUpdate` */;
/*!50003 SET @saved_cs_client      = @@character_set_client */ ;
/*!50003 SET @saved_cs_results     = @@character_set_results */ ;
/*!50003 SET @saved_col_connection = @@collation_connection */ ;
/*!50003 SET character_set_client  = utf8 */ ;
/*!50003 SET character_set_results = utf8 */ ;
/*!50003 SET collation_connection  = utf8_general_ci */ ;
/*!50003 SET @saved_sql_mode       = @@sql_mode */ ;
/*!50003 SET sql_mode              = 'STRICT_TRANS_TABLES,NO_AUTO_CREATE_USER,NO_ENGINE_SUBSTITUTION' */ ;
DELIMITER ;;
CREATE DEFINER=`root`@`localhost` PROCEDURE `pMasterPropertyValueListUpdate`(
in MASTERPROPERTYVALUELISTId bigint,
in `MASTERPROPERYTOVALUELIST` BIGINT (20),

in `DISPLAY` NVARCHAR(40)
,in `NAME` NVARCHAR(40)
,in `CODE` NVARCHAR(10)

,in UPDATEDBY varchar(30)
)
BEGIN

UPDATE MASTERPROPERTYVALUELIST SET
 
MASTERPROPERTYVALUELIST.`MASTERPROPERYTOVALUELIST` = `MASTERPROPERYTOVALUELIST`,
 
MASTERPROPERTYVALUELIST.`DISPLAY` = `DISPLAY`
,MASTERPROPERTYVALUELIST.`NAME` = `NAME`
,MASTERPROPERTYVALUELIST.`CODE` = `CODE`
,
MASTERPROPERTYVALUELIST.VERSION = CURRENT_TIMESTAMP,
MASTERPROPERTYVALUELIST.UPDATEDBY = UPDATEDBY, 
MASTERPROPERTYVALUELIST.UPDATEDON = Now()
WHERE MASTERPROPERTYVALUELIST.MASTERPROPERTYVALUELISTID =  MASTERPROPERTYVALUELISTId;
END ;;
DELIMITER ;
/*!50003 SET sql_mode              = @saved_sql_mode */ ;
/*!50003 SET character_set_client  = @saved_cs_client */ ;
/*!50003 SET character_set_results = @saved_cs_results */ ;
/*!50003 SET collation_connection  = @saved_col_connection */ ;
/*!50003 DROP PROCEDURE IF EXISTS `pModelDelete` */;
/*!50003 SET @saved_cs_client      = @@character_set_client */ ;
/*!50003 SET @saved_cs_results     = @@character_set_results */ ;
/*!50003 SET @saved_col_connection = @@collation_connection */ ;
/*!50003 SET character_set_client  = utf8 */ ;
/*!50003 SET character_set_results = utf8 */ ;
/*!50003 SET collation_connection  = utf8_general_ci */ ;
/*!50003 SET @saved_sql_mode       = @@sql_mode */ ;
/*!50003 SET sql_mode              = 'STRICT_TRANS_TABLES,NO_AUTO_CREATE_USER,NO_ENGINE_SUBSTITUTION' */ ;
DELIMITER ;;
CREATE DEFINER=`root`@`localhost` PROCEDURE `pModelDelete`(in ModelId BIGINT)
BEGIN
DELETE FROM Model WHERE model.ModelId = modelId;
END ;;
DELIMITER ;
/*!50003 SET sql_mode              = @saved_sql_mode */ ;
/*!50003 SET character_set_client  = @saved_cs_client */ ;
/*!50003 SET character_set_results = @saved_cs_results */ ;
/*!50003 SET collation_connection  = @saved_col_connection */ ;
/*!50003 DROP PROCEDURE IF EXISTS `pModelInsert` */;
/*!50003 SET @saved_cs_client      = @@character_set_client */ ;
/*!50003 SET @saved_cs_results     = @@character_set_results */ ;
/*!50003 SET @saved_col_connection = @@collation_connection */ ;
/*!50003 SET character_set_client  = utf8 */ ;
/*!50003 SET character_set_results = utf8 */ ;
/*!50003 SET collation_connection  = utf8_general_ci */ ;
/*!50003 SET @saved_sql_mode       = @@sql_mode */ ;
/*!50003 SET sql_mode              = 'STRICT_TRANS_TABLES,NO_AUTO_CREATE_USER,NO_ENGINE_SUBSTITUTION' */ ;
DELIMITER ;;
CREATE DEFINER=`root`@`localhost` PROCEDURE `pModelInsert`(in ModelId bigint, in `Name` varchar(40), in CreatedBy varchar(30))
BEGIN

/*
	DECLARE modelId bigint DEFAULT 0;
	CALL pGenerateSequentialKey('MODEL_GEN', modelId) ;
*/
	INSERT INTO Model (MODELID, `NAME`, VERSION, CREATEDBY, UPDATEDBY, CREATEDON, UPDATEDON)
	VALUES (ModelId, `Name`, NOW(), CreatedBy, CreatedBy, NOW(), NOW());
END ;;
DELIMITER ;
/*!50003 SET sql_mode              = @saved_sql_mode */ ;
/*!50003 SET character_set_client  = @saved_cs_client */ ;
/*!50003 SET character_set_results = @saved_cs_results */ ;
/*!50003 SET collation_connection  = @saved_col_connection */ ;
/*!50003 DROP PROCEDURE IF EXISTS `pModelUpdate` */;
/*!50003 SET @saved_cs_client      = @@character_set_client */ ;
/*!50003 SET @saved_cs_results     = @@character_set_results */ ;
/*!50003 SET @saved_col_connection = @@collation_connection */ ;
/*!50003 SET character_set_client  = utf8 */ ;
/*!50003 SET character_set_results = utf8 */ ;
/*!50003 SET collation_connection  = utf8_general_ci */ ;
/*!50003 SET @saved_sql_mode       = @@sql_mode */ ;
/*!50003 SET sql_mode              = 'STRICT_TRANS_TABLES,NO_AUTO_CREATE_USER,NO_ENGINE_SUBSTITUTION' */ ;
DELIMITER ;;
CREATE DEFINER=`root`@`localhost` PROCEDURE `pModelUpdate`(in ModelId BIGINT, in `Name` varchar(40), in UpdatedBy varchar(30))
BEGIN
	UPDATE Model SET model.Name = `Name`, model.UpdatedBy = UpdatedBy, model.UpdatedOn = Now()
	WHERE model.ModelId = ModelId;
END ;;
DELIMITER ;
/*!50003 SET sql_mode              = @saved_sql_mode */ ;
/*!50003 SET character_set_client  = @saved_cs_client */ ;
/*!50003 SET character_set_results = @saved_cs_results */ ;
/*!50003 SET collation_connection  = @saved_col_connection */ ;
/*!50003 DROP PROCEDURE IF EXISTS `pPropertyGroupDelete` */;
/*!50003 SET @saved_cs_client      = @@character_set_client */ ;
/*!50003 SET @saved_cs_results     = @@character_set_results */ ;
/*!50003 SET @saved_col_connection = @@collation_connection */ ;
/*!50003 SET character_set_client  = utf8 */ ;
/*!50003 SET character_set_results = utf8 */ ;
/*!50003 SET collation_connection  = utf8_general_ci */ ;
/*!50003 SET @saved_sql_mode       = @@sql_mode */ ;
/*!50003 SET sql_mode              = 'STRICT_TRANS_TABLES,NO_AUTO_CREATE_USER,NO_ENGINE_SUBSTITUTION' */ ;
DELIMITER ;;
CREATE DEFINER=`root`@`localhost` PROCEDURE `pPropertyGroupDelete`(
in PROPERTYGROUPId bigint
)
BEGIN
	DELETE FROM PROPERTYGROUP where PROPERTYGROUP.PROPERTYGROUPId = PROPERTYGROUPId;
END ;;
DELIMITER ;
/*!50003 SET sql_mode              = @saved_sql_mode */ ;
/*!50003 SET character_set_client  = @saved_cs_client */ ;
/*!50003 SET character_set_results = @saved_cs_results */ ;
/*!50003 SET collation_connection  = @saved_col_connection */ ;
/*!50003 DROP PROCEDURE IF EXISTS `pPropertyGroupInsert` */;
/*!50003 SET @saved_cs_client      = @@character_set_client */ ;
/*!50003 SET @saved_cs_results     = @@character_set_results */ ;
/*!50003 SET @saved_col_connection = @@collation_connection */ ;
/*!50003 SET character_set_client  = utf8 */ ;
/*!50003 SET character_set_results = utf8 */ ;
/*!50003 SET collation_connection  = utf8_general_ci */ ;
/*!50003 SET @saved_sql_mode       = @@sql_mode */ ;
/*!50003 SET sql_mode              = 'STRICT_TRANS_TABLES,NO_AUTO_CREATE_USER,NO_ENGINE_SUBSTITUTION' */ ;
DELIMITER ;;
CREATE DEFINER=`root`@`localhost` PROCEDURE `pPropertyGroupInsert`(
in `NAME` NVARCHAR(40)

,in CREATEDBY varchar(30)
)
BEGIN
DECLARE PROPERTYGROUPID bigint DEFAULT 0;
CALL pGenerateSequentialKey('PROPERTYGROUP_GEN', PROPERTYGROUPID);
INSERT INTO PROPERTYGROUP (PROPERTYGROUPID,   `NAME` ,VERSION, CREATEDBY, UPDATEDBY, CREATEDON, UPDATEDON)
VALUES (PROPERTYGROUPID,   `NAME` ,CURRENT_TIMESTAMP, CREATEDBY, CREATEDBY, NOW(), NOW());
END ;;
DELIMITER ;
/*!50003 SET sql_mode              = @saved_sql_mode */ ;
/*!50003 SET character_set_client  = @saved_cs_client */ ;
/*!50003 SET character_set_results = @saved_cs_results */ ;
/*!50003 SET collation_connection  = @saved_col_connection */ ;
/*!50003 DROP PROCEDURE IF EXISTS `pPropertyGroupUpdate` */;
/*!50003 SET @saved_cs_client      = @@character_set_client */ ;
/*!50003 SET @saved_cs_results     = @@character_set_results */ ;
/*!50003 SET @saved_col_connection = @@collation_connection */ ;
/*!50003 SET character_set_client  = utf8 */ ;
/*!50003 SET character_set_results = utf8 */ ;
/*!50003 SET collation_connection  = utf8_general_ci */ ;
/*!50003 SET @saved_sql_mode       = @@sql_mode */ ;
/*!50003 SET sql_mode              = 'STRICT_TRANS_TABLES,NO_AUTO_CREATE_USER,NO_ENGINE_SUBSTITUTION' */ ;
DELIMITER ;;
CREATE DEFINER=`root`@`localhost` PROCEDURE `pPropertyGroupUpdate`(
in PROPERTYGROUPId bigint,
in `NAME` NVARCHAR(40)

,in UPDATEDBY varchar(30)
)
BEGIN

UPDATE PROPERTYGROUP SET
 
 
PROPERTYGROUP.`NAME` = `NAME`
,
PROPERTYGROUP.VERSION = CURRENT_TIMESTAMP,
PROPERTYGROUP.UPDATEDBY = UPDATEDBY, 
PROPERTYGROUP.UPDATEDON = Now()
WHERE PROPERTYGROUP.PROPERTYGROUPID =  PROPERTYGROUPId;
END ;;
DELIMITER ;
/*!50003 SET sql_mode              = @saved_sql_mode */ ;
/*!50003 SET character_set_client  = @saved_cs_client */ ;
/*!50003 SET character_set_results = @saved_cs_results */ ;
/*!50003 SET collation_connection  = @saved_col_connection */ ;
/*!50003 DROP PROCEDURE IF EXISTS `pPropertyTypeDelete` */;
/*!50003 SET @saved_cs_client      = @@character_set_client */ ;
/*!50003 SET @saved_cs_results     = @@character_set_results */ ;
/*!50003 SET @saved_col_connection = @@collation_connection */ ;
/*!50003 SET character_set_client  = utf8 */ ;
/*!50003 SET character_set_results = utf8 */ ;
/*!50003 SET collation_connection  = utf8_general_ci */ ;
/*!50003 SET @saved_sql_mode       = @@sql_mode */ ;
/*!50003 SET sql_mode              = 'STRICT_TRANS_TABLES,NO_AUTO_CREATE_USER,NO_ENGINE_SUBSTITUTION' */ ;
DELIMITER ;;
CREATE DEFINER=`root`@`localhost` PROCEDURE `pPropertyTypeDelete`(
in PROPERTYTYPEId bigint
)
BEGIN
	DELETE FROM PROPERTYTYPE where PROPERTYTYPE.PROPERTYTYPEId = PROPERTYTYPEId;
END ;;
DELIMITER ;
/*!50003 SET sql_mode              = @saved_sql_mode */ ;
/*!50003 SET character_set_client  = @saved_cs_client */ ;
/*!50003 SET character_set_results = @saved_cs_results */ ;
/*!50003 SET collation_connection  = @saved_col_connection */ ;
/*!50003 DROP PROCEDURE IF EXISTS `pPropertyTypeInsert` */;
/*!50003 SET @saved_cs_client      = @@character_set_client */ ;
/*!50003 SET @saved_cs_results     = @@character_set_results */ ;
/*!50003 SET @saved_col_connection = @@collation_connection */ ;
/*!50003 SET character_set_client  = utf8 */ ;
/*!50003 SET character_set_results = utf8 */ ;
/*!50003 SET collation_connection  = utf8_general_ci */ ;
/*!50003 SET @saved_sql_mode       = @@sql_mode */ ;
/*!50003 SET sql_mode              = 'STRICT_TRANS_TABLES,NO_AUTO_CREATE_USER,NO_ENGINE_SUBSTITUTION' */ ;
DELIMITER ;;
CREATE DEFINER=`root`@`localhost` PROCEDURE `pPropertyTypeInsert`(
in `NAME` NVARCHAR(40)
,in `DISPLAYCONTROL` INT
,in `NOTES` NVARCHAR(256)

,in CREATEDBY varchar(30)
)
BEGIN
DECLARE PROPERTYTYPEID bigint DEFAULT 0;
CALL pGenerateSequentialKey('PROPERTYTYPE_GEN', PROPERTYTYPEID);
INSERT INTO PROPERTYTYPE (PROPERTYTYPEID,   `NAME`,`DISPLAYCONTROL`,`NOTES` ,VERSION, CREATEDBY, UPDATEDBY, CREATEDON, UPDATEDON)
VALUES (PROPERTYTYPEID,   `NAME`,`DISPLAYCONTROL`,`NOTES` ,CURRENT_TIMESTAMP, CREATEDBY, CREATEDBY, NOW(), NOW());
END ;;
DELIMITER ;
/*!50003 SET sql_mode              = @saved_sql_mode */ ;
/*!50003 SET character_set_client  = @saved_cs_client */ ;
/*!50003 SET character_set_results = @saved_cs_results */ ;
/*!50003 SET collation_connection  = @saved_col_connection */ ;
/*!50003 DROP PROCEDURE IF EXISTS `pPropertyTypeUpdate` */;
/*!50003 SET @saved_cs_client      = @@character_set_client */ ;
/*!50003 SET @saved_cs_results     = @@character_set_results */ ;
/*!50003 SET @saved_col_connection = @@collation_connection */ ;
/*!50003 SET character_set_client  = utf8 */ ;
/*!50003 SET character_set_results = utf8 */ ;
/*!50003 SET collation_connection  = utf8_general_ci */ ;
/*!50003 SET @saved_sql_mode       = @@sql_mode */ ;
/*!50003 SET sql_mode              = 'STRICT_TRANS_TABLES,NO_AUTO_CREATE_USER,NO_ENGINE_SUBSTITUTION' */ ;
DELIMITER ;;
CREATE DEFINER=`root`@`localhost` PROCEDURE `pPropertyTypeUpdate`(
in PROPERTYTYPEId bigint,
in `NAME` NVARCHAR(40)
,in `DISPLAYCONTROL` INT
,in `NOTES` NVARCHAR(256)

,in UPDATEDBY varchar(30)
)
BEGIN

UPDATE PROPERTYTYPE SET
 
 
PROPERTYTYPE.`NAME` = `NAME`
,PROPERTYTYPE.`DISPLAYCONTROL` = `DISPLAYCONTROL`
,PROPERTYTYPE.`NOTES` = `NOTES`
,
PROPERTYTYPE.VERSION = CURRENT_TIMESTAMP,
PROPERTYTYPE.UPDATEDBY = UPDATEDBY, 
PROPERTYTYPE.UPDATEDON = Now()
WHERE PROPERTYTYPE.PROPERTYTYPEID =  PROPERTYTYPEId;
END ;;
DELIMITER ;
/*!50003 SET sql_mode              = @saved_sql_mode */ ;
/*!50003 SET character_set_client  = @saved_cs_client */ ;
/*!50003 SET character_set_results = @saved_cs_results */ ;
/*!50003 SET collation_connection  = @saved_col_connection */ ;
/*!50003 DROP PROCEDURE IF EXISTS `pRelationDelete` */;
/*!50003 SET @saved_cs_client      = @@character_set_client */ ;
/*!50003 SET @saved_cs_results     = @@character_set_results */ ;
/*!50003 SET @saved_col_connection = @@collation_connection */ ;
/*!50003 SET character_set_client  = utf8 */ ;
/*!50003 SET character_set_results = utf8 */ ;
/*!50003 SET collation_connection  = utf8_general_ci */ ;
/*!50003 SET @saved_sql_mode       = @@sql_mode */ ;
/*!50003 SET sql_mode              = 'STRICT_TRANS_TABLES,NO_AUTO_CREATE_USER,NO_ENGINE_SUBSTITUTION' */ ;
DELIMITER ;;
CREATE DEFINER=`root`@`localhost` PROCEDURE `pRelationDelete`(in RelationId BIGINT)
BEGIN
	DELETE FROM relation where relation.RelationId = RelationId;
END ;;
DELIMITER ;
/*!50003 SET sql_mode              = @saved_sql_mode */ ;
/*!50003 SET character_set_client  = @saved_cs_client */ ;
/*!50003 SET character_set_results = @saved_cs_results */ ;
/*!50003 SET collation_connection  = @saved_col_connection */ ;
/*!50003 DROP PROCEDURE IF EXISTS `pRelationInsert` */;
/*!50003 SET @saved_cs_client      = @@character_set_client */ ;
/*!50003 SET @saved_cs_results     = @@character_set_results */ ;
/*!50003 SET @saved_col_connection = @@collation_connection */ ;
/*!50003 SET character_set_client  = utf8 */ ;
/*!50003 SET character_set_results = utf8 */ ;
/*!50003 SET collation_connection  = utf8_general_ci */ ;
/*!50003 SET @saved_sql_mode       = @@sql_mode */ ;
/*!50003 SET sql_mode              = 'STRICT_TRANS_TABLES,NO_AUTO_CREATE_USER,NO_ENGINE_SUBSTITUTION' */ ;
DELIMITER ;;
CREATE DEFINER=`root`@`localhost` PROCEDURE `pRelationInsert`(
in RelationId bigint,
in ModelRelation BIGINT,
in `Name` varchar(30),
in LastModified BIGINT,
in LastBuilt BIGINT,
in Frozen BIT,
in CreatedBy varchar(30)
)
BEGIN
/*
DECLARE relationId bigint DEFAULT 0;

CALL pGenerateSequentialKey('RELATION_GEN', relationId) ;*/

INSERT INTO Relation (RelationId, ModelRelation, `Name`, LastModified, LastBuilt, Frozen, Version, CreatedBy, UpdatedBy, CreatedOn, UpdatedOn)
VALUES (relationId, ModelRelation, `Name`, LastModified, LastBuilt, Frozen, Now(), CreatedBy, CreatedBy, Now(), Now());

END ;;
DELIMITER ;
/*!50003 SET sql_mode              = @saved_sql_mode */ ;
/*!50003 SET character_set_client  = @saved_cs_client */ ;
/*!50003 SET character_set_results = @saved_cs_results */ ;
/*!50003 SET collation_connection  = @saved_col_connection */ ;
/*!50003 DROP PROCEDURE IF EXISTS `pRelationUpdate` */;
/*!50003 SET @saved_cs_client      = @@character_set_client */ ;
/*!50003 SET @saved_cs_results     = @@character_set_results */ ;
/*!50003 SET @saved_col_connection = @@collation_connection */ ;
/*!50003 SET character_set_client  = utf8 */ ;
/*!50003 SET character_set_results = utf8 */ ;
/*!50003 SET collation_connection  = utf8_general_ci */ ;
/*!50003 SET @saved_sql_mode       = @@sql_mode */ ;
/*!50003 SET sql_mode              = 'STRICT_TRANS_TABLES,NO_AUTO_CREATE_USER,NO_ENGINE_SUBSTITUTION' */ ;
DELIMITER ;;
CREATE DEFINER=`root`@`localhost` PROCEDURE `pRelationUpdate`(
in RelationId BIGINT,
in ModelRelation BIGINT,
in `Name` varchar(30),
in LastModified BIGINT,
in LastBuilt BIGINT,
in Frozen BIT,
in UpdatedBy varchar(30)
)
BEGIN
	UPDATE Relation 
	SET Relation.ModelRelation = ModelRelation,
	Relation.Name = `Name`,
	Relation.LastModified = LastModified,
	Relation.LastBuilt = LastBuilt,
	Relation.Frozen = Frozen,
	Relation.UpdatedBy = UpdatedBy,
	Relation.UpdatedOn = Now()
	WHERE Relation.RelationId = RelationId;
END ;;
DELIMITER ;
/*!50003 SET sql_mode              = @saved_sql_mode */ ;
/*!50003 SET character_set_client  = @saved_cs_client */ ;
/*!50003 SET character_set_results = @saved_cs_results */ ;
/*!50003 SET collation_connection  = @saved_col_connection */ ;
/*!50003 DROP PROCEDURE IF EXISTS `pScreenChildCreateArtifacts` */;
/*!50003 SET @saved_cs_client      = @@character_set_client */ ;
/*!50003 SET @saved_cs_results     = @@character_set_results */ ;
/*!50003 SET @saved_col_connection = @@collation_connection */ ;
/*!50003 SET character_set_client  = utf8 */ ;
/*!50003 SET character_set_results = utf8 */ ;
/*!50003 SET collation_connection  = utf8_general_ci */ ;
/*!50003 SET @saved_sql_mode       = @@sql_mode */ ;
/*!50003 SET sql_mode              = 'STRICT_TRANS_TABLES,NO_AUTO_CREATE_USER,NO_ENGINE_SUBSTITUTION' */ ;
DELIMITER ;;
CREATE DEFINER=`root`@`localhost` PROCEDURE `pScreenChildCreateArtifacts`(
	in ScreenChildId bigint,
	in CREATEDBY varchar(30)
)
BEGIN

/*
DECLARE screenArtifactId bigint DEFAULT 0;
CALL pGenerateSequentialKey('SCREENARTIFACT_GEN', screenArtifactId);
*/

insert into ScreenArtifact (SCREENARTIFACTID, ARTIFACTTOATTRIBUTE, CHILDTOARTIFACT, `NAME`, VERSION, CREATEDBY, UPDATEDBY, CREATEDON, UPDATEDON)
select  fGenerateSequentialKey('SCREENARTIFACT_GEN'), a.attributeId,  ScreenChildId, a.Name, CURRENT_TIMESTAMP, CREATEDBY, CREATEDBY, NOW(), NOW()
from screenchild c 
inner join association r on r.ASSOCIATIONID = c.SCREENCHILDTOASSOCIATION
inner join attribute a on r.OWNED = a.RELATIONATTRIBUTE
 where c.ScreenChildId = ScreenChildId 
and a.ATTRIBUTEID not in (
select s.ARTIFACTTOATTRIBUTE from screenartifact s where s.CHILDTOARTIFACT = ScreenChildId
);
END ;;
DELIMITER ;
/*!50003 SET sql_mode              = @saved_sql_mode */ ;
/*!50003 SET character_set_client  = @saved_cs_client */ ;
/*!50003 SET character_set_results = @saved_cs_results */ ;
/*!50003 SET collation_connection  = @saved_col_connection */ ;
/*!50003 DROP PROCEDURE IF EXISTS `pScreenChildDelete` */;
/*!50003 SET @saved_cs_client      = @@character_set_client */ ;
/*!50003 SET @saved_cs_results     = @@character_set_results */ ;
/*!50003 SET @saved_col_connection = @@collation_connection */ ;
/*!50003 SET character_set_client  = utf8 */ ;
/*!50003 SET character_set_results = utf8 */ ;
/*!50003 SET collation_connection  = utf8_general_ci */ ;
/*!50003 SET @saved_sql_mode       = @@sql_mode */ ;
/*!50003 SET sql_mode              = 'STRICT_TRANS_TABLES,NO_AUTO_CREATE_USER,NO_ENGINE_SUBSTITUTION' */ ;
DELIMITER ;;
CREATE DEFINER=`root`@`localhost` PROCEDURE `pScreenChildDelete`(
 in SCREENCHILDID bigint
)
BEGIN

DELETE FROM SCREENCHILD WHERE SCREENCHILD.SCREENCHILDID = SCREENCHILDID;

END ;;
DELIMITER ;
/*!50003 SET sql_mode              = @saved_sql_mode */ ;
/*!50003 SET character_set_client  = @saved_cs_client */ ;
/*!50003 SET character_set_results = @saved_cs_results */ ;
/*!50003 SET collation_connection  = @saved_col_connection */ ;
/*!50003 DROP PROCEDURE IF EXISTS `pScreenChildInsert` */;
/*!50003 SET @saved_cs_client      = @@character_set_client */ ;
/*!50003 SET @saved_cs_results     = @@character_set_results */ ;
/*!50003 SET @saved_col_connection = @@collation_connection */ ;
/*!50003 SET character_set_client  = utf8 */ ;
/*!50003 SET character_set_results = utf8 */ ;
/*!50003 SET collation_connection  = utf8_general_ci */ ;
/*!50003 SET @saved_sql_mode       = @@sql_mode */ ;
/*!50003 SET sql_mode              = 'STRICT_TRANS_TABLES,NO_AUTO_CREATE_USER,NO_ENGINE_SUBSTITUTION' */ ;
DELIMITER ;;
CREATE DEFINER=`root`@`localhost` PROCEDURE `pScreenChildInsert`(
	in SCREENCHILDTOASSOCIATION bigint,
	in SCREENFAMILYTOSCREENCHILD bigint,
	in SCREENCHILDTOSELF bigint,
	in `NAME` varchar(40),
	in CREATEDBY varchar(30)
)
BEGIN

DECLARE screenChildId bigint DEFAULT 0;


	CALL pGenerateSequentialKey('SCREENCHILD_GEN', screenChildId);

	INSERT INTO ScreenChild (SCREENCHILDID, SCREENCHILDTOASSOCIATION, SCREENFAMILYTOSCREENCHILD, SCREENCHILDTOSELF, `NAME`, VERSION, CREATEDBY, UPDATEDBY, CREATEDON, UPDATEDON)
	VALUES (screenChildId, SCREENCHILDTOASSOCIATION, SCREENFAMILYTOSCREENCHILD, SCREENCHILDTOSELF, `NAME`, CURRENT_TIMESTAMP, CreatedBy, CreatedBy, NOW(), NOW());

	select screenChildId as ScreenChildId;

END ;;
DELIMITER ;
/*!50003 SET sql_mode              = @saved_sql_mode */ ;
/*!50003 SET character_set_client  = @saved_cs_client */ ;
/*!50003 SET character_set_results = @saved_cs_results */ ;
/*!50003 SET collation_connection  = @saved_col_connection */ ;
/*!50003 DROP PROCEDURE IF EXISTS `pScreenChildUpdate` */;
/*!50003 SET @saved_cs_client      = @@character_set_client */ ;
/*!50003 SET @saved_cs_results     = @@character_set_results */ ;
/*!50003 SET @saved_col_connection = @@collation_connection */ ;
/*!50003 SET character_set_client  = utf8 */ ;
/*!50003 SET character_set_results = utf8 */ ;
/*!50003 SET collation_connection  = utf8_general_ci */ ;
/*!50003 SET @saved_sql_mode       = @@sql_mode */ ;
/*!50003 SET sql_mode              = 'STRICT_TRANS_TABLES,NO_AUTO_CREATE_USER,NO_ENGINE_SUBSTITUTION' */ ;
DELIMITER ;;
CREATE DEFINER=`root`@`localhost` PROCEDURE `pScreenChildUpdate`(
	in SCREENCHILDID bigint,
	in SCREENCHILDTOASSOCIATION bigint,
	in SCREENFAMILYTOSCREENCHILD bigint,
	in SCREENCHILDTOSELF bigint,
	in `NAME` varchar(40),
	in UPDATEDBY varchar(30)
)
BEGIN
UPDATE SCREENCHILD
SET
SCREENCHILD.SCREENCHILDTOASSOCIATION = SCREENCHILDTOASSOCIATION,
SCREENCHILD.SCREENFAMILYTOSCREENCHILD = SCREENFAMILYTOSCREENCHILD,
SCREENCHILD.SCREENCHILDTOSELF = SCREENCHILDTOSELF,
SCREENCHILD.`NAME` = `Name`,
SCREENCHILD.`VERSION` = CURRENT_TIMESTAMP,
SCREENCHILD.`UPDATEDBY` = UpdatedBy,
SCREENCHILD.`UPDATEDON` = Now()
WHERE SCREENCHILD.SCREENCHILDID = SCREENCHILDID;
END ;;
DELIMITER ;
/*!50003 SET sql_mode              = @saved_sql_mode */ ;
/*!50003 SET character_set_client  = @saved_cs_client */ ;
/*!50003 SET character_set_results = @saved_cs_results */ ;
/*!50003 SET collation_connection  = @saved_col_connection */ ;
/*!50003 DROP PROCEDURE IF EXISTS `pScreenFamilyCreateArtifacts` */;
/*!50003 SET @saved_cs_client      = @@character_set_client */ ;
/*!50003 SET @saved_cs_results     = @@character_set_results */ ;
/*!50003 SET @saved_col_connection = @@collation_connection */ ;
/*!50003 SET character_set_client  = utf8 */ ;
/*!50003 SET character_set_results = utf8 */ ;
/*!50003 SET collation_connection  = utf8_general_ci */ ;
/*!50003 SET @saved_sql_mode       = @@sql_mode */ ;
/*!50003 SET sql_mode              = 'STRICT_TRANS_TABLES,NO_AUTO_CREATE_USER,NO_ENGINE_SUBSTITUTION' */ ;
DELIMITER ;;
CREATE DEFINER=`root`@`localhost` PROCEDURE `pScreenFamilyCreateArtifacts`(
	in ScreenFamilyId bigint,
	in CREATEDBY varchar(30)
)
BEGIN

/*
DECLARE screenArtifactId bigint DEFAULT 0;
CALL pGenerateSequentialKey('SCREENARTIFACT_GEN', screenArtifactId);
*/

insert into ScreenArtifact (SCREENARTIFACTID, ARTIFACTTOATTRIBUTE, FAMILYTOARTIFACT, `NAME`, VERSION, CREATEDBY, UPDATEDBY, CREATEDON, UPDATEDON)
select  fGenerateSequentialKey('SCREENARTIFACT_GEN'), a.attributeId,  ScreenFamilyId, a.Name, CURRENT_TIMESTAMP, CREATEDBY, CREATEDBY, NOW(), NOW()
from screenfamily f 
inner join relation r on r.RELATIONID = f.SCREENFAMILYTORELATION
inner join attribute a on r.RELATIONID = a.RELATIONATTRIBUTE
 where f.SCREENFAMILYID = ScreenFamilyId 
and a.ATTRIBUTEID not in (
select s.ARTIFACTTOATTRIBUTE from screenartifact s where s.FAMILYTOARTIFACT = ScreenFamilyId
);

END ;;
DELIMITER ;
/*!50003 SET sql_mode              = @saved_sql_mode */ ;
/*!50003 SET character_set_client  = @saved_cs_client */ ;
/*!50003 SET character_set_results = @saved_cs_results */ ;
/*!50003 SET collation_connection  = @saved_col_connection */ ;
/*!50003 DROP PROCEDURE IF EXISTS `pScreenFamilyDelete` */;
/*!50003 SET @saved_cs_client      = @@character_set_client */ ;
/*!50003 SET @saved_cs_results     = @@character_set_results */ ;
/*!50003 SET @saved_col_connection = @@collation_connection */ ;
/*!50003 SET character_set_client  = utf8 */ ;
/*!50003 SET character_set_results = utf8 */ ;
/*!50003 SET collation_connection  = utf8_general_ci */ ;
/*!50003 SET @saved_sql_mode       = @@sql_mode */ ;
/*!50003 SET sql_mode              = 'STRICT_TRANS_TABLES,NO_AUTO_CREATE_USER,NO_ENGINE_SUBSTITUTION' */ ;
DELIMITER ;;
CREATE DEFINER=`root`@`localhost` PROCEDURE `pScreenFamilyDelete`(
	in ScreenFamilyId bigint
)
BEGIN

DELETE FROM ScreenFamily WHERE ScreenFamily.ScreenFamilyId = ScreenFamilyId;

END ;;
DELIMITER ;
/*!50003 SET sql_mode              = @saved_sql_mode */ ;
/*!50003 SET character_set_client  = @saved_cs_client */ ;
/*!50003 SET character_set_results = @saved_cs_results */ ;
/*!50003 SET collation_connection  = @saved_col_connection */ ;
/*!50003 DROP PROCEDURE IF EXISTS `pScreenFamilyInsert` */;
/*!50003 SET @saved_cs_client      = @@character_set_client */ ;
/*!50003 SET @saved_cs_results     = @@character_set_results */ ;
/*!50003 SET @saved_col_connection = @@collation_connection */ ;
/*!50003 SET character_set_client  = utf8 */ ;
/*!50003 SET character_set_results = utf8 */ ;
/*!50003 SET collation_connection  = utf8_general_ci */ ;
/*!50003 SET @saved_sql_mode       = @@sql_mode */ ;
/*!50003 SET sql_mode              = 'STRICT_TRANS_TABLES,NO_AUTO_CREATE_USER,NO_ENGINE_SUBSTITUTION' */ ;
DELIMITER ;;
CREATE DEFINER=`root`@`localhost` PROCEDURE `pScreenFamilyInsert`(
in screenFamilyId bigint,
in ScreenFamilyToRelation bigint,
in ModelToScreenFamily bigint,
in Name varchar(40),
in CreatedBy varchar(30) 
)
BEGIN
/*
DECLARE screenFamilyId bigint DEFAULT 0;
CALL pGenerateSequentialKey('SCREENFAMILY_GEN', screenFamilyId);
*/

INSERT INTO ScreenFamily (screenFamilyId, ScreenFamilyToRelation, ModelToScreenFamily, Name, VERSION, CREATEDBY, UPDATEDBY, CREATEDON, UPDATEDON)
VALUES (screenFamilyId,  ScreenFamilyToRelation, ModelToScreenFamily, Name, CURRENT_TIMESTAMP, CreatedBy, CreatedBy, NOW(), NOW());

END ;;
DELIMITER ;
/*!50003 SET sql_mode              = @saved_sql_mode */ ;
/*!50003 SET character_set_client  = @saved_cs_client */ ;
/*!50003 SET character_set_results = @saved_cs_results */ ;
/*!50003 SET collation_connection  = @saved_col_connection */ ;
/*!50003 DROP PROCEDURE IF EXISTS `pScreenFamilyUpdate` */;
/*!50003 SET @saved_cs_client      = @@character_set_client */ ;
/*!50003 SET @saved_cs_results     = @@character_set_results */ ;
/*!50003 SET @saved_col_connection = @@collation_connection */ ;
/*!50003 SET character_set_client  = utf8 */ ;
/*!50003 SET character_set_results = utf8 */ ;
/*!50003 SET collation_connection  = utf8_general_ci */ ;
/*!50003 SET @saved_sql_mode       = @@sql_mode */ ;
/*!50003 SET sql_mode              = 'STRICT_TRANS_TABLES,NO_AUTO_CREATE_USER,NO_ENGINE_SUBSTITUTION' */ ;
DELIMITER ;;
CREATE DEFINER=`root`@`localhost` PROCEDURE `pScreenFamilyUpdate`(
	in ScreenFamilyId bigint,
	in ScreenFamilyToRelation bigint,
	in ModelToScreenFamily bigint,
	in `Name` varchar (40),
	in UpdatedBy varchar(30)
)
BEGIN

	UPDATE ScreenFamily 
	SET 
	ScreenFamily.Name = `Name`,
	ScreenFamily.ScreenFamilyToRelation = ScreenFamilyToRelation,
	ScreenFamily.ModelToScreenFamily = ModelToScreenFamily,
	ScreenFamily.UpdatedBy = UpdatedBy,
	ScreenFamily.UpdatedOn = Now()
	WHERE ScreenFamily.ScreenFamilyId = ScreenFamilyId;

END ;;
DELIMITER ;
/*!50003 SET sql_mode              = @saved_sql_mode */ ;
/*!50003 SET character_set_client  = @saved_cs_client */ ;
/*!50003 SET character_set_results = @saved_cs_results */ ;
/*!50003 SET collation_connection  = @saved_col_connection */ ;
/*!50003 DROP PROCEDURE IF EXISTS `pScreenPropertyValueDelete` */;
/*!50003 SET @saved_cs_client      = @@character_set_client */ ;
/*!50003 SET @saved_cs_results     = @@character_set_results */ ;
/*!50003 SET @saved_col_connection = @@collation_connection */ ;
/*!50003 SET character_set_client  = utf8 */ ;
/*!50003 SET character_set_results = utf8 */ ;
/*!50003 SET collation_connection  = utf8_general_ci */ ;
/*!50003 SET @saved_sql_mode       = @@sql_mode */ ;
/*!50003 SET sql_mode              = 'STRICT_TRANS_TABLES,NO_AUTO_CREATE_USER,NO_ENGINE_SUBSTITUTION' */ ;
DELIMITER ;;
CREATE DEFINER=`root`@`localhost` PROCEDURE `pScreenPropertyValueDelete`(
in ScreenPropertyValueId bigint
)
BEGIN

DELETE FROM ScreenPropertyValue where ScreenPropertyValue.ScreenPropertyValueId = ScreenPropertyValueId;

END ;;
DELIMITER ;
/*!50003 SET sql_mode              = @saved_sql_mode */ ;
/*!50003 SET character_set_client  = @saved_cs_client */ ;
/*!50003 SET character_set_results = @saved_cs_results */ ;
/*!50003 SET collation_connection  = @saved_col_connection */ ;
/*!50003 DROP PROCEDURE IF EXISTS `pScreenPropertyValueInsert` */;
/*!50003 SET @saved_cs_client      = @@character_set_client */ ;
/*!50003 SET @saved_cs_results     = @@character_set_results */ ;
/*!50003 SET @saved_col_connection = @@collation_connection */ ;
/*!50003 SET character_set_client  = utf8 */ ;
/*!50003 SET character_set_results = utf8 */ ;
/*!50003 SET collation_connection  = utf8_general_ci */ ;
/*!50003 SET @saved_sql_mode       = @@sql_mode */ ;
/*!50003 SET sql_mode              = 'STRICT_TRANS_TABLES,NO_AUTO_CREATE_USER,NO_ENGINE_SUBSTITUTION' */ ;
DELIMITER ;;
CREATE DEFINER=`root`@`localhost` PROCEDURE `pScreenPropertyValueInsert`(
in SCREENPROPVALUETOPROPERTY bigint,
in FAMILYTOSCREENPROPVALUE bigint,
in CHILDTOSCREENPROPVALUE bigint,
in PROPERTYVALUE varchar(2000),
in CREATEDBY varchar(30)
)
BEGIN

DECLARE screenPropertyValueId bigint DEFAULT 0;

CALL pGenerateSequentialKey('SCREENPROPERTYVALUE_GEN', screenPropertyValueId);

INSERT INTO ScreenPropertyValue (SCREENPROPERTYVALUEID, SCREENPROPVALUETOPROPERTY, FAMILYTOSCREENPROPVALUE, CHILDTOSCREENPROPVALUE, PROPERTYVALUE, VERSION, CREATEDBY, UPDATEDBY, CREATEDON, UPDATEDON)
VALUES (screenPropertyValueId, SCREENPROPVALUETOPROPERTY, FAMILYTOSCREENPROPVALUE, CHILDTOSCREENPROPVALUE, PROPERTYVALUE, CURRENT_TIMESTAMP, CreatedBy, CreatedBy, NOW(), NOW());


END ;;
DELIMITER ;
/*!50003 SET sql_mode              = @saved_sql_mode */ ;
/*!50003 SET character_set_client  = @saved_cs_client */ ;
/*!50003 SET character_set_results = @saved_cs_results */ ;
/*!50003 SET collation_connection  = @saved_col_connection */ ;
/*!50003 DROP PROCEDURE IF EXISTS `pScreenPropertyValueUpdate` */;
/*!50003 SET @saved_cs_client      = @@character_set_client */ ;
/*!50003 SET @saved_cs_results     = @@character_set_results */ ;
/*!50003 SET @saved_col_connection = @@collation_connection */ ;
/*!50003 SET character_set_client  = utf8 */ ;
/*!50003 SET character_set_results = utf8 */ ;
/*!50003 SET collation_connection  = utf8_general_ci */ ;
/*!50003 SET @saved_sql_mode       = @@sql_mode */ ;
/*!50003 SET sql_mode              = 'STRICT_TRANS_TABLES,NO_AUTO_CREATE_USER,NO_ENGINE_SUBSTITUTION' */ ;
DELIMITER ;;
CREATE DEFINER=`root`@`localhost` PROCEDURE `pScreenPropertyValueUpdate`(
in SCREENPROPERTYVALUEID bigint,
in SCREENPROPVALUETOPROPERTY bigint,
in FAMILYTOSCREENPROPVALUE bigint,
in CHILDTOSCREENPROPVALUE bigint,
in PROPERTYVALUE varchar(2000),
in UPDATEDBY varchar(30)
)
BEGIN
UPDATE SCREENPROPERTYVALUE
SET SCREENPROPERTYVALUE.SCREENPROPVALUETOPROPERTY = SCREENPROPVALUETOPROPERTY,
SCREENPROPERTYVALUE.FAMILYTOSCREENPROPVALUE = FAMILYTOSCREENPROPVALUE,
SCREENPROPERTYVALUE.CHILDTOSCREENPROPVALUE = CHILDTOSCREENPROPVALUE,
SCREENPROPERTYVALUE.PROPERTYVALUE = PROPERTYVALUE,
SCREENPROPERTYVALUE.UPDATEDBY = UPDATEDBY,
SCREENPROPERTYVALUE.UpdatedOn = Now()
WHERE SCREENPROPERTYVALUE.SCREENPROPERTYVALUEID = SCREENPROPERTYVALUEID;
END ;;
DELIMITER ;
/*!50003 SET sql_mode              = @saved_sql_mode */ ;
/*!50003 SET character_set_client  = @saved_cs_client */ ;
/*!50003 SET character_set_results = @saved_cs_results */ ;
/*!50003 SET collation_connection  = @saved_col_connection */ ;
/*!50003 DROP PROCEDURE IF EXISTS `pSelectFormProperties` */;
/*!50003 SET @saved_cs_client      = @@character_set_client */ ;
/*!50003 SET @saved_cs_results     = @@character_set_results */ ;
/*!50003 SET @saved_col_connection = @@collation_connection */ ;
/*!50003 SET character_set_client  = utf8 */ ;
/*!50003 SET character_set_results = utf8 */ ;
/*!50003 SET collation_connection  = utf8_general_ci */ ;
/*!50003 SET @saved_sql_mode       = @@sql_mode */ ;
/*!50003 SET sql_mode              = 'STRICT_TRANS_TABLES,NO_AUTO_CREATE_USER,NO_ENGINE_SUBSTITUTION' */ ;
DELIMITER ;;
CREATE DEFINER=`root`@`localhost` PROCEDURE `pSelectFormProperties`( in ScreenFamilyId bigint)
BEGIN

select m.masterpropertyid, m.name, m.defaultvalue, m.notes, ac.name as categoryname, 
pt.name as propertyTypeName, pt.displaycontrol, pt.notes as propertyTypeNotes,  g.name as groupName,
pv.screenpropertyvalueid, familytoscreenpropvalue, IFNULL(propertyvalue,m.defaultvalue) as propertyvalue
from masterproperty m 
inner join masterpropertytocategory c on m.masterpropertyid = c.masterpropertyid
inner join mastercategory ac on c.mastercategoryid = ac.mastercategoryid
inner join propertytype pt on pt.propertytypeid = m.masterpropertytotype
inner join propertygroup g on g.propertygroupid = m.masterpropertytogroup
left join screenpropertyvalue pv on screenpropvaluetoproperty = m.masterpropertyid
where ac.name = 'Screen' and (pv.familytoscreenpropvalue = ScreenFamilyId or (pv.familytoscreenpropvalue is null and pv.childtoscreenpropvalue is null));

END ;;
DELIMITER ;
/*!50003 SET sql_mode              = @saved_sql_mode */ ;
/*!50003 SET character_set_client  = @saved_cs_client */ ;
/*!50003 SET character_set_results = @saved_cs_results */ ;
/*!50003 SET collation_connection  = @saved_col_connection */ ;
/*!50003 DROP PROCEDURE IF EXISTS `pSelectSequentialKey` */;
/*!50003 SET @saved_cs_client      = @@character_set_client */ ;
/*!50003 SET @saved_cs_results     = @@character_set_results */ ;
/*!50003 SET @saved_col_connection = @@collation_connection */ ;
/*!50003 SET character_set_client  = utf8 */ ;
/*!50003 SET character_set_results = utf8 */ ;
/*!50003 SET collation_connection  = utf8_general_ci */ ;
/*!50003 SET @saved_sql_mode       = @@sql_mode */ ;
/*!50003 SET sql_mode              = 'STRICT_TRANS_TABLES,NO_AUTO_CREATE_USER,NO_ENGINE_SUBSTITUTION' */ ;
DELIMITER ;;
CREATE DEFINER=`root`@`localhost` PROCEDURE `pSelectSequentialKey`(IN sequenceName CHAR(50))
BEGIN

IF (SELECT 1 = 1 FROM id_gen WHERE SEQ_NAME = sequenceName) THEN
BEGIN
    UPDATE id_gen SET SEQ_VALUE = SEQ_VALUE + 1 WHERE SEQ_NAME =  sequenceName;
END;
ELSE
BEGIN
    INSERT INTO id_gen (SEQ_NAME, SEQ_VALUE) VALUES(sequenceName, 0);
END;
END IF;

SELECT SEQ_VALUE FROM id_gen WHERE SEQ_NAME =  sequenceName;
END ;;
DELIMITER ;
/*!50003 SET sql_mode              = @saved_sql_mode */ ;
/*!50003 SET character_set_client  = @saved_cs_client */ ;
/*!50003 SET character_set_results = @saved_cs_results */ ;
/*!50003 SET collation_connection  = @saved_col_connection */ ;
/*!40103 SET TIME_ZONE=@OLD_TIME_ZONE */;

/*!40101 SET SQL_MODE=@OLD_SQL_MODE */;
/*!40014 SET FOREIGN_KEY_CHECKS=@OLD_FOREIGN_KEY_CHECKS */;
/*!40014 SET UNIQUE_CHECKS=@OLD_UNIQUE_CHECKS */;
/*!40101 SET CHARACTER_SET_CLIENT=@OLD_CHARACTER_SET_CLIENT */;
/*!40101 SET CHARACTER_SET_RESULTS=@OLD_CHARACTER_SET_RESULTS */;
/*!40101 SET COLLATION_CONNECTION=@OLD_COLLATION_CONNECTION */;
/*!40111 SET SQL_NOTES=@OLD_SQL_NOTES */;

-- Dump completed on 2016-11-21 13:57:31
